{"type":"FeatureCollection","name":"POP_WASTE_TAN","crs":{"type":"name","properties":{"name":"urn:ogc:def:crs:OGC:1.3:CRS84"}},"features":[{"type":"Feature","properties":{"fid":1,"nama":"Sungai Pelek","pdk_thn":993,"luas_h":1414.77,"kpdt":1,"unj_2025":0,"unj_2030":0,"unj_2035":0,"e_blok":"1007D022","pop_share":0.003059291,"recy_annual_t":27.534},"geometry":{"type":"Polygon","coordinates":[[[101.70178,2.69128],[101.70376,2.68646],[101.70634,2.68015],[101.70726,2.68153],[101.70731,2.68162],[101.71003,2.68646],[101.71003,2.68646],[101.71026,2.68606],[101.71049,2.68562],[101.71065,2.68512],[101.71126,2.68315],[101.71331,2.67739],[101.71516,2.67251],[101.71433,2.6667],[101.72411,2.66135],[101.72789,2.66796],[101.73051,2.67277],[101.73113,2.67372],[101.73177,2.67436],[101.73265,2.67631],[101.73263,2.67696],[101.73268,2.67759],[101.73725,2.67569],[101.73598,2.67297],[101.73497,2.67102],[101.73399,2.66923],[101.73254,2.66645],[101.73201,2.66555],[101.73143,2.66466],[101.73051,2.66338],[101.72829,2.66042],[101.72817,2.6602],[101.72803,2.65987],[101.72803,2.65964],[101.72806,2.6593],[101.72809,2.65897],[101.72814,2.65849],[101.72833,2.65762],[101.72883,2.6577],[101.72925,2.65775],[101.72955,2.65776],[101.72993,2.65758],[101.73036,2.65733],[101.73077,2.65704],[101.73127,2.65654],[101.73187,2.65589],[101.73332,2.65424],[101.73465,2.65273],[101.73627,2.64943],[101.73656,2.64918],[101.73413,2.64816],[101.73136,2.64585],[101.728,2.64147],[101.72756,2.64102],[101.72701,2.64007],[101.72579,2.64161],[101.72425,2.64393],[101.72216,2.64715],[101.7224,2.64724],[101.72194,2.64783],[101.71943,2.65055],[101.71761,2.65263],[101.7187,2.65361],[101.71581,2.65658],[101.71534,2.65619],[101.71095,2.65235],[101.71068,2.65269],[101.70995,2.65217],[101.7098,2.6522],[101.70788,2.65066],[101.70684,2.65195],[101.70679,2.6521],[101.70456,2.65476],[101.70412,2.6548],[101.69795,2.66229],[101.69781,2.66246],[101.69552,2.66525],[101.69308,2.66822],[101.68736,2.67523],[101.68731,2.67528],[101.68726,2.67533],[101.68721,2.67537],[101.68715,2.67541],[101.68709,2.67544],[101.68703,2.67547],[101.68696,2.67549],[101.68691,2.6755],[101.68669,2.67552],[101.68719,2.67603],[101.68743,2.67628],[101.68966,2.67817],[101.69257,2.68045],[101.69217,2.68095],[101.69164,2.6816],[101.69161,2.68234],[101.69159,2.68273],[101.68813,2.68277],[101.6849,2.68277],[101.68488,2.68323],[101.68488,2.68324],[101.67929,2.68329],[101.67824,2.68329],[101.67824,2.6909],[101.67824,2.69128],[101.68067,2.69125],[101.68243,2.69124],[101.68325,2.69132],[101.6849,2.69132],[101.69175,2.69129],[101.70178,2.69128]]]}},{"type":"Feature","properties":{"fid":2,"nama":"Sungai Pelek","pdk_thn":1040,"luas_h":1092.24,"kpdt":1,"unj_2025":0,"unj_2030":0,"unj_2035":0,"e_blok":"1007D023","pop_share":0.003204091,"recy_annual_t":28.837},"geometry":{"type":"Polygon","coordinates":[[[101.66962,2.70388],[101.69175,2.69129],[101.6849,2.69132],[101.68325,2.69132],[101.68243,2.69124],[101.68067,2.69125],[101.67824,2.69128],[101.67824,2.6909],[101.67824,2.68543],[101.67824,2.68329],[101.67929,2.68329],[101.68488,2.68324],[101.6849,2.68277],[101.68813,2.68277],[101.69159,2.68273],[101.69161,2.68234],[101.69164,2.6816],[101.69217,2.68095],[101.69257,2.68045],[101.68966,2.67817],[101.68743,2.67628],[101.68669,2.67552],[101.6849,2.67551],[101.68487,2.67551],[101.68201,2.67562],[101.68087,2.67565],[101.67826,2.67564],[101.67826,2.67622],[101.67435,2.67608],[101.67432,2.67642],[101.67395,2.67641],[101.67092,2.67635],[101.67093,2.67596],[101.66527,2.67588],[101.66386,2.67586],[101.65363,2.67582],[101.65357,2.69829],[101.65338,2.70405],[101.65324,2.7132],[101.66962,2.70388]]]}},{"type":"Feature","properties":{"fid":3,"nama":"Sungai Pelek","pdk_thn":459,"luas_h":7777.7,"kpdt":0,"unj_2025":0,"unj_2030":0,"unj_2035":0,"e_blok":"1007D024","pop_share":0.001414113,"recy_annual_t":12.727},"geometry":{"type":"Polygon","coordinates":[[[101.64148,2.72],[101.65208,2.71385],[101.6531,2.71388],[101.6531,2.71333],[101.65324,2.7132],[101.65338,2.70405],[101.65357,2.69829],[101.65363,2.67582],[101.66386,2.67586],[101.66383,2.67206],[101.66383,2.66817],[101.66384,2.66288],[101.65981,2.66286],[101.65985,2.65502],[101.65987,2.65406],[101.65985,2.64961],[101.65984,2.64494],[101.65998,2.64411],[101.66202,2.64447],[101.66203,2.64365],[101.66359,2.64394],[101.66391,2.64236],[101.66521,2.64244],[101.6658,2.64198],[101.67214,2.63709],[101.67181,2.61165],[101.66732,2.61402],[101.66379,2.61544],[101.65935,2.617],[101.65548,2.61939],[101.65268,2.62091],[101.64679,2.62205],[101.64244,2.6233],[101.6391,2.62365],[101.63564,2.6248],[101.62881,2.6269],[101.62332,2.62861],[101.61738,2.6306],[101.6132,2.63121],[101.60894,2.63137],[101.60474,2.63192],[101.60104,2.63322],[101.59769,2.63558],[101.59512,2.63704],[101.58812,2.64175],[101.59038,2.64262],[101.59712,2.64504],[101.59653,2.64676],[101.59838,2.6474],[101.59716,2.64987],[101.5965,2.6689],[101.59606,2.68618],[101.59644,2.72759],[101.633,2.7276],[101.63308,2.72759],[101.63302,2.72492],[101.63904,2.72144],[101.64148,2.72]]]}},{"type":"Feature","properties":{"fid":4,"nama":"Sungai Pelek","pdk_thn":748,"luas_h":238.11,"kpdt":3,"unj_2025":0,"unj_2030":0,"unj_2035":0,"e_blok":"1007D025","pop_share":0.002304481,"recy_annual_t":20.74},"geometry":{"type":"Polygon","coordinates":[[[101.67335,2.65514],[101.67362,2.64927],[101.67392,2.64665],[101.67396,2.64609],[101.67401,2.64523],[101.67406,2.64443],[101.6741,2.64395],[101.67409,2.64273],[101.6741,2.64125],[101.6741,2.63801],[101.67403,2.6381],[101.67354,2.63849],[101.67333,2.63866],[101.67214,2.63709],[101.6658,2.64198],[101.66521,2.64244],[101.66391,2.64236],[101.66359,2.64394],[101.66203,2.64365],[101.66202,2.64447],[101.65998,2.64411],[101.65984,2.64494],[101.65985,2.64961],[101.65985,2.64963],[101.65987,2.65408],[101.65986,2.65455],[101.66743,2.65489],[101.66743,2.65487],[101.67335,2.65514]]]}},{"type":"Feature","properties":{"fid":5,"nama":"Sungai Pelek","pdk_thn":949,"luas_h":218.52,"kpdt":4,"unj_2025":0,"unj_2030":0,"unj_2035":0,"e_blok":"1007D026","pop_share":0.002923733,"recy_annual_t":26.314},"geometry":{"type":"Polygon","coordinates":[[[101.66925,2.67018],[101.66929,2.66831],[101.6727,2.66844],[101.67271,2.66844],[101.673,2.66271],[101.67308,2.6608],[101.67317,2.65894],[101.67326,2.65708],[101.67335,2.65514],[101.66743,2.65487],[101.65986,2.65453],[101.65985,2.65502],[101.65981,2.66286],[101.66384,2.66288],[101.66384,2.66495],[101.66383,2.66816],[101.66383,2.67012],[101.66383,2.67206],[101.66921,2.67206],[101.66925,2.67018]]]}},{"type":"Feature","properties":{"fid":6,"nama":"Sungai Pelek","pdk_thn":684,"luas_h":224.52,"kpdt":3,"unj_2025":0,"unj_2030":0,"unj_2035":0,"e_blok":"1007D027","pop_share":0.002107306,"recy_annual_t":18.966},"geometry":{"type":"Polygon","coordinates":[[[101.67432,2.67642],[101.67435,2.67608],[101.67826,2.67622],[101.67826,2.67564],[101.68087,2.67565],[101.68201,2.67562],[101.68207,2.67486],[101.68212,2.67378],[101.68215,2.67314],[101.68224,2.67251],[101.6823,2.67181],[101.68246,2.67082],[101.68269,2.66998],[101.68288,2.66916],[101.6832,2.66788],[101.6834,2.66714],[101.68366,2.66605],[101.68377,2.66572],[101.68397,2.66513],[101.6841,2.66461],[101.68422,2.6643],[101.68456,2.66344],[101.6848,2.66299],[101.68439,2.66303],[101.68294,2.66299],[101.68092,2.66293],[101.67889,2.66288],[101.673,2.66271],[101.6727,2.66844],[101.66929,2.66831],[101.66925,2.67018],[101.66921,2.67206],[101.66383,2.67206],[101.66386,2.67586],[101.66527,2.67588],[101.67093,2.67596],[101.67092,2.67635],[101.67395,2.67641],[101.67432,2.67642]]]}},{"type":"Feature","properties":{"fid":7,"nama":"Sungai Pelek","pdk_thn":1139,"luas_h":548.1,"kpdt":2,"unj_2025":0,"unj_2030":0,"unj_2035":0,"e_blok":"1007D028","pop_share":0.003509096,"recy_annual_t":31.582},"geometry":{"type":"Polygon","coordinates":[[[101.68979,2.6429],[101.68979,2.6429],[101.68979,2.6429],[101.68976,2.64257],[101.68961,2.64161],[101.68946,2.6402],[101.68938,2.63929],[101.68911,2.63816],[101.68865,2.63628],[101.68861,2.63532],[101.68807,2.63379],[101.68787,2.63285],[101.68752,2.63146],[101.68733,2.63061],[101.6871,2.62931],[101.68644,2.62955],[101.68569,2.62997],[101.68057,2.63343],[101.67687,2.63584],[101.6741,2.63801],[101.6741,2.64125],[101.67409,2.64273],[101.6741,2.64395],[101.67406,2.64443],[101.67401,2.64523],[101.67396,2.64609],[101.67392,2.64665],[101.67362,2.64927],[101.67335,2.65514],[101.67326,2.65708],[101.67317,2.65894],[101.67308,2.6608],[101.673,2.66271],[101.67889,2.66288],[101.68092,2.66293],[101.68294,2.66299],[101.68439,2.66303],[101.6848,2.66299],[101.68508,2.66235],[101.68674,2.65914],[101.68757,2.65736],[101.68771,2.65716],[101.68799,2.65672],[101.68829,2.65613],[101.68841,2.65573],[101.68879,2.65492],[101.68879,2.65459],[101.68933,2.65268],[101.68951,2.65213],[101.68966,2.651],[101.68987,2.64869],[101.68991,2.64818],[101.69,2.64727],[101.69003,2.64624],[101.68986,2.64506],[101.68983,2.64344],[101.68979,2.6429]]]}},{"type":"Feature","properties":{"fid":8,"nama":"Sungai Pelek","pdk_thn":1028,"luas_h":872.95,"kpdt":1,"unj_2025":0,"unj_2030":0,"unj_2035":0,"e_blok":"1007D029","pop_share":0.003167121,"recy_annual_t":28.504},"geometry":{"type":"Polygon","coordinates":[[[101.68201,2.67562],[101.6849,2.67551],[101.68669,2.67552],[101.68676,2.67552],[101.68683,2.67552],[101.6869,2.67551],[101.68696,2.67549],[101.68703,2.67547],[101.68709,2.67544],[101.68715,2.67541],[101.68721,2.67537],[101.68726,2.67533],[101.68731,2.67528],[101.68736,2.67523],[101.69308,2.66822],[101.69552,2.66525],[101.69781,2.66246],[101.69795,2.66229],[101.70412,2.6548],[101.70456,2.65476],[101.70679,2.6521],[101.70684,2.65195],[101.70807,2.65043],[101.71043,2.64758],[101.71055,2.64744],[101.7117,2.64599],[101.71269,2.64481],[101.71296,2.64453],[101.71204,2.6438],[101.7115,2.64333],[101.71108,2.64289],[101.71011,2.6406],[101.70958,2.64077],[101.70888,2.63918],[101.70879,2.63897],[101.70691,2.6396],[101.70664,2.63887],[101.70656,2.63889],[101.70649,2.63877],[101.70594,2.63743],[101.70562,2.63665],[101.7012,2.62968],[101.70105,2.62777],[101.69953,2.6279],[101.69722,2.6281],[101.69332,2.62841],[101.68945,2.62879],[101.68914,2.62882],[101.68821,2.62894],[101.68761,2.62912],[101.6871,2.62931],[101.68733,2.63061],[101.68752,2.63146],[101.68787,2.63285],[101.68807,2.63379],[101.68861,2.63532],[101.68865,2.63628],[101.68911,2.63816],[101.68938,2.63929],[101.68946,2.6402],[101.68961,2.64161],[101.68976,2.64257],[101.68983,2.64344],[101.68986,2.64506],[101.69003,2.64624],[101.69,2.64727],[101.68991,2.64818],[101.68987,2.64869],[101.68966,2.651],[101.68951,2.65213],[101.68933,2.65268],[101.68879,2.65459],[101.68879,2.65492],[101.68841,2.65573],[101.68829,2.65613],[101.68799,2.65672],[101.68771,2.65716],[101.68757,2.65736],[101.68674,2.65914],[101.68508,2.66235],[101.6848,2.66299],[101.68456,2.66344],[101.68422,2.6643],[101.6841,2.66461],[101.68397,2.66513],[101.68366,2.66605],[101.6834,2.66714],[101.6832,2.66788],[101.68288,2.66916],[101.68269,2.66998],[101.68246,2.67082],[101.6823,2.67181],[101.68224,2.67251],[101.68215,2.67314],[101.68212,2.67378],[101.68207,2.67486],[101.68201,2.67562]]]}},{"type":"Feature","properties":{"fid":9,"nama":"Sungai Pelek","pdk_thn":1196,"luas_h":110.53,"kpdt":11,"unj_2025":0,"unj_2030":0,"unj_2035":0,"e_blok":"1007D030","pop_share":0.003684705,"recy_annual_t":33.162},"geometry":{"type":"Polygon","coordinates":[[[101.7168,2.64538],[101.7168,2.64538],[101.71536,2.64418],[101.71505,2.64451],[101.71458,2.6441],[101.71369,2.64513],[101.71421,2.64557],[101.71402,2.64581],[101.71269,2.64481],[101.7117,2.64599],[101.71055,2.64744],[101.71043,2.64758],[101.70807,2.65043],[101.70788,2.65066],[101.7098,2.6522],[101.70995,2.65217],[101.71068,2.65269],[101.71095,2.65235],[101.71534,2.65619],[101.71581,2.65658],[101.7187,2.65361],[101.71761,2.65263],[101.71943,2.65055],[101.72194,2.64783],[101.7224,2.64724],[101.72216,2.64715],[101.72178,2.64694],[101.72132,2.64663],[101.72093,2.64628],[101.72071,2.64602],[101.71928,2.64751],[101.7168,2.64538]]]}},{"type":"Feature","properties":{"fid":10,"nama":"Sungai Merab","pdk_thn":1404,"luas_h":454.72,"kpdt":3,"unj_2025":0,"unj_2030":0,"unj_2035":0,"e_blok":"1007C023","pop_share":0.004325523,"recy_annual_t":38.93},"geometry":{"type":"Polygon","coordinates":[[[101.73994,2.92928],[101.73995,2.92795],[101.73996,2.925],[101.73996,2.92349],[101.73995,2.92279],[101.73992,2.92199],[101.73992,2.92165],[101.73995,2.9201],[101.73996,2.91891],[101.73996,2.91891],[101.73997,2.91822],[101.73997,2.91821],[101.73898,2.91821],[101.73818,2.91824],[101.73737,2.91827],[101.73676,2.91828],[101.73601,2.91831],[101.7351,2.91831],[101.73464,2.91834],[101.73457,2.91835],[101.73419,2.91837],[101.73358,2.9184],[101.73278,2.91845],[101.73276,2.91845],[101.73276,2.91839],[101.73268,2.91514],[101.73265,2.91465],[101.73187,2.91466],[101.73138,2.91471],[101.73042,2.91469],[101.73023,2.91461],[101.73006,2.91445],[101.72973,2.91397],[101.72931,2.9135],[101.72923,2.91335],[101.72914,2.91304],[101.72905,2.91295],[101.72806,2.91279],[101.72724,2.91243],[101.72699,2.91239],[101.72653,2.91231],[101.72645,2.9123],[101.72603,2.91223],[101.72599,2.91223],[101.72588,2.91224],[101.72577,2.91225],[101.72578,2.91228],[101.72579,2.91235],[101.72584,2.91265],[101.72608,2.91333],[101.72625,2.91367],[101.72669,2.91422],[101.72669,2.91431],[101.72662,2.91436],[101.72622,2.91447],[101.72603,2.91453],[101.72593,2.91461],[101.72566,2.91493],[101.72555,2.91515],[101.72548,2.9154],[101.72542,2.91602],[101.72529,2.91651],[101.72528,2.91673],[101.72541,2.91764],[101.72545,2.91784],[101.7255,2.91812],[101.72556,2.91839],[101.72557,2.91845],[101.7256,2.91862],[101.72564,2.91906],[101.72558,2.91946],[101.72558,2.91956],[101.72561,2.92021],[101.72557,2.92032],[101.72551,2.9204],[101.72542,2.92046],[101.72536,2.92048],[101.7249,2.9205],[101.72481,2.92055],[101.72473,2.92063],[101.72465,2.92073],[101.72457,2.92072],[101.7234,2.92012],[101.72313,2.92011],[101.72294,2.92016],[101.72284,2.92021],[101.72279,2.92023],[101.72264,2.92038],[101.72255,2.92062],[101.72253,2.92069],[101.72252,2.92073],[101.72251,2.92083],[101.72248,2.9211],[101.72246,2.92152],[101.72243,2.92174],[101.72242,2.92177],[101.72233,2.92189],[101.72227,2.92193],[101.72228,2.92192],[101.72213,2.922],[101.72184,2.9221],[101.72099,2.92223],[101.72063,2.92224],[101.72035,2.92218],[101.7198,2.922],[101.71919,2.92177],[101.71881,2.92165],[101.71849,2.92162],[101.71818,2.92161],[101.71805,2.92156],[101.71717,2.92092],[101.7171,2.92079],[101.71706,2.92058],[101.71704,2.91935],[101.71698,2.91907],[101.71673,2.91881],[101.71629,2.91846],[101.71582,2.91812],[101.7153,2.91787],[101.71519,2.91779],[101.71482,2.91743],[101.71445,2.91707],[101.71389,2.91653],[101.71343,2.91719],[101.71294,2.91818],[101.71243,2.91816],[101.71093,2.91907],[101.71088,2.91885],[101.71082,2.91863],[101.71063,2.91802],[101.71047,2.91772],[101.71039,2.91761],[101.70998,2.91726],[101.70969,2.91702],[101.7091,2.91655],[101.70883,2.9164],[101.70864,2.91634],[101.70847,2.91631],[101.70822,2.91634],[101.70732,2.91646],[101.70732,2.91666],[101.70742,2.91838],[101.70758,2.92033],[101.70775,2.92188],[101.70793,2.92373],[101.70784,2.92575],[101.70773,2.92807],[101.70772,2.92935],[101.70992,2.92936],[101.71153,2.92934],[101.71334,2.92931],[101.71548,2.92931],[101.71548,2.92908],[101.71852,2.92911],[101.72011,2.92915],[101.72071,2.92916],[101.72217,2.92916],[101.72584,2.92919],[101.72743,2.92917],[101.7298,2.9292],[101.7315,2.9292],[101.73284,2.92921],[101.73284,2.92943],[101.7329,2.92944],[101.73292,2.92944],[101.7331,2.92944],[101.73544,2.92949],[101.73874,2.92955],[101.73959,2.92961],[101.73986,2.92957],[101.74,2.92943],[101.73994,2.92928]]]}},{"type":"Feature","properties":{"fid":11,"nama":"Sungai Merab","pdk_thn":1476,"luas_h":49.86,"kpdt":30,"unj_2025":0,"unj_2030":0,"unj_2035":0,"e_blok":"1007C024","pop_share":0.004547345,"recy_annual_t":40.926},"geometry":{"type":"Polygon","coordinates":[[[101.73552,2.91496],[101.73691,2.91487],[101.73982,2.91481],[101.73982,2.91356],[101.73979,2.91311],[101.73977,2.91263],[101.73977,2.91261],[101.73963,2.91094],[101.73969,2.91083],[101.73962,2.91083],[101.73822,2.91084],[101.73765,2.91084],[101.73765,2.91086],[101.73727,2.91086],[101.7372,2.91086],[101.7372,2.91094],[101.7372,2.91096],[101.73551,2.91096],[101.73523,2.91101],[101.73499,2.91101],[101.734,2.91101],[101.73352,2.91096],[101.73261,2.91087],[101.73199,2.91087],[101.73176,2.91049],[101.73141,2.91006],[101.73091,2.90951],[101.73085,2.90946],[101.73085,2.90946],[101.73079,2.90952],[101.73066,2.90966],[101.73053,2.90976],[101.73039,2.90985],[101.73026,2.90995],[101.73002,2.91015],[101.72985,2.91033],[101.7296,2.9106],[101.72935,2.9108],[101.72928,2.91104],[101.72932,2.91118],[101.72956,2.91134],[101.73023,2.91156],[101.73052,2.91176],[101.73077,2.91191],[101.73082,2.91209],[101.73085,2.91257],[101.73092,2.91278],[101.73071,2.91293],[101.73063,2.91298],[101.72987,2.91289],[101.72976,2.91285],[101.72973,2.91278],[101.72966,2.91275],[101.72952,2.91275],[101.72916,2.91276],[101.72915,2.9129],[101.72914,2.91303],[101.72914,2.91304],[101.72923,2.91335],[101.72931,2.9135],[101.72973,2.91397],[101.73006,2.91445],[101.73023,2.91461],[101.73042,2.91469],[101.73138,2.91471],[101.73187,2.91466],[101.73265,2.91465],[101.73267,2.91492],[101.73411,2.91489],[101.73514,2.91496],[101.73552,2.91496]]]}},{"type":"Feature","properties":{"fid":12,"nama":"Sungai Merab","pdk_thn":1270,"luas_h":130.28,"kpdt":10,"unj_2025":0,"unj_2030":0,"unj_2035":0,"e_blok":"1007C025","pop_share":0.003912688,"recy_annual_t":35.214},"geometry":{"type":"Polygon","coordinates":[[[101.74231,2.9118],[101.74231,2.90998],[101.74231,2.90998],[101.74232,2.90972],[101.73988,2.90972],[101.73988,2.90962],[101.74283,2.90883],[101.74753,2.90754],[101.74837,2.90656],[101.74834,2.90653],[101.74814,2.90629],[101.74773,2.90603],[101.74739,2.90595],[101.74691,2.90592],[101.74614,2.90604],[101.74584,2.90603],[101.74503,2.90564],[101.74354,2.90504],[101.74343,2.905],[101.74274,2.90479],[101.7426,2.90458],[101.74221,2.90365],[101.74192,2.90314],[101.74147,2.90262],[101.74116,2.9024],[101.74064,2.90212],[101.74017,2.90189],[101.7397,2.90158],[101.73954,2.90143],[101.73942,2.90126],[101.7391,2.90066],[101.73885,2.90022],[101.7381,2.90113],[101.734,2.90602],[101.73359,2.90611],[101.73295,2.9057],[101.73239,2.90636],[101.73141,2.90751],[101.73018,2.90895],[101.73079,2.90942],[101.73091,2.90951],[101.73141,2.91006],[101.73176,2.91049],[101.73199,2.91087],[101.73261,2.91087],[101.73352,2.91096],[101.734,2.91101],[101.73499,2.91101],[101.73523,2.91101],[101.73551,2.91096],[101.7372,2.91096],[101.7372,2.91094],[101.7372,2.91086],[101.73727,2.91086],[101.73765,2.91086],[101.73765,2.91084],[101.73822,2.91084],[101.73962,2.91083],[101.73969,2.91083],[101.73963,2.91094],[101.73977,2.91263],[101.73979,2.91311],[101.73982,2.91356],[101.73982,2.91481],[101.74231,2.91476],[101.74231,2.91362],[101.74231,2.9118]]]}},{"type":"Feature","properties":{"fid":13,"nama":"Sungai Merab","pdk_thn":1550,"luas_h":132.95,"kpdt":12,"unj_2025":0,"unj_2030":0,"unj_2035":0,"e_blok":"1007C026","pop_share":0.004775329,"recy_annual_t":42.978},"geometry":{"type":"Polygon","coordinates":[[[101.74935,2.91973],[101.74978,2.91923],[101.7498,2.91926],[101.75045,2.91849],[101.75055,2.91838],[101.75066,2.91832],[101.75083,2.9183],[101.75106,2.91832],[101.75183,2.91848],[101.752,2.91849],[101.75207,2.91849],[101.75227,2.91849],[101.75223,2.91827],[101.75214,2.91804],[101.75186,2.91741],[101.75166,2.91689],[101.75135,2.91618],[101.75124,2.91592],[101.75093,2.9152],[101.75069,2.91468],[101.75042,2.91403],[101.7502,2.91355],[101.74986,2.91277],[101.74952,2.91198],[101.74922,2.91134],[101.74872,2.91018],[101.7486,2.90991],[101.74856,2.90981],[101.74839,2.90941],[101.74827,2.90916],[101.74816,2.90893],[101.74816,2.90892],[101.74799,2.90855],[101.74813,2.90843],[101.74828,2.9083],[101.74844,2.90815],[101.74873,2.90787],[101.74892,2.90763],[101.74918,2.90734],[101.74923,2.90726],[101.74889,2.90696],[101.74877,2.90687],[101.74837,2.90656],[101.74753,2.90754],[101.74283,2.90883],[101.73988,2.90962],[101.73988,2.90972],[101.74232,2.90972],[101.74231,2.90998],[101.74231,2.90998],[101.74231,2.91362],[101.74231,2.91476],[101.73691,2.91487],[101.73552,2.91496],[101.73514,2.91496],[101.73411,2.91489],[101.73267,2.91492],[101.73268,2.91514],[101.73276,2.91839],[101.73276,2.91845],[101.73278,2.91845],[101.73358,2.9184],[101.73419,2.91837],[101.73457,2.91835],[101.73464,2.91834],[101.7351,2.91831],[101.73601,2.91831],[101.73676,2.91828],[101.73737,2.91827],[101.73818,2.91824],[101.73898,2.91821],[101.73997,2.91821],[101.74108,2.91819],[101.74164,2.91824],[101.74227,2.91814],[101.74249,2.91807],[101.74764,2.91605],[101.74789,2.91666],[101.74852,2.91799],[101.74896,2.91893],[101.74935,2.91973]]]}},{"type":"Feature","properties":{"fid":14,"nama":"Sungai Merab","pdk_thn":1099,"luas_h":293.66,"kpdt":4,"unj_2025":0,"unj_2030":0,"unj_2035":0,"e_blok":"1007C027","pop_share":0.003385862,"recy_annual_t":30.473},"geometry":{"type":"Polygon","coordinates":[[[101.73698,2.94532],[101.73871,2.94525],[101.73916,2.94525],[101.73991,2.94522],[101.73993,2.94436],[101.73991,2.94374],[101.73994,2.9437],[101.74003,2.94357],[101.74029,2.94331],[101.74044,2.94318],[101.74067,2.94304],[101.74097,2.94293],[101.74115,2.9425],[101.74148,2.94181],[101.74149,2.94181],[101.7415,2.94179],[101.74153,2.94173],[101.74159,2.94164],[101.74165,2.94156],[101.74177,2.94138],[101.74184,2.94128],[101.74184,2.94127],[101.74187,2.94124],[101.74189,2.94121],[101.74189,2.9412],[101.74202,2.94104],[101.74215,2.94087],[101.74257,2.94044],[101.74268,2.94029],[101.7428,2.94014],[101.74285,2.94005],[101.74291,2.93996],[101.74293,2.93992],[101.74294,2.93989],[101.74295,2.93986],[101.74295,2.93986],[101.74298,2.93979],[101.74299,2.93974],[101.743,2.93967],[101.74301,2.93961],[101.74301,2.9396],[101.743,2.93945],[101.743,2.93944],[101.74299,2.93926],[101.74298,2.93908],[101.74298,2.93908],[101.74294,2.93885],[101.74291,2.93862],[101.74286,2.93839],[101.74281,2.93816],[101.74276,2.93794],[101.74269,2.93772],[101.74263,2.93749],[101.74255,2.93727],[101.74247,2.93706],[101.74246,2.93701],[101.74246,2.93554],[101.74246,2.93503],[101.74203,2.93327],[101.74181,2.93238],[101.74159,2.93093],[101.74147,2.93032],[101.74145,2.9298],[101.74141,2.92975],[101.74161,2.92961],[101.74224,2.92957],[101.74253,2.92964],[101.74484,2.92942],[101.74484,2.92942],[101.74721,2.92927],[101.7472,2.92612],[101.7472,2.92548],[101.74719,2.9243],[101.74721,2.92243],[101.7473,2.92229],[101.74759,2.92184],[101.74766,2.92176],[101.74764,2.92171],[101.74802,2.92101],[101.74864,2.92046],[101.74887,2.92027],[101.74935,2.91973],[101.74896,2.91893],[101.74852,2.91799],[101.74789,2.91666],[101.74764,2.91605],[101.74249,2.91807],[101.74227,2.91814],[101.74164,2.91824],[101.74108,2.91819],[101.73997,2.91821],[101.73997,2.91822],[101.73996,2.91891],[101.73996,2.91891],[101.73995,2.9201],[101.73992,2.92165],[101.73992,2.92199],[101.73995,2.92279],[101.73996,2.92349],[101.73996,2.925],[101.73995,2.92795],[101.73994,2.92928],[101.74,2.92943],[101.73986,2.92957],[101.73959,2.92961],[101.73874,2.92955],[101.73544,2.92949],[101.7331,2.92944],[101.73292,2.92944],[101.73284,2.92943],[101.73275,2.93391],[101.73274,2.93586],[101.7327,2.94046],[101.73268,2.94261],[101.73268,2.94535],[101.73678,2.94535],[101.73698,2.94532]]]}},{"type":"Feature","properties":{"fid":15,"nama":"Sungai Merab","pdk_thn":1412,"luas_h":105.8,"kpdt":13,"unj_2025":0,"unj_2030":0,"unj_2035":0,"e_blok":"1007C028","pop_share":0.00435017,"recy_annual_t":39.152},"geometry":{"type":"Polygon","coordinates":[[[101.73996,2.95459],[101.73994,2.95289],[101.73975,2.9529],[101.73973,2.94929],[101.73973,2.94928],[101.73973,2.94913],[101.73973,2.94913],[101.73973,2.94912],[101.7399,2.94912],[101.73991,2.94817],[101.73991,2.94522],[101.73916,2.94525],[101.73871,2.94525],[101.73698,2.94532],[101.73678,2.94535],[101.73268,2.94535],[101.73267,2.94878],[101.73267,2.95194],[101.73267,2.95326],[101.73268,2.95338],[101.73119,2.95526],[101.73125,2.95531],[101.73168,2.95556],[101.73269,2.95615],[101.73269,2.9568],[101.7327,2.9568],[101.7327,2.95696],[101.73361,2.95695],[101.73366,2.95695],[101.73474,2.95695],[101.73592,2.95695],[101.73592,2.95695],[101.73739,2.95694],[101.73808,2.95693],[101.73996,2.95693],[101.73996,2.95692],[101.73996,2.95459]]]}},{"type":"Feature","properties":{"fid":16,"nama":"Sungai Merab","pdk_thn":2070,"luas_h":160.97,"kpdt":13,"unj_2025":0,"unj_2030":0,"unj_2035":0,"e_blok":"1007C029","pop_share":0.006377374,"recy_annual_t":57.396},"geometry":{"type":"Polygon","coordinates":[[[101.72068,2.96719],[101.72269,2.96655],[101.72233,2.96514],[101.72194,2.9636],[101.72347,2.96302],[101.72506,2.96239],[101.72643,2.96187],[101.72871,2.961],[101.72871,2.96046],[101.72871,2.96008],[101.72871,2.95957],[101.72871,2.9591],[101.72954,2.95908],[101.72986,2.95908],[101.72986,2.95908],[101.72987,2.95908],[101.72987,2.95908],[101.72974,2.95922],[101.72919,2.9598],[101.7292,2.96207],[101.7292,2.96367],[101.72981,2.96367],[101.7301,2.96366],[101.73163,2.96365],[101.73164,2.96366],[101.73166,2.96366],[101.73168,2.96366],[101.7317,2.96365],[101.73172,2.96365],[101.73173,2.96364],[101.73175,2.96363],[101.73176,2.96361],[101.73177,2.96359],[101.73178,2.96358],[101.73178,2.96356],[101.73178,2.96354],[101.73178,2.96374],[101.73265,2.96374],[101.73263,2.9623],[101.7327,2.96235],[101.73272,2.96237],[101.73272,2.96135],[101.73272,2.96121],[101.73271,2.96093],[101.73271,2.96093],[101.73271,2.96061],[101.7327,2.95922],[101.7327,2.95897],[101.7327,2.95895],[101.7327,2.957],[101.7327,2.95696],[101.7327,2.9568],[101.73269,2.9568],[101.73269,2.95615],[101.73168,2.95556],[101.73125,2.95531],[101.73119,2.95526],[101.73108,2.95526],[101.73112,2.95523],[101.71914,2.95528],[101.71753,2.95529],[101.71538,2.9553],[101.71538,2.9582],[101.71546,2.95822],[101.7156,2.95828],[101.71574,2.95835],[101.71588,2.95842],[101.71601,2.9585],[101.71613,2.95859],[101.71626,2.95868],[101.71638,2.95878],[101.71649,2.95888],[101.7166,2.95898],[101.71678,2.95918],[101.71683,2.95924],[101.71686,2.95927],[101.71699,2.95942],[101.71711,2.95956],[101.71723,2.95971],[101.71734,2.95987],[101.71745,2.96002],[101.71755,2.96019],[101.71765,2.96035],[101.71773,2.96052],[101.71782,2.9607],[101.71789,2.96087],[101.71796,2.96105],[101.71803,2.96123],[101.71803,2.96123],[101.71829,2.96207],[101.71849,2.96272],[101.71869,2.96337],[101.71878,2.96371],[101.71888,2.96403],[101.71906,2.96468],[101.71923,2.96529],[101.71939,2.96587],[101.71944,2.96605],[101.71945,2.9661],[101.71954,2.96645],[101.71961,2.96673],[101.71962,2.96676],[101.71979,2.96745],[101.71979,2.96745],[101.72068,2.96719]],[[101.72046,2.96581],[101.72072,2.96575],[101.72095,2.96672],[101.72069,2.96678],[101.72046,2.96581]],[[101.71999,2.96414],[101.72024,2.96408],[101.72048,2.96506],[101.72022,2.96512],[101.71999,2.96414]],[[101.72116,2.96602],[101.7214,2.96595],[101.72156,2.96654],[101.72114,2.96665],[101.72108,2.96644],[101.72125,2.9664],[101.72116,2.96602]]]}},{"type":"Feature","properties":{"fid":17,"nama":"Sungai Merab","pdk_thn":571,"luas_h":0.32,"kpdt":1784,"unj_2025":0,"unj_2030":0,"unj_2035":0,"e_blok":"1007C030","pop_share":0.001759169,"recy_annual_t":15.833},"geometry":{"type":"Polygon","coordinates":[[[101.72048,2.96506],[101.72024,2.96408],[101.72015,2.9641],[101.72006,2.96412],[101.71999,2.96414],[101.72022,2.96512],[101.7203,2.9651],[101.72039,2.96508],[101.72048,2.96506]]]}},{"type":"Feature","properties":{"fid":18,"nama":"Sungai Merab","pdk_thn":909,"luas_h":0.56,"kpdt":1623,"unj_2025":0,"unj_2030":0,"unj_2035":0,"e_blok":"1007C031","pop_share":0.002800499,"recy_annual_t":25.204},"geometry":{"type":"MultiPolygon","coordinates":[[[[101.72095,2.96672],[101.72072,2.96575],[101.72062,2.96577],[101.72054,2.96579],[101.72046,2.96581],[101.72069,2.96678],[101.72077,2.96676],[101.72087,2.96674],[101.72095,2.96672]]],[[[101.7215,2.96633],[101.7214,2.96595],[101.72116,2.96602],[101.72125,2.9664],[101.72108,2.96644],[101.72114,2.96665],[101.72156,2.96654],[101.7215,2.96633]]]]}},{"type":"Feature","properties":{"fid":19,"nama":"Pinggiran Cyberjaya","pdk_thn":744,"luas_h":29.34,"kpdt":25,"unj_2025":0,"unj_2030":0,"unj_2035":0,"e_blok":"1007A001","pop_share":0.002292158,"recy_annual_t":20.629},"geometry":{"type":"Polygon","coordinates":[[[101.57623,2.97932],[101.57738,2.977],[101.58143,2.97881],[101.58143,2.97879],[101.58239,2.9765],[101.5824,2.97648],[101.58235,2.97646],[101.58219,2.97639],[101.58189,2.97626],[101.58155,2.97611],[101.58182,2.97553],[101.58151,2.97538],[101.58148,2.97536],[101.58127,2.97526],[101.58068,2.97496],[101.58065,2.97495],[101.58037,2.97553],[101.58012,2.97541],[101.57983,2.97527],[101.57982,2.97526],[101.57895,2.97482],[101.57888,2.97479],[101.57829,2.97449],[101.57759,2.97418],[101.57695,2.97388],[101.57687,2.97396],[101.57644,2.97435],[101.57603,2.97485],[101.57563,2.97524],[101.57512,2.97576],[101.57469,2.97628],[101.57442,2.97657],[101.57429,2.97684],[101.57397,2.97719],[101.57365,2.97767],[101.57372,2.97769],[101.57484,2.97842],[101.57622,2.97932],[101.57623,2.97932]],[[101.57684,2.97609],[101.57684,2.97581],[101.57664,2.97581],[101.57646,2.97581],[101.57646,2.97609],[101.57627,2.97609],[101.57626,2.97595],[101.57593,2.97572],[101.57599,2.97569],[101.57606,2.97565],[101.57613,2.97563],[101.5762,2.97561],[101.57628,2.97559],[101.57635,2.97559],[101.57642,2.97559],[101.5765,2.97559],[101.57682,2.97559],[101.57686,2.97558],[101.5769,2.97557],[101.57694,2.97554],[101.57697,2.97551],[101.577,2.97548],[101.57702,2.97544],[101.57704,2.9754],[101.57728,2.97486],[101.57749,2.97496],[101.57774,2.97508],[101.57765,2.97526],[101.57757,2.97542],[101.57748,2.97559],[101.57737,2.97579],[101.57728,2.97597],[101.5772,2.97613],[101.57711,2.9763],[101.57687,2.97617],[101.57684,2.97609]]]}},{"type":"Feature","properties":{"fid":20,"nama":"Pinggiran Cyberjaya","pdk_thn":756,"luas_h":0.9,"kpdt":840,"unj_2025":0,"unj_2030":0,"unj_2035":0,"e_blok":"1007A002","pop_share":0.002329128,"recy_annual_t":20.962},"geometry":{"type":"Polygon","coordinates":[[[101.57728,2.97597],[101.57737,2.97579],[101.57748,2.97559],[101.57724,2.97547],[101.57732,2.9753],[101.5774,2.97514],[101.57749,2.97496],[101.57728,2.97486],[101.57704,2.9754],[101.57702,2.97544],[101.577,2.97548],[101.57697,2.97551],[101.57694,2.97554],[101.5769,2.97557],[101.57686,2.97558],[101.57682,2.97559],[101.5765,2.97559],[101.57642,2.97559],[101.57635,2.97559],[101.57628,2.97559],[101.5762,2.97561],[101.57613,2.97563],[101.57606,2.97565],[101.57599,2.97569],[101.57593,2.97572],[101.57626,2.97595],[101.57627,2.97609],[101.57646,2.97609],[101.57646,2.97581],[101.57664,2.97581],[101.57684,2.97581],[101.57684,2.97609],[101.57687,2.97617],[101.57711,2.9763],[101.5772,2.97613],[101.57728,2.97597]]]}},{"type":"Feature","properties":{"fid":21,"nama":"Pinggiran Cyberjaya","pdk_thn":741,"luas_h":0.19,"kpdt":3900,"unj_2025":0,"unj_2030":0,"unj_2035":0,"e_blok":"1007A003","pop_share":0.002282915,"recy_annual_t":20.546},"geometry":{"type":"Polygon","coordinates":[[[101.57774,2.97508],[101.57749,2.97496],[101.5774,2.97514],[101.57732,2.9753],[101.57724,2.97547],[101.57748,2.97559],[101.57757,2.97542],[101.57765,2.97526],[101.57774,2.97508]]]}},{"type":"Feature","properties":{"fid":22,"nama":"Pinggiran Cyberjaya","pdk_thn":416,"luas_h":2.19,"kpdt":190,"unj_2025":0,"unj_2030":0,"unj_2035":0,"e_blok":"1007A004","pop_share":0.001281637,"recy_annual_t":11.535},"geometry":{"type":"Polygon","coordinates":[[[101.57884,2.97318],[101.57794,2.97275],[101.57762,2.97317],[101.57739,2.97343],[101.57703,2.97381],[101.57696,2.97387],[101.57695,2.97388],[101.57759,2.97418],[101.57829,2.97449],[101.57867,2.97368],[101.57888,2.97323],[101.57889,2.9732],[101.57884,2.97318]]]}},{"type":"Feature","properties":{"fid":23,"nama":"Pinggiran Cyberjaya","pdk_thn":660,"luas_h":3.08,"kpdt":214,"unj_2025":0,"unj_2030":0,"unj_2035":0,"e_blok":"1007A005","pop_share":0.002033366,"recy_annual_t":18.3},"geometry":{"type":"Polygon","coordinates":[[[101.57937,2.97344],[101.57889,2.9732],[101.57888,2.97323],[101.57867,2.97367],[101.57867,2.97368],[101.57829,2.97449],[101.57888,2.97479],[101.57895,2.97482],[101.57982,2.97526],[101.57983,2.97527],[101.58018,2.97457],[101.58027,2.97439],[101.58048,2.97397],[101.58045,2.97396],[101.57976,2.97362],[101.57937,2.97344]]]}},{"type":"Feature","properties":{"fid":24,"nama":"Pinggiran Cyberjaya","pdk_thn":672,"luas_h":2.97,"kpdt":226,"unj_2025":0,"unj_2030":0,"unj_2035":0,"e_blok":"1007A006","pop_share":0.002070336,"recy_annual_t":18.633},"geometry":{"type":"Polygon","coordinates":[[[101.57975,2.97262],[101.57864,2.97206],[101.57858,2.97213],[101.57845,2.97226],[101.57812,2.9725],[101.57795,2.97274],[101.57794,2.97275],[101.57884,2.97318],[101.57935,2.97343],[101.57937,2.97344],[101.57976,2.97362],[101.57977,2.97363],[101.58045,2.97396],[101.58048,2.97397],[101.58053,2.97386],[101.58066,2.9736],[101.58086,2.97318],[101.58017,2.97283],[101.57975,2.97262]]]}},{"type":"Feature","properties":{"fid":25,"nama":"Pinggiran Cyberjaya","pdk_thn":319,"luas_h":1.46,"kpdt":218,"unj_2025":0,"unj_2030":0,"unj_2035":0,"e_blok":"1007A007","pop_share":0.000982793,"recy_annual_t":8.845},"geometry":{"type":"Polygon","coordinates":[[[101.58106,2.97412],[101.58107,2.97409],[101.58135,2.97423],[101.58147,2.97399],[101.58066,2.9736],[101.58054,2.97384],[101.58053,2.97386],[101.58048,2.97397],[101.58027,2.97439],[101.58018,2.97457],[101.57983,2.97527],[101.58012,2.97541],[101.58037,2.97553],[101.58065,2.97495],[101.58106,2.97412]]]}},{"type":"Feature","properties":{"fid":26,"nama":"Pinggiran Cyberjaya","pdk_thn":560,"luas_h":2.5,"kpdt":224,"unj_2025":0,"unj_2030":0,"unj_2035":0,"e_blok":"1007A008","pop_share":0.00172528,"recy_annual_t":15.528},"geometry":{"type":"Polygon","coordinates":[[[101.58135,2.97423],[101.58107,2.97409],[101.58106,2.97412],[101.58065,2.97495],[101.58068,2.97496],[101.58127,2.97526],[101.58148,2.97536],[101.58151,2.97538],[101.58183,2.97553],[101.58263,2.97591],[101.58294,2.97518],[101.58298,2.97509],[101.58226,2.97476],[101.58223,2.97473],[101.58222,2.97471],[101.58222,2.97467],[101.58135,2.97423]]]}},{"type":"Feature","properties":{"fid":27,"nama":"Pinggiran Cyberjaya","pdk_thn":516,"luas_h":80.71,"kpdt":6,"unj_2025":0,"unj_2030":0,"unj_2035":0,"e_blok":"1007A009","pop_share":0.001589722,"recy_annual_t":14.308},"geometry":{"type":"Polygon","coordinates":[[[101.58638,2.95932],[101.58568,2.95864],[101.58447,2.96087],[101.5835,2.96256],[101.58262,2.96429],[101.58183,2.96595],[101.58014,2.96951],[101.57951,2.97081],[101.57934,2.97116],[101.57908,2.9716],[101.57864,2.97206],[101.58086,2.97318],[101.58066,2.9736],[101.58147,2.97399],[101.58135,2.97423],[101.58222,2.97467],[101.58222,2.97471],[101.58223,2.97473],[101.58226,2.97476],[101.58298,2.97509],[101.58325,2.97441],[101.58331,2.97427],[101.58471,2.97086],[101.5848,2.97081],[101.58504,2.97024],[101.58552,2.96906],[101.58556,2.96898],[101.58569,2.96865],[101.58628,2.9672],[101.58668,2.96624],[101.58718,2.96503],[101.58801,2.96302],[101.58803,2.96295],[101.58803,2.96288],[101.58791,2.96263],[101.58638,2.95932]]]}},{"type":"Feature","properties":{"fid":28,"nama":"Pinggiran Cyberjaya","pdk_thn":710,"luas_h":12.35,"kpdt":57,"unj_2025":0,"unj_2030":0,"unj_2035":0,"e_blok":"1007A010","pop_share":0.002187408,"recy_annual_t":19.687},"geometry":{"type":"Polygon","coordinates":[[[101.58755,2.97543],[101.58754,2.97502],[101.58742,2.97504],[101.58681,2.97512],[101.58627,2.9749],[101.58632,2.9748],[101.58665,2.97397],[101.58665,2.97396],[101.58591,2.97366],[101.58481,2.97319],[101.58398,2.97283],[101.58391,2.9728],[101.58352,2.97375],[101.58331,2.97427],[101.58325,2.97441],[101.58298,2.97509],[101.58294,2.97518],[101.58296,2.97518],[101.58371,2.9755],[101.58401,2.97562],[101.58461,2.97587],[101.58536,2.97618],[101.58572,2.97633],[101.58605,2.97647],[101.58628,2.97655],[101.5864,2.97656],[101.5865,2.97657],[101.58661,2.97657],[101.58689,2.97658],[101.58738,2.97656],[101.58753,2.97656],[101.58753,2.97596],[101.58753,2.97558],[101.58755,2.9755],[101.58755,2.97543]]]}},{"type":"Feature","properties":{"fid":29,"nama":"Pinggiran Cyberjaya","pdk_thn":674,"luas_h":2.18,"kpdt":309,"unj_2025":0,"unj_2030":0,"unj_2035":0,"e_blok":"1007A011","pop_share":0.002076498,"recy_annual_t":18.688},"geometry":{"type":"Polygon","coordinates":[[[101.58401,2.97562],[101.58371,2.9755],[101.58347,2.97608],[101.58318,2.97678],[101.58305,2.97709],[101.58304,2.97715],[101.58306,2.9772],[101.5839,2.97754],[101.58407,2.97716],[101.58436,2.97646],[101.58461,2.97587],[101.58401,2.97562]]]}},{"type":"Feature","properties":{"fid":30,"nama":"Pinggiran Cyberjaya","pdk_thn":1203,"luas_h":28.36,"kpdt":42,"unj_2025":0,"unj_2030":0,"unj_2035":0,"e_blok":"1007A012","pop_share":0.003706271,"recy_annual_t":33.356},"geometry":{"type":"Polygon","coordinates":[[[101.5807,2.97975],[101.58124,2.97929],[101.58564,2.97948],[101.58565,2.97868],[101.58564,2.9786],[101.58564,2.97828],[101.58565,2.97824],[101.58567,2.97821],[101.58571,2.97817],[101.58573,2.97816],[101.58583,2.97778],[101.58595,2.97746],[101.586,2.97742],[101.58605,2.9774],[101.58655,2.9774],[101.58739,2.97741],[101.58812,2.97741],[101.58871,2.97741],[101.59042,2.97693],[101.59043,2.97692],[101.59043,2.97607],[101.59043,2.97607],[101.59043,2.97603],[101.59031,2.97604],[101.59017,2.97606],[101.58851,2.97654],[101.58837,2.97655],[101.58753,2.97656],[101.58689,2.97658],[101.58661,2.97657],[101.5865,2.97657],[101.5864,2.97656],[101.58628,2.97655],[101.58605,2.97647],[101.58572,2.97633],[101.58536,2.97618],[101.58461,2.97587],[101.58455,2.97601],[101.58436,2.97646],[101.58407,2.97716],[101.5839,2.97754],[101.58306,2.9772],[101.58304,2.97715],[101.58305,2.97709],[101.58318,2.97678],[101.58347,2.97608],[101.58371,2.9755],[101.58296,2.97518],[101.58294,2.97518],[101.58263,2.97591],[101.58183,2.97553],[101.58182,2.97553],[101.58155,2.97611],[101.58189,2.97626],[101.58219,2.97639],[101.58235,2.97646],[101.5824,2.97648],[101.58239,2.9765],[101.58143,2.97879],[101.58143,2.97881],[101.57738,2.977],[101.57639,2.979],[101.57658,2.9789],[101.57681,2.97874],[101.57716,2.97849],[101.57727,2.97846],[101.57742,2.97851],[101.57753,2.97861],[101.57762,2.97865],[101.57775,2.97869],[101.57792,2.97885],[101.57806,2.97894],[101.57822,2.97899],[101.57846,2.97908],[101.57863,2.97915],[101.57871,2.97922],[101.57888,2.97932],[101.57911,2.97931],[101.57944,2.97922],[101.57966,2.97925],[101.57976,2.9793],[101.57988,2.97942],[101.58005,2.97967],[101.58021,2.97978],[101.58046,2.97982],[101.5807,2.97975]]]}},{"type":"Feature","properties":{"fid":31,"nama":"Pinggiran Cyberjaya","pdk_thn":772,"luas_h":12.83,"kpdt":60,"unj_2025":0,"unj_2030":0,"unj_2035":0,"e_blok":"1007A013","pop_share":0.002378422,"recy_annual_t":21.406},"geometry":{"type":"Polygon","coordinates":[[[101.59042,2.97818],[101.59043,2.97692],[101.59042,2.97693],[101.58871,2.97741],[101.58812,2.97741],[101.58739,2.97741],[101.58655,2.9774],[101.58605,2.9774],[101.586,2.97742],[101.58595,2.97746],[101.58583,2.97778],[101.58573,2.97816],[101.58571,2.97817],[101.58567,2.97821],[101.58565,2.97824],[101.58564,2.97828],[101.58564,2.9786],[101.58565,2.97868],[101.58564,2.97948],[101.58566,2.97948],[101.58589,2.97949],[101.58686,2.97953],[101.59037,2.97955],[101.59042,2.97956],[101.59042,2.9787],[101.59042,2.9787],[101.59042,2.97862],[101.59042,2.97818]]]}},{"type":"Feature","properties":{"fid":32,"nama":"Pinggiran Cyberjaya","pdk_thn":587,"luas_h":22.12,"kpdt":27,"unj_2025":0,"unj_2030":0,"unj_2035":0,"e_blok":"1007A014","pop_share":0.001808463,"recy_annual_t":16.276},"geometry":{"type":"Polygon","coordinates":[[[101.59235,2.97605],[101.59232,2.97581],[101.59233,2.97515],[101.59234,2.97386],[101.59234,2.97386],[101.59213,2.97386],[101.59113,2.97386],[101.59089,2.97386],[101.59066,2.97387],[101.59009,2.97361],[101.59,2.97376],[101.58974,2.97406],[101.58946,2.9743],[101.58908,2.97446],[101.58888,2.97453],[101.58863,2.97457],[101.58821,2.97455],[101.58791,2.97448],[101.5876,2.97434],[101.58745,2.97428],[101.58665,2.97396],[101.58665,2.97397],[101.58632,2.9748],[101.58627,2.9749],[101.58681,2.97512],[101.58742,2.97504],[101.58754,2.97502],[101.58755,2.97543],[101.58755,2.9755],[101.58753,2.97558],[101.58753,2.97596],[101.58753,2.97656],[101.58753,2.97656],[101.58837,2.97655],[101.58851,2.97654],[101.59017,2.97606],[101.59031,2.97604],[101.59043,2.97603],[101.59043,2.97607],[101.59043,2.97607],[101.59043,2.97692],[101.59042,2.97818],[101.59042,2.9787],[101.59042,2.97956],[101.59232,2.97954],[101.59232,2.979],[101.59232,2.97848],[101.59232,2.97834],[101.59233,2.97745],[101.59235,2.97605]]]}},{"type":"Feature","properties":{"fid":33,"nama":"Pinggiran Cyberjaya","pdk_thn":746,"luas_h":11.95,"kpdt":62,"unj_2025":0,"unj_2030":0,"unj_2035":0,"e_blok":"1007A015","pop_share":0.002298319,"recy_annual_t":20.685},"geometry":{"type":"Polygon","coordinates":[[[101.59359,2.97833],[101.59377,2.97827],[101.59377,2.97828],[101.5943,2.97812],[101.59488,2.97772],[101.59502,2.97758],[101.59537,2.97699],[101.59549,2.97643],[101.59556,2.97614],[101.59538,2.97527],[101.59502,2.97464],[101.59494,2.97456],[101.59483,2.97466],[101.59463,2.97485],[101.59442,2.97505],[101.59418,2.97483],[101.59392,2.97471],[101.59353,2.97459],[101.59345,2.97516],[101.59268,2.97517],[101.59233,2.97517],[101.59232,2.97555],[101.59232,2.97581],[101.59235,2.97605],[101.59233,2.97745],[101.59233,2.97832],[101.59359,2.97833]]]}},{"type":"Feature","properties":{"fid":34,"nama":"Pinggiran Cyberjaya","pdk_thn":782,"luas_h":207.87,"kpdt":4,"unj_2025":0,"unj_2030":0,"unj_2035":0,"e_blok":"1007A016","pop_share":0.00240923,"recy_annual_t":21.683},"geometry":{"type":"Polygon","coordinates":[[[101.60077,2.98062],[101.60086,2.98057],[101.60095,2.98051],[101.60105,2.98047],[101.60115,2.98043],[101.60125,2.9804],[101.60135,2.98037],[101.6014,2.98036],[101.60137,2.97893],[101.6014,2.97713],[101.60142,2.97544],[101.60143,2.97358],[101.60144,2.97262],[101.6015,2.97226],[101.60155,2.97186],[101.60155,2.97016],[101.60173,2.9696],[101.60177,2.96872],[101.60157,2.96757],[101.60223,2.96671],[101.60308,2.96675],[101.60371,2.96715],[101.60451,2.96715],[101.60482,2.96681],[101.60538,2.96619],[101.60659,2.96549],[101.60707,2.96488],[101.60704,2.96475],[101.60734,2.96397],[101.60725,2.96334],[101.60608,2.96293],[101.60609,2.96285],[101.60608,2.96277],[101.60607,2.96268],[101.60605,2.9626],[101.60603,2.96253],[101.606,2.96245],[101.60596,2.96238],[101.60592,2.96231],[101.60587,2.96224],[101.60572,2.96212],[101.60556,2.962],[101.60541,2.96188],[101.60525,2.96177],[101.60508,2.96167],[101.60491,2.96157],[101.60474,2.96148],[101.6042,2.96111],[101.60366,2.96075],[101.60312,2.96037],[101.60258,2.96],[101.60205,2.95962],[101.60197,2.95957],[101.60189,2.95953],[101.6018,2.95949],[101.60171,2.95946],[101.60162,2.95944],[101.60153,2.95942],[101.60144,2.95941],[101.60134,2.95941],[101.60125,2.95941],[101.60116,2.95942],[101.60106,2.95943],[101.60099,2.95945],[101.60099,2.95949],[101.60081,2.95952],[101.60073,2.95956],[101.60058,2.95962],[101.60012,2.95969],[101.59966,2.95976],[101.5995,2.95979],[101.59908,2.96157],[101.59912,2.96266],[101.59887,2.96266],[101.59887,2.9628],[101.59883,2.96338],[101.59871,2.96395],[101.59824,2.96471],[101.59823,2.96486],[101.59818,2.96506],[101.59805,2.96537],[101.59797,2.96568],[101.59795,2.96588],[101.59796,2.96601],[101.59429,2.96601],[101.59271,2.96593],[101.59269,2.96619],[101.59267,2.96631],[101.59265,2.9668],[101.59264,2.96688],[101.59264,2.96689],[101.59264,2.96689],[101.59258,2.96794],[101.59257,2.96822],[101.59255,2.96842],[101.59251,2.9685],[101.5925,2.96871],[101.59248,2.96905],[101.59247,2.9692],[101.59247,2.96921],[101.59247,2.96921],[101.59247,2.96928],[101.59246,2.9697],[101.59245,2.96985],[101.59245,2.97001],[101.59241,2.97089],[101.59237,2.97231],[101.59236,2.97232],[101.59235,2.97272],[101.59234,2.97297],[101.59234,2.97373],[101.59234,2.97386],[101.59234,2.97388],[101.59233,2.97515],[101.59233,2.97517],[101.59268,2.97517],[101.59345,2.97516],[101.59353,2.97459],[101.59392,2.97471],[101.59418,2.97483],[101.59442,2.97505],[101.59463,2.97485],[101.59483,2.97466],[101.59494,2.97456],[101.59502,2.97464],[101.59538,2.97527],[101.59556,2.97614],[101.59549,2.97643],[101.59537,2.97699],[101.59502,2.97758],[101.59488,2.97772],[101.5943,2.97812],[101.59377,2.97828],[101.59377,2.97827],[101.59359,2.97833],[101.59233,2.97832],[101.59232,2.97834],[101.59232,2.97848],[101.59232,2.97857],[101.59232,2.979],[101.59232,2.97954],[101.59371,2.97954],[101.59387,2.9796],[101.59442,2.97998],[101.59474,2.98023],[101.59511,2.98049],[101.59508,2.98053],[101.59514,2.98056],[101.59521,2.98058],[101.59529,2.9806],[101.59537,2.98061],[101.59544,2.98061],[101.59641,2.98062],[101.59663,2.98061],[101.59684,2.98061],[101.59706,2.98061],[101.59728,2.98063],[101.59749,2.98065],[101.5977,2.98067],[101.59792,2.98071],[101.59813,2.98075],[101.59834,2.9808],[101.59842,2.98082],[101.59876,2.98092],[101.59885,2.98095],[101.59894,2.98098],[101.59903,2.98101],[101.59913,2.98103],[101.59925,2.98104],[101.59936,2.98106],[101.59948,2.98106],[101.5996,2.98106],[101.59972,2.98105],[101.59984,2.98103],[101.59996,2.98101],[101.60007,2.98099],[101.60019,2.98095],[101.6003,2.98092],[101.60041,2.98087],[101.60052,2.98082],[101.6006,2.98075],[101.60068,2.98068],[101.60077,2.98062]]]}},{"type":"Feature","properties":{"fid":35,"nama":"Pinggiran Cyberjaya","pdk_thn":1658,"luas_h":19.82,"kpdt":84,"unj_2025":0,"unj_2030":0,"unj_2035":0,"e_blok":"1007A017","pop_share":0.005108061,"recy_annual_t":45.973},"geometry":{"type":"Polygon","coordinates":[[[101.59,2.97376],[101.59009,2.97361],[101.59066,2.97387],[101.59089,2.97386],[101.59113,2.97386],[101.59213,2.97386],[101.59234,2.97386],[101.59234,2.97373],[101.59234,2.97297],[101.59235,2.97272],[101.59236,2.97232],[101.59237,2.97231],[101.59241,2.97089],[101.59245,2.97001],[101.59245,2.96985],[101.59246,2.9697],[101.59246,2.9697],[101.59226,2.9697],[101.59106,2.96971],[101.59047,2.96969],[101.59006,2.96969],[101.59003,2.96983],[101.58994,2.96997],[101.5898,2.97015],[101.58958,2.97044],[101.58929,2.97082],[101.58917,2.97098],[101.58917,2.97098],[101.58912,2.97106],[101.589,2.97124],[101.58877,2.97152],[101.58866,2.97178],[101.58855,2.97203],[101.58836,2.97254],[101.58826,2.97279],[101.58817,2.97298],[101.58761,2.97435],[101.58783,2.97445],[101.58791,2.97448],[101.58821,2.97455],[101.58863,2.97457],[101.58888,2.97453],[101.58908,2.97446],[101.58946,2.9743],[101.58974,2.97406],[101.59,2.97376]]]}},{"type":"Feature","properties":{"fid":36,"nama":"Pinggiran Cyberjaya","pdk_thn":1110,"luas_h":16.99,"kpdt":65,"unj_2025":0,"unj_2030":0,"unj_2035":0,"e_blok":"1007A018","pop_share":0.003419751,"recy_annual_t":30.778},"geometry":{"type":"Polygon","coordinates":[[[101.58761,2.97435],[101.58817,2.97298],[101.58826,2.97279],[101.58836,2.97254],[101.58855,2.97203],[101.58866,2.97178],[101.58695,2.97105],[101.58679,2.97098],[101.58679,2.97098],[101.58727,2.96979],[101.58723,2.96966],[101.58556,2.96898],[101.58556,2.96898],[101.58552,2.96906],[101.58504,2.97024],[101.5848,2.97081],[101.58471,2.97086],[101.58446,2.97149],[101.58391,2.9728],[101.58398,2.97283],[101.58481,2.97319],[101.58572,2.97358],[101.58591,2.97366],[101.58665,2.97396],[101.58665,2.97396],[101.58745,2.97428],[101.5876,2.97434],[101.58761,2.97435]]]}},{"type":"Feature","properties":{"fid":37,"nama":"Pinggiran Cyberjaya","pdk_thn":662,"luas_h":10.8,"kpdt":61,"unj_2025":0,"unj_2030":0,"unj_2035":0,"e_blok":"1007A019","pop_share":0.002039527,"recy_annual_t":18.356},"geometry":{"type":"Polygon","coordinates":[[[101.58748,2.96655],[101.58668,2.96624],[101.58628,2.9672],[101.58569,2.96865],[101.58556,2.96898],[101.58723,2.96966],[101.58727,2.96979],[101.58679,2.97098],[101.58679,2.97098],[101.58866,2.97178],[101.58877,2.97152],[101.589,2.97124],[101.58912,2.97106],[101.58917,2.97098],[101.58893,2.97079],[101.58873,2.97063],[101.58862,2.97053],[101.58843,2.97036],[101.58825,2.97014],[101.58816,2.96999],[101.58807,2.96986],[101.58796,2.96966],[101.58787,2.96941],[101.58783,2.9692],[101.58778,2.96895],[101.58778,2.96867],[101.5878,2.96838],[101.58787,2.96808],[101.58794,2.96787],[101.58797,2.96777],[101.58817,2.96744],[101.58827,2.96728],[101.58851,2.96701],[101.58867,2.96687],[101.5884,2.9668],[101.58748,2.96655]]]}},{"type":"Feature","properties":{"fid":38,"nama":"Pinggiran Cyberjaya","pdk_thn":2722,"luas_h":12.58,"kpdt":216,"unj_2025":0,"unj_2030":0,"unj_2035":0,"e_blok":"1007A020","pop_share":0.008386093,"recy_annual_t":75.475},"geometry":{"type":"Polygon","coordinates":[[[101.59003,2.96983],[101.59006,2.96969],[101.59047,2.96969],[101.59106,2.96971],[101.59226,2.9697],[101.59246,2.9697],[101.59247,2.96928],[101.59247,2.96921],[101.59247,2.96921],[101.59247,2.9692],[101.59248,2.96905],[101.5925,2.96871],[101.59215,2.96871],[101.59024,2.96872],[101.59017,2.96867],[101.59016,2.96823],[101.59016,2.96823],[101.59015,2.96799],[101.59007,2.96765],[101.59004,2.96748],[101.58997,2.96715],[101.58985,2.96636],[101.58985,2.96636],[101.58985,2.96636],[101.58936,2.96651],[101.58901,2.96664],[101.58874,2.9668],[101.58867,2.96687],[101.58867,2.96687],[101.58851,2.96701],[101.58827,2.96728],[101.58817,2.96744],[101.58797,2.96777],[101.58794,2.96787],[101.58787,2.96808],[101.5878,2.96838],[101.58778,2.96867],[101.58778,2.96895],[101.58783,2.9692],[101.58787,2.96941],[101.58796,2.96966],[101.58807,2.96986],[101.58816,2.96999],[101.58825,2.97014],[101.58843,2.97036],[101.58862,2.97053],[101.58873,2.97063],[101.58893,2.97079],[101.58917,2.97098],[101.58917,2.97098],[101.58929,2.97082],[101.58958,2.97044],[101.5898,2.97015],[101.58994,2.96997],[101.59003,2.96983]]]}},{"type":"Feature","properties":{"fid":39,"nama":"Pinggiran Cyberjaya","pdk_thn":1536,"luas_h":9.37,"kpdt":164,"unj_2025":0,"unj_2030":0,"unj_2035":0,"e_blok":"1007A021","pop_share":0.004732196,"recy_annual_t":42.59},"geometry":{"type":"Polygon","coordinates":[[[101.59024,2.96872],[101.59215,2.96871],[101.5925,2.96871],[101.59251,2.9685],[101.59255,2.96842],[101.59257,2.96822],[101.59258,2.96794],[101.59264,2.96689],[101.59264,2.96689],[101.59264,2.96688],[101.59265,2.9668],[101.59267,2.96631],[101.59269,2.96619],[101.59271,2.96593],[101.59272,2.96582],[101.58976,2.96582],[101.58985,2.96636],[101.58985,2.96636],[101.58985,2.96636],[101.58985,2.96636],[101.58997,2.96715],[101.59004,2.96748],[101.59007,2.96765],[101.59015,2.96796],[101.59015,2.96799],[101.59016,2.96823],[101.59016,2.96823],[101.59017,2.96867],[101.59024,2.96872]]]}},{"type":"Feature","properties":{"fid":40,"nama":"Pinggiran Cyberjaya","pdk_thn":1167,"luas_h":21.4,"kpdt":55,"unj_2025":0,"unj_2030":0,"unj_2035":0,"e_blok":"1007A022","pop_share":0.00359536,"recy_annual_t":32.358},"geometry":{"type":"Polygon","coordinates":[[[101.59278,2.96349],[101.59281,2.96298],[101.59273,2.96298],[101.59098,2.96299],[101.5902,2.96299],[101.58996,2.963],[101.58961,2.963],[101.58895,2.96302],[101.58815,2.96303],[101.58809,2.96303],[101.58801,2.96302],[101.58718,2.96503],[101.58668,2.96624],[101.58748,2.96655],[101.5885,2.96683],[101.58867,2.96687],[101.58867,2.96687],[101.58874,2.9668],[101.58901,2.96664],[101.58936,2.96651],[101.58985,2.96636],[101.58983,2.96624],[101.58981,2.96609],[101.58976,2.96582],[101.59272,2.96582],[101.59274,2.96541],[101.59274,2.96538],[101.59271,2.96494],[101.59273,2.96469],[101.59274,2.96451],[101.59278,2.96349]]]}},{"type":"Feature","properties":{"fid":41,"nama":"Pinggiran Cyberjaya","pdk_thn":786,"luas_h":21.29,"kpdt":37,"unj_2025":0,"unj_2030":0,"unj_2035":0,"e_blok":"1007A023","pop_share":0.002421554,"recy_annual_t":21.794},"geometry":{"type":"Polygon","coordinates":[[[101.59824,2.96471],[101.59871,2.96395],[101.59883,2.96338],[101.59887,2.9628],[101.59713,2.9628],[101.59714,2.96293],[101.59677,2.96293],[101.59611,2.96293],[101.5961,2.96293],[101.5961,2.96293],[101.59588,2.96293],[101.59588,2.96293],[101.5956,2.96294],[101.59508,2.96293],[101.5946,2.96293],[101.59408,2.96294],[101.59281,2.96298],[101.59278,2.96349],[101.59274,2.96451],[101.59273,2.96469],[101.59271,2.96494],[101.59274,2.96538],[101.59274,2.96541],[101.59272,2.96582],[101.59271,2.96593],[101.59429,2.96601],[101.59796,2.96601],[101.59795,2.96588],[101.59797,2.96568],[101.59805,2.96537],[101.59818,2.96506],[101.59823,2.96486],[101.59824,2.96471]],[[101.59296,2.96393],[101.59297,2.96369],[101.59338,2.96371],[101.59337,2.96395],[101.59335,2.96422],[101.59334,2.9645],[101.59293,2.96448],[101.59295,2.9642],[101.59296,2.96393]]]}},{"type":"Feature","properties":{"fid":42,"nama":"Pinggiran Cyberjaya","pdk_thn":245,"luas_h":0.4,"kpdt":613,"unj_2025":0,"unj_2030":0,"unj_2035":0,"e_blok":"1007A024","pop_share":0.00075481,"recy_annual_t":6.793},"geometry":{"type":"Polygon","coordinates":[[[101.59338,2.96371],[101.59297,2.96369],[101.59296,2.96393],[101.59295,2.9642],[101.59293,2.96448],[101.59334,2.9645],[101.59335,2.96422],[101.59337,2.96395],[101.59338,2.96371]]]}},{"type":"Feature","properties":{"fid":43,"nama":"Pinggiran Cyberjaya","pdk_thn":660,"luas_h":12.65,"kpdt":52,"unj_2025":0,"unj_2030":0,"unj_2035":0,"e_blok":"1007A025","pop_share":0.002033366,"recy_annual_t":18.3},"geometry":{"type":"Polygon","coordinates":[[[101.5946,2.96293],[101.59508,2.96293],[101.5956,2.96294],[101.59588,2.96293],[101.59588,2.96293],[101.5961,2.96293],[101.5961,2.96293],[101.59611,2.96293],[101.5961,2.96222],[101.59609,2.96219],[101.596,2.96215],[101.59584,2.96215],[101.59585,2.96174],[101.59581,2.9617],[101.5956,2.96161],[101.59508,2.96138],[101.59459,2.96115],[101.59408,2.96093],[101.59408,2.96093],[101.59407,2.96216],[101.59367,2.96216],[101.59357,2.96216],[101.59314,2.96216],[101.59289,2.96217],[101.59283,2.96218],[101.59276,2.96217],[101.59273,2.96217],[101.59055,2.96217],[101.58952,2.96218],[101.58875,2.96219],[101.5885,2.9622],[101.58842,2.96223],[101.58707,2.95914],[101.5868,2.95924],[101.58672,2.95928],[101.58643,2.95944],[101.58791,2.96263],[101.58803,2.96288],[101.58803,2.96295],[101.58801,2.96302],[101.58809,2.96303],[101.58815,2.96303],[101.58895,2.96302],[101.58961,2.963],[101.58996,2.963],[101.5902,2.96299],[101.59098,2.96299],[101.59273,2.96298],[101.59281,2.96298],[101.59408,2.96294],[101.5946,2.96293]]]}},{"type":"Feature","properties":{"fid":44,"nama":"Pinggiran Cyberjaya","pdk_thn":2136,"luas_h":127.28,"kpdt":17,"unj_2025":0,"unj_2030":0,"unj_2035":0,"e_blok":"1007A026","pop_share":0.006580711,"recy_annual_t":59.226},"geometry":{"type":"Polygon","coordinates":[[[101.59714,2.96293],[101.59713,2.9628],[101.59829,2.9628],[101.59831,2.9628],[101.59887,2.9628],[101.59887,2.96266],[101.59912,2.96266],[101.59908,2.96157],[101.5995,2.95979],[101.59926,2.95915],[101.59924,2.95915],[101.59922,2.95915],[101.5992,2.95914],[101.59919,2.95913],[101.59918,2.95912],[101.59917,2.95911],[101.59917,2.9591],[101.59908,2.95916],[101.59908,2.95916],[101.59902,2.9592],[101.59878,2.95915],[101.59812,2.959],[101.59803,2.95897],[101.59733,2.95879],[101.59728,2.95877],[101.59728,2.95877],[101.59726,2.95875],[101.59725,2.95871],[101.5973,2.95818],[101.59733,2.95767],[101.59749,2.95614],[101.59752,2.95577],[101.5975,2.95564],[101.59753,2.95517],[101.59756,2.95464],[101.59746,2.95464],[101.59745,2.95407],[101.59745,2.95322],[101.59743,2.95322],[101.58924,2.95207],[101.58923,2.95206],[101.58818,2.95361],[101.58701,2.95569],[101.58706,2.95609],[101.58686,2.95645],[101.58588,2.95827],[101.58568,2.95864],[101.58638,2.95932],[101.58643,2.95944],[101.58672,2.95928],[101.5868,2.95924],[101.58707,2.95914],[101.58842,2.96223],[101.5885,2.9622],[101.58875,2.96219],[101.58952,2.96218],[101.59055,2.96217],[101.59273,2.96217],[101.59276,2.96217],[101.59283,2.96218],[101.59289,2.96217],[101.59314,2.96216],[101.59357,2.96216],[101.59367,2.96216],[101.59407,2.96216],[101.59408,2.96093],[101.59408,2.96093],[101.59459,2.96115],[101.59508,2.96138],[101.5956,2.96161],[101.59581,2.9617],[101.59585,2.96174],[101.59584,2.96215],[101.596,2.96215],[101.59609,2.96219],[101.5961,2.96222],[101.59611,2.96293],[101.59677,2.96293],[101.59714,2.96293]]]}},{"type":"Feature","properties":{"fid":45,"nama":"Pinggiran Cyberjaya","pdk_thn":1058,"luas_h":165.0,"kpdt":6,"unj_2025":0,"unj_2030":0,"unj_2035":0,"e_blok":"1007A027","pop_share":0.003259547,"recy_annual_t":29.336},"geometry":{"type":"Polygon","coordinates":[[[101.5986,2.94649],[101.59863,2.94625],[101.59898,2.94626],[101.59914,2.94626],[101.59912,2.94573],[101.59904,2.94552],[101.59887,2.94528],[101.59862,2.94506],[101.59878,2.94483],[101.59897,2.94457],[101.59906,2.94453],[101.59911,2.94455],[101.5992,2.94459],[101.59937,2.94477],[101.59958,2.94506],[101.5997,2.94536],[101.59979,2.94565],[101.59985,2.94598],[101.59988,2.9462],[101.60001,2.94618],[101.60004,2.94617],[101.6005,2.94616],[101.60083,2.94618],[101.601,2.9462],[101.601,2.9462],[101.60102,2.9462],[101.60105,2.94606],[101.60127,2.94521],[101.60136,2.94493],[101.60145,2.94464],[101.60157,2.94431],[101.60169,2.94396],[101.6018,2.94368],[101.60206,2.94316],[101.60217,2.94297],[101.60221,2.94288],[101.60222,2.94288],[101.60283,2.94181],[101.60297,2.94152],[101.6031,2.94124],[101.60319,2.94099],[101.6033,2.94059],[101.60339,2.94017],[101.60348,2.93976],[101.60349,2.93759],[101.60353,2.93729],[101.60381,2.93683],[101.60401,2.93661],[101.60416,2.93644],[101.60301,2.93586],[101.60218,2.93546],[101.60218,2.9354],[101.60218,2.93534],[101.60217,2.93529],[101.60216,2.93524],[101.60214,2.93518],[101.60212,2.93513],[101.60209,2.93509],[101.60205,2.93504],[101.60201,2.93501],[101.60195,2.93498],[101.60188,2.93497],[101.60181,2.93496],[101.60175,2.93495],[101.60168,2.93496],[101.60161,2.93497],[101.60155,2.93498],[101.60148,2.935],[101.60142,2.93503],[101.60136,2.93506],[101.60085,2.93481],[101.60091,2.93472],[101.60096,2.93443],[101.6009,2.9344],[101.60041,2.93412],[101.60006,2.93393],[101.60006,2.93393],[101.60003,2.93398],[101.59985,2.93436],[101.59845,2.93369],[101.59819,2.93418],[101.5978,2.93493],[101.59739,2.93571],[101.59699,2.93648],[101.5966,2.93721],[101.59623,2.93791],[101.59583,2.93868],[101.59551,2.93928],[101.59528,2.9397],[101.59415,2.94167],[101.59366,2.9425],[101.59456,2.94248],[101.59213,2.94667],[101.58973,2.95118],[101.58939,2.95183],[101.58931,2.95194],[101.58923,2.95206],[101.58924,2.95207],[101.59743,2.95322],[101.5974,2.95162],[101.59739,2.95035],[101.59737,2.94918],[101.59736,2.94841],[101.59744,2.9484],[101.59788,2.94834],[101.59825,2.94824],[101.59854,2.94811],[101.59886,2.9479],[101.59899,2.94777],[101.5989,2.94768],[101.59881,2.94758],[101.59863,2.94738],[101.59829,2.94701],[101.5984,2.94693],[101.59855,2.94673],[101.5986,2.94649]]]}},{"type":"Feature","properties":{"fid":46,"nama":"Pinggiran Cyberjaya","pdk_thn":882,"luas_h":10.18,"kpdt":87,"unj_2025":0,"unj_2030":0,"unj_2035":0,"e_blok":"1007A028","pop_share":0.002717316,"recy_annual_t":24.456},"geometry":{"type":"Polygon","coordinates":[[[101.59906,2.94787],[101.59916,2.94776],[101.59929,2.94786],[101.5994,2.94795],[101.59962,2.94815],[101.59972,2.94808],[101.59985,2.94807],[101.60078,2.94808],[101.60087,2.94808],[101.60095,2.9472],[101.60098,2.94655],[101.60105,2.94626],[101.60102,2.9462],[101.601,2.9462],[101.601,2.9462],[101.6005,2.94616],[101.60004,2.94617],[101.59988,2.9462],[101.59985,2.94598],[101.59979,2.94565],[101.5997,2.94536],[101.59958,2.94506],[101.59937,2.94477],[101.5992,2.94459],[101.59911,2.94455],[101.59906,2.94453],[101.59897,2.94457],[101.59878,2.94483],[101.59862,2.94506],[101.59887,2.94528],[101.59904,2.94552],[101.59912,2.94573],[101.59914,2.94626],[101.59898,2.94626],[101.59863,2.94625],[101.5986,2.94649],[101.59855,2.94673],[101.5984,2.94693],[101.59829,2.94701],[101.59863,2.94738],[101.59881,2.94758],[101.59899,2.94777],[101.59886,2.9479],[101.59854,2.94811],[101.59825,2.94824],[101.59788,2.94834],[101.59744,2.9484],[101.59736,2.94841],[101.59737,2.94918],[101.59739,2.95035],[101.59744,2.95037],[101.59792,2.95057],[101.59803,2.9504],[101.5983,2.95017],[101.59844,2.94998],[101.59861,2.94981],[101.59896,2.94942],[101.59905,2.94932],[101.59904,2.94932],[101.59901,2.94929],[101.59882,2.94905],[101.59875,2.94885],[101.59871,2.9486],[101.59873,2.94837],[101.59881,2.94816],[101.59895,2.94799],[101.59906,2.94787]]]}},{"type":"Feature","properties":{"fid":47,"nama":"Pinggiran Cyberjaya","pdk_thn":1084,"luas_h":11.73,"kpdt":92,"unj_2025":0,"unj_2030":0,"unj_2035":0,"e_blok":"1007A029","pop_share":0.003339649,"recy_annual_t":30.057},"geometry":{"type":"Polygon","coordinates":[[[101.5998,2.95146],[101.59985,2.95116],[101.59986,2.95099],[101.60079,2.95099],[101.60082,2.95092],[101.60084,2.95089],[101.60086,2.94916],[101.60087,2.94893],[101.60087,2.94856],[101.60087,2.94815],[101.60087,2.94808],[101.60078,2.94808],[101.60063,2.94808],[101.59985,2.94807],[101.59972,2.94808],[101.59962,2.94815],[101.5994,2.94795],[101.59929,2.94786],[101.59916,2.94776],[101.59906,2.94787],[101.59895,2.94799],[101.59881,2.94816],[101.59873,2.94837],[101.59871,2.9486],[101.59875,2.94885],[101.59882,2.94905],[101.59901,2.94929],[101.59904,2.94932],[101.59905,2.94932],[101.59896,2.94942],[101.59866,2.94976],[101.59861,2.94981],[101.59861,2.94981],[101.59844,2.94998],[101.5983,2.95017],[101.59803,2.9504],[101.59792,2.95057],[101.59744,2.95037],[101.59739,2.95035],[101.5974,2.95162],[101.59745,2.9516],[101.59745,2.9516],[101.59794,2.95134],[101.59827,2.95172],[101.59859,2.95215],[101.59892,2.95257],[101.59899,2.95262],[101.59904,2.95262],[101.59911,2.95262],[101.59917,2.9526],[101.59923,2.95255],[101.59929,2.95248],[101.59939,2.95236],[101.59949,2.95221],[101.5996,2.95202],[101.59972,2.95174],[101.5998,2.95146]]]}},{"type":"Feature","properties":{"fid":48,"nama":"Pinggiran Cyberjaya","pdk_thn":593,"luas_h":31.08,"kpdt":19,"unj_2025":0,"unj_2030":0,"unj_2035":0,"e_blok":"1007A030","pop_share":0.001826948,"recy_annual_t":16.443},"geometry":{"type":"Polygon","coordinates":[[[101.60096,2.95923],[101.6009,2.95884],[101.60089,2.95879],[101.6008,2.95806],[101.60128,2.95799],[101.60163,2.95799],[101.60197,2.95802],[101.60243,2.95813],[101.60285,2.95828],[101.60313,2.95845],[101.60323,2.95825],[101.60328,2.95814],[101.60376,2.95763],[101.60377,2.95757],[101.6038,2.9574],[101.60408,2.95742],[101.60408,2.95684],[101.60383,2.95696],[101.6038,2.95697],[101.60315,2.95695],[101.60219,2.95679],[101.60121,2.95666],[101.60071,2.95662],[101.60017,2.95642],[101.59978,2.95622],[101.59958,2.95605],[101.59941,2.95578],[101.59941,2.95538],[101.59941,2.95478],[101.5994,2.95433],[101.59947,2.95422],[101.59954,2.95412],[101.59961,2.95402],[101.59969,2.95392],[101.59977,2.95383],[101.59986,2.95374],[101.59995,2.95365],[101.60005,2.95357],[101.6001,2.95349],[101.60015,2.9534],[101.6002,2.95331],[101.60024,2.95322],[101.60027,2.95313],[101.60031,2.95303],[101.60031,2.95298],[101.6003,2.95293],[101.60029,2.95288],[101.60028,2.95284],[101.60026,2.95279],[101.60023,2.95275],[101.6002,2.95271],[101.60016,2.95268],[101.60014,2.95265],[101.60012,2.95262],[101.60011,2.95259],[101.6001,2.95256],[101.60009,2.95252],[101.6001,2.95249],[101.6001,2.95245],[101.60012,2.95242],[101.60014,2.95239],[101.60016,2.95237],[101.60018,2.95235],[101.60021,2.95233],[101.60025,2.95232],[101.60032,2.95224],[101.6004,2.95215],[101.60046,2.95206],[101.60052,2.95197],[101.60058,2.95187],[101.60063,2.95177],[101.60067,2.95166],[101.6007,2.95156],[101.60073,2.95145],[101.60076,2.95134],[101.60077,2.95123],[101.60078,2.95111],[101.60078,2.951],[101.60079,2.95099],[101.59986,2.95099],[101.59985,2.95116],[101.5998,2.95146],[101.59972,2.95174],[101.5996,2.95202],[101.59949,2.95221],[101.59939,2.95236],[101.59929,2.95248],[101.59923,2.95255],[101.59917,2.9526],[101.59911,2.95262],[101.59904,2.95262],[101.59899,2.95262],[101.59892,2.95257],[101.59859,2.95215],[101.59827,2.95172],[101.59794,2.95134],[101.59745,2.9516],[101.59745,2.9516],[101.5974,2.95162],[101.59743,2.95322],[101.59745,2.95322],[101.59745,2.95407],[101.59746,2.95464],[101.59756,2.95464],[101.59753,2.95517],[101.5975,2.95564],[101.59752,2.95577],[101.59749,2.95614],[101.59733,2.95767],[101.5973,2.95818],[101.59725,2.95871],[101.59726,2.95875],[101.59728,2.95877],[101.59728,2.95877],[101.59733,2.95879],[101.59803,2.95897],[101.59812,2.959],[101.59878,2.95915],[101.59902,2.9592],[101.59908,2.95916],[101.59908,2.95916],[101.59917,2.9591],[101.59917,2.95911],[101.59918,2.95912],[101.59919,2.95913],[101.5992,2.95914],[101.59922,2.95915],[101.59924,2.95915],[101.59926,2.95915],[101.5995,2.95979],[101.59966,2.95976],[101.60012,2.95969],[101.60058,2.95962],[101.60073,2.95956],[101.60081,2.95952],[101.60099,2.95949],[101.60099,2.95945],[101.60101,2.95945],[101.60096,2.95923]]]}},{"type":"Feature","properties":{"fid":49,"nama":"Pinggiran Cyberjaya","pdk_thn":1221,"luas_h":250.3,"kpdt":5,"unj_2025":0,"unj_2030":0,"unj_2035":0,"e_blok":"1007A031","pop_share":0.003761727,"recy_annual_t":33.856},"geometry":{"type":"Polygon","coordinates":[[[101.61035,2.96223],[101.61087,2.96189],[101.61105,2.96175],[101.61123,2.96161],[101.61135,2.96151],[101.6115,2.96134],[101.61198,2.96065],[101.61214,2.96031],[101.61218,2.96012],[101.61225,2.96004],[101.61242,2.9599],[101.61251,2.95976],[101.61267,2.95966],[101.61287,2.95956],[101.61306,2.95945],[101.61322,2.9593],[101.61351,2.95903],[101.61378,2.9588],[101.61391,2.95868],[101.61412,2.9584],[101.61431,2.95829],[101.61445,2.9582],[101.61456,2.9581],[101.61471,2.95788],[101.61478,2.95783],[101.61485,2.95772],[101.61497,2.95748],[101.61517,2.95723],[101.61542,2.95708],[101.61561,2.95694],[101.61575,2.95682],[101.61581,2.95663],[101.61588,2.95637],[101.61591,2.95612],[101.61595,2.95596],[101.61602,2.95583],[101.61645,2.95581],[101.61684,2.9558],[101.61694,2.9558],[101.61693,2.9521],[101.61694,2.95189],[101.61694,2.951],[101.61694,2.95093],[101.61693,2.95041],[101.61695,2.94956],[101.61694,2.94905],[101.61693,2.9481],[101.61692,2.94806],[101.61565,2.94808],[101.61507,2.94808],[101.61414,2.94808],[101.61339,2.94808],[101.61279,2.94808],[101.61176,2.94808],[101.61176,2.94809],[101.61175,2.94809],[101.6106,2.94809],[101.60847,2.94809],[101.60798,2.94809],[101.60689,2.94807],[101.60652,2.94808],[101.60598,2.94811],[101.60566,2.9481],[101.60566,2.9481],[101.6053,2.94812],[101.60527,2.94808],[101.60525,2.94804],[101.60522,2.94789],[101.60522,2.94771],[101.60525,2.94746],[101.60539,2.94698],[101.60541,2.94681],[101.60539,2.94658],[101.60536,2.94641],[101.60523,2.94621],[101.60136,2.94493],[101.60127,2.94521],[101.60105,2.94606],[101.60102,2.9462],[101.60105,2.94626],[101.60098,2.94655],[101.60095,2.9472],[101.60087,2.94815],[101.60087,2.94856],[101.60087,2.94894],[101.60087,2.94895],[101.60087,2.94895],[101.60086,2.94916],[101.60084,2.95089],[101.60078,2.951],[101.60078,2.95111],[101.60077,2.95123],[101.60076,2.95134],[101.60073,2.95145],[101.6007,2.95156],[101.60067,2.95166],[101.60063,2.95177],[101.60058,2.95187],[101.60052,2.95197],[101.60046,2.95206],[101.6004,2.95215],[101.60032,2.95224],[101.60025,2.95232],[101.60021,2.95233],[101.60018,2.95235],[101.60016,2.95237],[101.60014,2.95239],[101.60012,2.95242],[101.6001,2.95245],[101.6001,2.95249],[101.60009,2.95252],[101.6001,2.95256],[101.60011,2.95259],[101.60012,2.95262],[101.60014,2.95265],[101.60016,2.95268],[101.6002,2.95271],[101.60023,2.95275],[101.60026,2.95279],[101.60028,2.95284],[101.60029,2.95288],[101.6003,2.95293],[101.60031,2.95298],[101.60031,2.95303],[101.60027,2.95313],[101.60024,2.95322],[101.6002,2.95331],[101.60015,2.9534],[101.6001,2.95349],[101.60005,2.95357],[101.59995,2.95365],[101.59986,2.95374],[101.59977,2.95383],[101.59969,2.95392],[101.59961,2.95402],[101.59954,2.95412],[101.59947,2.95422],[101.5994,2.95433],[101.59941,2.95538],[101.59941,2.95578],[101.59958,2.95605],[101.59978,2.95622],[101.60017,2.95642],[101.60071,2.95662],[101.60121,2.95666],[101.60219,2.95679],[101.60315,2.95695],[101.6038,2.95697],[101.60408,2.95684],[101.60408,2.95742],[101.6038,2.9574],[101.60377,2.95757],[101.60376,2.95763],[101.60328,2.95814],[101.60323,2.95825],[101.60313,2.95845],[101.60285,2.95828],[101.60243,2.95813],[101.60197,2.95802],[101.60163,2.95799],[101.60128,2.95799],[101.6008,2.95806],[101.60089,2.95879],[101.6009,2.95884],[101.60096,2.95923],[101.60101,2.95945],[101.60106,2.95943],[101.60116,2.95942],[101.60125,2.95941],[101.60134,2.95941],[101.60144,2.95941],[101.60153,2.95942],[101.60162,2.95944],[101.60171,2.95946],[101.6018,2.95949],[101.60189,2.95953],[101.60197,2.95957],[101.60205,2.95962],[101.60258,2.96],[101.60312,2.96037],[101.60366,2.96075],[101.6042,2.96111],[101.60474,2.96148],[101.60491,2.96157],[101.60494,2.96158],[101.60493,2.96052],[101.60493,2.95933],[101.60524,2.9593],[101.60572,2.9593],[101.60619,2.95934],[101.60643,2.95948],[101.60658,2.95966],[101.60665,2.95982],[101.60669,2.96007],[101.60667,2.96019],[101.60701,2.96019],[101.60703,2.96071],[101.60703,2.96144],[101.60716,2.96176],[101.60731,2.96191],[101.60799,2.9619],[101.60872,2.96189],[101.60908,2.96197],[101.60931,2.9619],[101.60983,2.96204],[101.61035,2.96223]]]}},{"type":"Feature","properties":{"fid":50,"nama":"Pinggiran Cyberjaya","pdk_thn":492,"luas_h":2.44,"kpdt":202,"unj_2025":0,"unj_2030":0,"unj_2035":0,"e_blok":"1007A032","pop_share":0.001515782,"recy_annual_t":13.642},"geometry":{"type":"Polygon","coordinates":[[[101.60619,2.95934],[101.60572,2.9593],[101.60524,2.9593],[101.60493,2.95933],[101.60493,2.96052],[101.60644,2.96052],[101.60656,2.96052],[101.60658,2.96046],[101.60666,2.96027],[101.60669,2.96007],[101.60665,2.95982],[101.60658,2.95966],[101.60643,2.95948],[101.60619,2.95934]]]}},{"type":"Feature","properties":{"fid":51,"nama":"Pinggiran Cyberjaya","pdk_thn":973,"luas_h":48.68,"kpdt":20,"unj_2025":0,"unj_2030":0,"unj_2035":0,"e_blok":"1007A033","pop_share":0.002997674,"recy_annual_t":26.979},"geometry":{"type":"Polygon","coordinates":[[[101.60959,2.96454],[101.61046,2.96381],[101.61098,2.96381],[101.61102,2.96381],[101.61102,2.96422],[101.61102,2.96425],[101.61102,2.96431],[101.61102,2.96432],[101.61102,2.96433],[101.61151,2.96432],[101.61328,2.96432],[101.61328,2.96425],[101.61327,2.96425],[101.61328,2.96421],[101.61328,2.9631],[101.61328,2.9631],[101.6137,2.9631],[101.61412,2.96309],[101.6146,2.96309],[101.6146,2.9631],[101.61461,2.9631],[101.61461,2.96299],[101.61461,2.9627],[101.61703,2.96268],[101.61744,2.96268],[101.61745,2.96266],[101.61754,2.96244],[101.61762,2.96216],[101.61767,2.96195],[101.6176,2.96161],[101.61759,2.9614],[101.61757,2.96057],[101.61752,2.96025],[101.61716,2.959],[101.61707,2.95849],[101.61705,2.95835],[101.61696,2.95768],[101.61694,2.9574],[101.61694,2.9558],[101.61684,2.9558],[101.61645,2.95581],[101.61602,2.95583],[101.61595,2.95596],[101.61591,2.95612],[101.61588,2.95637],[101.61581,2.95663],[101.61575,2.95682],[101.61561,2.95694],[101.61542,2.95708],[101.61517,2.95723],[101.61497,2.95748],[101.61485,2.95772],[101.61478,2.95783],[101.61471,2.95788],[101.61456,2.9581],[101.61445,2.9582],[101.61431,2.95829],[101.61412,2.9584],[101.61391,2.95868],[101.61378,2.9588],[101.61351,2.95903],[101.61322,2.9593],[101.61306,2.95945],[101.61287,2.95956],[101.61267,2.95966],[101.61251,2.95976],[101.61242,2.9599],[101.61225,2.96004],[101.61218,2.96012],[101.61214,2.96031],[101.61198,2.96065],[101.6115,2.96134],[101.61135,2.96151],[101.61123,2.96161],[101.61105,2.96175],[101.61087,2.96189],[101.61035,2.96223],[101.60983,2.96204],[101.60931,2.9619],[101.60908,2.96197],[101.60872,2.96189],[101.60799,2.9619],[101.60731,2.96191],[101.60716,2.96176],[101.60703,2.96144],[101.60703,2.96071],[101.60702,2.96052],[101.60701,2.96019],[101.60667,2.96019],[101.60666,2.96027],[101.60658,2.96046],[101.60656,2.96052],[101.60654,2.96064],[101.60651,2.96088],[101.60653,2.9611],[101.60676,2.96201],[101.60679,2.96207],[101.60695,2.96238],[101.60739,2.9627],[101.60754,2.96298],[101.60768,2.96319],[101.60781,2.9634],[101.60792,2.96351],[101.60803,2.96363],[101.60815,2.96373],[101.60827,2.96383],[101.6084,2.96393],[101.60853,2.96402],[101.60867,2.96411],[101.6088,2.96419],[101.60895,2.96426],[101.60901,2.96429],[101.60908,2.96432],[101.60914,2.96435],[101.6092,2.9644],[101.60926,2.96445],[101.60931,2.9645],[101.60931,2.96451],[101.60936,2.96456],[101.6094,2.96462],[101.60943,2.96468],[101.60959,2.96454]]]}},{"type":"Feature","properties":{"fid":52,"nama":"Pinggiran Cyberjaya","pdk_thn":1085,"luas_h":35.94,"kpdt":30,"unj_2025":0,"unj_2030":0,"unj_2035":0,"e_blok":"1007A034","pop_share":0.00334273,"recy_annual_t":30.085},"geometry":{"type":"Polygon","coordinates":[[[101.60954,2.96872],[101.60954,2.96843],[101.60954,2.96782],[101.60954,2.96744],[101.60954,2.96696],[101.60954,2.96646],[101.60954,2.96622],[101.60954,2.96597],[101.60954,2.96513],[101.60973,2.96513],[101.61037,2.96513],[101.61037,2.96563],[101.61085,2.96563],[101.61103,2.96563],[101.61103,2.96563],[101.61102,2.96433],[101.61102,2.96432],[101.61102,2.96431],[101.61102,2.96425],[101.61102,2.96422],[101.61102,2.96381],[101.61098,2.96381],[101.61046,2.96381],[101.60959,2.96454],[101.60944,2.96467],[101.60943,2.96468],[101.6094,2.96462],[101.60936,2.96456],[101.60931,2.9645],[101.60926,2.96445],[101.6092,2.9644],[101.60914,2.96435],[101.60908,2.96432],[101.60901,2.96429],[101.60895,2.96426],[101.6088,2.96419],[101.60867,2.96411],[101.60853,2.96402],[101.6084,2.96393],[101.60827,2.96383],[101.60815,2.96373],[101.60803,2.96363],[101.60792,2.96351],[101.60781,2.9634],[101.60768,2.96319],[101.60754,2.96298],[101.60739,2.9627],[101.60695,2.96238],[101.60679,2.96207],[101.60676,2.96201],[101.60653,2.9611],[101.60651,2.96088],[101.60654,2.96064],[101.60656,2.96052],[101.60644,2.96052],[101.60493,2.96052],[101.60494,2.96158],[101.60508,2.96167],[101.60525,2.96177],[101.60541,2.96188],[101.60556,2.962],[101.60572,2.96212],[101.60587,2.96224],[101.60592,2.96231],[101.60596,2.96238],[101.606,2.96245],[101.60603,2.96253],[101.60605,2.9626],[101.60607,2.96268],[101.60608,2.96277],[101.60609,2.96285],[101.60608,2.96293],[101.60725,2.96334],[101.60734,2.96397],[101.60704,2.96475],[101.60707,2.96488],[101.60659,2.96549],[101.60538,2.96619],[101.60482,2.96681],[101.60451,2.96715],[101.60371,2.96715],[101.60308,2.96675],[101.60223,2.96671],[101.60157,2.96757],[101.60177,2.96872],[101.60177,2.9687],[101.60178,2.96869],[101.60178,2.96867],[101.60179,2.96866],[101.6018,2.96865],[101.60181,2.96864],[101.60183,2.96863],[101.60184,2.96862],[101.60186,2.96862],[101.60187,2.96862],[101.60189,2.96862],[101.60725,2.96869],[101.60932,2.96872],[101.60954,2.96872]]]}},{"type":"Feature","properties":{"fid":53,"nama":"Pinggiran Cyberjaya","pdk_thn":739,"luas_h":5.76,"kpdt":128,"unj_2025":0,"unj_2030":0,"unj_2035":0,"e_blok":"1007A035","pop_share":0.002276753,"recy_annual_t":20.491},"geometry":{"type":"Polygon","coordinates":[[[101.61085,2.96687],[101.61085,2.96687],[101.61086,2.96687],[101.61085,2.96645],[101.61104,2.96645],[101.61103,2.96563],[101.61103,2.96563],[101.61085,2.96563],[101.61037,2.96563],[101.61037,2.96513],[101.60973,2.96513],[101.60954,2.96513],[101.60954,2.96597],[101.60954,2.96622],[101.60954,2.9664],[101.60954,2.96646],[101.60954,2.96696],[101.60954,2.96709],[101.60954,2.96744],[101.60954,2.96782],[101.60954,2.96843],[101.60954,2.96872],[101.60954,2.96872],[101.60955,2.96872],[101.6109,2.96873],[101.61091,2.96846],[101.61094,2.96842],[101.61093,2.96815],[101.61093,2.96814],[101.61085,2.96782],[101.61085,2.96735],[101.61086,2.96709],[101.61085,2.96687]]]}},{"type":"Feature","properties":{"fid":54,"nama":"Pinggiran Cyberjaya","pdk_thn":1968,"luas_h":27.36,"kpdt":72,"unj_2025":0,"unj_2030":0,"unj_2035":0,"e_blok":"1007A036","pop_share":0.006063127,"recy_annual_t":54.568},"geometry":{"type":"Polygon","coordinates":[[[101.6143,2.96706],[101.61439,2.96669],[101.61463,2.96626],[101.61503,2.96585],[101.61516,2.96574],[101.61548,2.96545],[101.61555,2.96538],[101.61578,2.96506],[101.616,2.9647],[101.61603,2.96466],[101.61603,2.96466],[101.61606,2.96461],[101.61615,2.96446],[101.61628,2.96427],[101.61641,2.96407],[101.61655,2.96388],[101.61669,2.9637],[101.61683,2.96351],[101.61698,2.96333],[101.61706,2.96323],[101.61706,2.96323],[101.61739,2.96281],[101.61744,2.96268],[101.61744,2.96268],[101.61703,2.96268],[101.61461,2.9627],[101.61461,2.9631],[101.6146,2.9631],[101.6146,2.96309],[101.61412,2.96309],[101.6137,2.9631],[101.61328,2.9631],[101.61328,2.9631],[101.61328,2.96421],[101.61327,2.96425],[101.61328,2.96425],[101.61328,2.96432],[101.61151,2.96432],[101.61102,2.96433],[101.61103,2.96563],[101.61104,2.96645],[101.61085,2.96645],[101.61086,2.96687],[101.61085,2.96687],[101.61085,2.96687],[101.61085,2.96694],[101.61086,2.96709],[101.61085,2.96735],[101.61085,2.96782],[101.61093,2.96814],[101.61093,2.96815],[101.61094,2.96842],[101.61091,2.96846],[101.6109,2.96873],[101.61092,2.96873],[101.61101,2.96873],[101.61171,2.96874],[101.61336,2.96877],[101.61337,2.96878],[101.61372,2.96878],[101.61391,2.96826],[101.61412,2.96767],[101.61411,2.96766],[101.61415,2.96755],[101.61424,2.96725],[101.6143,2.96706]]]}},{"type":"Feature","properties":{"fid":55,"nama":"Pinggiran Cyberjaya","pdk_thn":805,"luas_h":85.62,"kpdt":9,"unj_2025":0,"unj_2030":0,"unj_2035":0,"e_blok":"1007A037","pop_share":0.00248009,"recy_annual_t":22.321},"geometry":{"type":"Polygon","coordinates":[[[101.61057,2.97602],[101.61057,2.97597],[101.61168,2.97598],[101.61192,2.97598],[101.61192,2.97597],[101.61174,2.97548],[101.61172,2.97539],[101.6117,2.97529],[101.61169,2.9752],[101.61168,2.97511],[101.61169,2.97501],[101.61169,2.97492],[101.61171,2.97483],[101.61172,2.97474],[101.61175,2.97465],[101.61178,2.97456],[101.61182,2.97447],[101.6136,2.96915],[101.61372,2.96879],[101.61372,2.96878],[101.61337,2.96878],[101.61336,2.96877],[101.61171,2.96874],[101.61101,2.96873],[101.61092,2.96873],[101.6109,2.96873],[101.60955,2.96872],[101.60954,2.96872],[101.60932,2.96872],[101.60725,2.96869],[101.60189,2.96862],[101.60187,2.96862],[101.60186,2.96862],[101.60184,2.96862],[101.60183,2.96863],[101.60181,2.96864],[101.6018,2.96865],[101.60179,2.96866],[101.60178,2.96867],[101.60178,2.96869],[101.60177,2.9687],[101.60177,2.96872],[101.60173,2.9696],[101.60155,2.97016],[101.60155,2.97186],[101.6015,2.97226],[101.60144,2.97262],[101.60143,2.97358],[101.60169,2.97358],[101.60346,2.97357],[101.60518,2.97357],[101.60517,2.97409],[101.60613,2.9741],[101.6062,2.9741],[101.6062,2.97495],[101.6053,2.97494],[101.60529,2.97525],[101.60529,2.97538],[101.60528,2.97579],[101.60653,2.97581],[101.60653,2.97581],[101.60653,2.97554],[101.60974,2.97555],[101.60976,2.97603],[101.60976,2.9764],[101.60976,2.97659],[101.60994,2.97659],[101.61057,2.97659],[101.61057,2.97659],[101.61057,2.97651],[101.61057,2.97651],[101.61057,2.9765],[101.61057,2.97602]],[[101.60712,2.97412],[101.60712,2.97412],[101.60712,2.97412],[101.60712,2.97412]]]}},{"type":"Feature","properties":{"fid":56,"nama":"Pinggiran Cyberjaya","pdk_thn":852,"luas_h":12.85,"kpdt":66,"unj_2025":0,"unj_2030":0,"unj_2035":0,"e_blok":"1007A038","pop_share":0.00262489,"recy_annual_t":23.624},"geometry":{"type":"Polygon","coordinates":[[[101.60385,2.97592],[101.60385,2.97592],[101.604,2.97706],[101.60401,2.97712],[101.60401,2.97713],[101.60403,2.97725],[101.60409,2.97725],[101.60413,2.97725],[101.60526,2.97726],[101.60527,2.97713],[101.60528,2.97661],[101.60528,2.97618],[101.60528,2.97579],[101.60529,2.97538],[101.60529,2.97525],[101.6053,2.97494],[101.6062,2.97495],[101.6062,2.97469],[101.6062,2.9741],[101.60613,2.9741],[101.60517,2.97409],[101.60518,2.97357],[101.60346,2.97357],[101.60169,2.97358],[101.60143,2.97358],[101.60142,2.97544],[101.60261,2.97543],[101.60366,2.97543],[101.60379,2.97543],[101.60379,2.97546],[101.60385,2.97592]]]}},{"type":"Feature","properties":{"fid":57,"nama":"Pinggiran Cyberjaya","pdk_thn":1465,"luas_h":25.64,"kpdt":57,"unj_2025":0,"unj_2030":0,"unj_2035":0,"e_blok":"1007A039","pop_share":0.004513456,"recy_annual_t":40.621},"geometry":{"type":"Polygon","coordinates":[[[101.60156,2.98033],[101.60167,2.98033],[101.60379,2.98034],[101.60443,2.98034],[101.60865,2.98036],[101.60876,2.98035],[101.6088,2.97916],[101.60873,2.97916],[101.60525,2.97911],[101.60526,2.97767],[101.60526,2.97726],[101.60413,2.97725],[101.60409,2.97725],[101.60403,2.97725],[101.60401,2.97713],[101.60401,2.97712],[101.604,2.97706],[101.60385,2.97592],[101.60379,2.97546],[101.60379,2.97543],[101.60366,2.97543],[101.60351,2.97543],[101.60261,2.97543],[101.60142,2.97544],[101.6014,2.97706],[101.6014,2.97713],[101.60137,2.97893],[101.6014,2.98036],[101.60146,2.98035],[101.60156,2.98033]]]}},{"type":"Feature","properties":{"fid":58,"nama":"Pinggiran Cyberjaya","pdk_thn":1125,"luas_h":38.38,"kpdt":29,"unj_2025":0,"unj_2030":0,"unj_2035":0,"e_blok":"1007A040","pop_share":0.003465964,"recy_annual_t":31.194},"geometry":{"type":"Polygon","coordinates":[[[101.6123,2.97706],[101.61212,2.97653],[101.61212,2.97653],[101.61192,2.97598],[101.61168,2.97598],[101.61057,2.97597],[101.61057,2.97602],[101.61057,2.9765],[101.61057,2.97651],[101.61057,2.97651],[101.61057,2.97659],[101.61057,2.97659],[101.61055,2.97659],[101.60994,2.97659],[101.60976,2.97659],[101.60976,2.9764],[101.60976,2.97603],[101.60974,2.97555],[101.60653,2.97554],[101.60653,2.97581],[101.60528,2.97579],[101.60528,2.97618],[101.60528,2.97661],[101.60527,2.97713],[101.60526,2.97726],[101.60526,2.97767],[101.60525,2.97911],[101.60873,2.97916],[101.6088,2.97916],[101.60876,2.98035],[101.6106,2.98036],[101.61204,2.98037],[101.61472,2.98038],[101.61436,2.97994],[101.61387,2.97935],[101.61357,2.97897],[101.61309,2.97839],[101.61284,2.97809],[101.61269,2.97786],[101.61257,2.97765],[101.61257,2.97764],[101.61255,2.9776],[101.61254,2.97758],[101.61241,2.97735],[101.61231,2.97708],[101.6123,2.97706]]]}},{"type":"Feature","properties":{"fid":59,"nama":"Pinggiran Cyberjaya","pdk_thn":1338,"luas_h":135.97,"kpdt":10,"unj_2025":0,"unj_2030":0,"unj_2035":0,"e_blok":"1007A041","pop_share":0.004122187,"recy_annual_t":37.1},"geometry":{"type":"Polygon","coordinates":[[[101.61865,2.96898],[101.61916,2.96812],[101.61911,2.96809],[101.61893,2.96798],[101.61882,2.96791],[101.61882,2.96791],[101.61874,2.96805],[101.61873,2.96806],[101.61848,2.96849],[101.61847,2.96849],[101.61815,2.96827],[101.61769,2.96796],[101.6172,2.96764],[101.61749,2.96714],[101.61751,2.96711],[101.61807,2.96615],[101.61653,2.96512],[101.61598,2.96474],[101.61578,2.96506],[101.61555,2.96538],[101.61548,2.96545],[101.61516,2.96574],[101.61513,2.96576],[101.61503,2.96585],[101.61499,2.96589],[101.61463,2.96626],[101.61439,2.96669],[101.6143,2.96706],[101.61424,2.96725],[101.61415,2.96755],[101.61411,2.96766],[101.61412,2.96767],[101.61391,2.96826],[101.6139,2.96829],[101.61382,2.9685],[101.61372,2.96878],[101.61372,2.96879],[101.6136,2.96915],[101.61182,2.97447],[101.61178,2.97456],[101.61175,2.97465],[101.61172,2.97474],[101.61171,2.97483],[101.61169,2.97492],[101.61169,2.97501],[101.61168,2.97511],[101.61169,2.9752],[101.6117,2.97529],[101.61172,2.97539],[101.61174,2.97548],[101.61208,2.9764],[101.61212,2.97653],[101.61212,2.97653],[101.6123,2.97706],[101.61231,2.97708],[101.61241,2.97735],[101.61254,2.97758],[101.61257,2.97764],[101.61269,2.97786],[101.61284,2.97809],[101.61309,2.97839],[101.61357,2.97897],[101.61387,2.97935],[101.61436,2.97994],[101.61469,2.98035],[101.61891,2.98034],[101.62009,2.97975],[101.62025,2.97961],[101.62039,2.9795],[101.62053,2.97939],[101.62067,2.97926],[101.6208,2.97914],[101.62092,2.97901],[101.62104,2.97887],[101.62116,2.97873],[101.62127,2.97858],[101.62137,2.97843],[101.62147,2.97828],[101.62156,2.97812],[101.62165,2.97798],[101.62172,2.97784],[101.62179,2.97769],[101.62186,2.97755],[101.62192,2.97739],[101.62197,2.97724],[101.62202,2.97709],[101.62206,2.97693],[101.6221,2.97677],[101.62213,2.97661],[101.62215,2.97645],[101.62217,2.97629],[101.62243,2.97493],[101.62249,2.97474],[101.62255,2.97455],[101.62262,2.97437],[101.6227,2.97419],[101.62278,2.97401],[101.62286,2.97383],[101.62296,2.97366],[101.62306,2.97349],[101.6231,2.97342],[101.62268,2.97259],[101.62187,2.97208],[101.62175,2.97201],[101.62126,2.97169],[101.62078,2.97138],[101.61975,2.97073],[101.61932,2.97042],[101.61921,2.97034],[101.61872,2.97011],[101.61818,2.96987],[101.61865,2.96898]]]}},{"type":"Feature","properties":{"fid":60,"nama":"Pinggiran Cyberjaya","pdk_thn":871,"luas_h":121.97,"kpdt":7,"unj_2025":0,"unj_2030":0,"unj_2035":0,"e_blok":"1007A042","pop_share":0.002683427,"recy_annual_t":24.151},"geometry":{"type":"Polygon","coordinates":[[[101.62065,2.96792],[101.62087,2.96752],[101.62031,2.96727],[101.61944,2.96683],[101.61972,2.96635],[101.61991,2.96597],[101.62016,2.96525],[101.62033,2.96485],[101.6205,2.96455],[101.62067,2.96433],[101.62116,2.96385],[101.62152,2.96353],[101.62177,2.96329],[101.62186,2.96319],[101.62197,2.96304],[101.62214,2.96276],[101.62232,2.96248],[101.6225,2.96221],[101.62268,2.96194],[101.62293,2.9617],[101.62316,2.96145],[101.62339,2.9612],[101.62348,2.9611],[101.62356,2.96099],[101.62364,2.96088],[101.62371,2.96077],[101.62375,2.96072],[101.6238,2.96067],[101.62385,2.96062],[101.6239,2.96058],[101.62396,2.96055],[101.62402,2.96052],[101.62408,2.9605],[101.62422,2.96044],[101.62418,2.96016],[101.62416,2.96007],[101.62413,2.96002],[101.62406,2.95996],[101.62381,2.95981],[101.62359,2.95967],[101.62323,2.95946],[101.6236,2.95909],[101.62391,2.95874],[101.62409,2.958],[101.62421,2.95743],[101.6244,2.95669],[101.62467,2.95576],[101.62472,2.95563],[101.62492,2.95506],[101.625,2.95488],[101.62511,2.95468],[101.62549,2.95371],[101.62571,2.95323],[101.62592,2.95278],[101.62634,2.95208],[101.62627,2.95201],[101.62614,2.95196],[101.62595,2.95198],[101.62572,2.95206],[101.62533,2.95206],[101.62469,2.95205],[101.62347,2.95202],[101.62304,2.95201],[101.62108,2.95197],[101.62012,2.95195],[101.61694,2.95189],[101.61693,2.9521],[101.61694,2.9558],[101.61694,2.9574],[101.61696,2.95768],[101.61705,2.95835],[101.61707,2.95849],[101.61716,2.959],[101.61752,2.96025],[101.61757,2.96057],[101.61759,2.9614],[101.6176,2.96161],[101.61767,2.96195],[101.61762,2.96216],[101.61754,2.96244],[101.61744,2.96268],[101.61739,2.96281],[101.61706,2.96323],[101.61706,2.96323],[101.61698,2.96333],[101.61683,2.96351],[101.61669,2.9637],[101.61655,2.96388],[101.61641,2.96407],[101.61628,2.96427],[101.61615,2.96446],[101.61603,2.96466],[101.61603,2.96466],[101.61598,2.96474],[101.61653,2.96512],[101.61807,2.96615],[101.61751,2.96711],[101.6172,2.96764],[101.61769,2.96796],[101.61815,2.96827],[101.61847,2.96849],[101.61848,2.96849],[101.61873,2.96806],[101.61874,2.96805],[101.61882,2.96791],[101.61882,2.96791],[101.61911,2.96809],[101.61916,2.96812],[101.61865,2.96898],[101.61818,2.96987],[101.61872,2.97011],[101.6192,2.97034],[101.61936,2.97008],[101.61992,2.96911],[101.62017,2.9687],[101.62065,2.96792]]]}},{"type":"Feature","properties":{"fid":61,"nama":"Pinggiran Cyberjaya","pdk_thn":752,"luas_h":25.65,"kpdt":29,"unj_2025":0,"unj_2030":0,"unj_2035":0,"e_blok":"1007A043","pop_share":0.002316805,"recy_annual_t":20.851},"geometry":{"type":"Polygon","coordinates":[[[101.62685,2.96831],[101.62691,2.96819],[101.62684,2.9682],[101.62677,2.9682],[101.6267,2.9682],[101.62663,2.96818],[101.62656,2.96817],[101.6265,2.96814],[101.62643,2.96811],[101.62637,2.96808],[101.62631,2.96803],[101.62626,2.96799],[101.62621,2.96794],[101.62617,2.96788],[101.62613,2.96782],[101.62608,2.96773],[101.62602,2.96764],[101.62596,2.96755],[101.62589,2.96747],[101.62582,2.96738],[101.62575,2.96731],[101.62567,2.96723],[101.62559,2.96717],[101.62521,2.9669],[101.62482,2.96664],[101.62475,2.9666],[101.62469,2.96655],[101.62463,2.96649],[101.62457,2.96643],[101.62452,2.96636],[101.62447,2.96629],[101.62443,2.96622],[101.6244,2.96614],[101.62437,2.96606],[101.62435,2.96598],[101.62434,2.9659],[101.62433,2.96581],[101.62448,2.96491],[101.62454,2.96467],[101.62458,2.96443],[101.62462,2.96419],[101.62466,2.96394],[101.62468,2.9637],[101.62467,2.961],[101.62467,2.96094],[101.62466,2.96089],[101.62464,2.96084],[101.62462,2.96079],[101.62459,2.96074],[101.62456,2.96069],[101.62452,2.96065],[101.62432,2.96051],[101.62422,2.96044],[101.62408,2.9605],[101.62402,2.96052],[101.62396,2.96055],[101.6239,2.96058],[101.62385,2.96062],[101.6238,2.96067],[101.62375,2.96072],[101.62371,2.96077],[101.62364,2.96088],[101.62356,2.96099],[101.62348,2.9611],[101.62339,2.9612],[101.62316,2.96145],[101.62293,2.9617],[101.62268,2.96194],[101.6225,2.96221],[101.62232,2.96248],[101.62214,2.96276],[101.62197,2.96304],[101.62186,2.96319],[101.62177,2.96329],[101.62152,2.96353],[101.62137,2.96366],[101.62228,2.96501],[101.62437,2.96826],[101.62517,2.96947],[101.62592,2.97061],[101.62614,2.97094],[101.62753,2.97033],[101.62767,2.97028],[101.6268,2.96872],[101.62679,2.96858],[101.62681,2.96844],[101.62685,2.96831]]]}},{"type":"Feature","properties":{"fid":62,"nama":"Pinggiran Cyberjaya","pdk_thn":977,"luas_h":31.05,"kpdt":31,"unj_2025":0,"unj_2030":0,"unj_2035":0,"e_blok":"1007A044","pop_share":0.003009997,"recy_annual_t":27.09},"geometry":{"type":"Polygon","coordinates":[[[101.62259,2.96966],[101.62296,2.96938],[101.62305,2.96952],[101.62304,2.96953],[101.62366,2.97048],[101.62382,2.97037],[101.62401,2.97025],[101.62426,2.97008],[101.62452,2.96991],[101.62471,2.96979],[101.62517,2.96947],[101.62437,2.96826],[101.62228,2.96501],[101.62137,2.96366],[101.62116,2.96385],[101.62067,2.96433],[101.6205,2.96455],[101.62033,2.96485],[101.62016,2.96525],[101.61991,2.96597],[101.61972,2.96635],[101.61951,2.9667],[101.61944,2.96683],[101.62031,2.96727],[101.62087,2.96752],[101.62065,2.96792],[101.62017,2.9687],[101.61992,2.96911],[101.61936,2.97008],[101.6192,2.97034],[101.61921,2.97034],[101.61932,2.97042],[101.61975,2.97073],[101.62078,2.97138],[101.62126,2.97169],[101.62175,2.97201],[101.62207,2.97171],[101.62276,2.97105],[101.62325,2.97062],[101.62292,2.97013],[101.62259,2.96966]]]}},{"type":"Feature","properties":{"fid":63,"nama":"Pinggiran Cyberjaya","pdk_thn":950,"luas_h":39.86,"kpdt":24,"unj_2025":0,"unj_2030":0,"unj_2035":0,"e_blok":"1007A045","pop_share":0.002926814,"recy_annual_t":26.341},"geometry":{"type":"Polygon","coordinates":[[[101.62592,2.97061],[101.62517,2.96947],[101.62471,2.96979],[101.62452,2.96991],[101.62426,2.97008],[101.62401,2.97025],[101.62382,2.97037],[101.62366,2.97048],[101.62304,2.96953],[101.62305,2.96952],[101.62296,2.96938],[101.62259,2.96966],[101.62292,2.97013],[101.62325,2.97062],[101.62276,2.97105],[101.62207,2.97171],[101.62175,2.97201],[101.62187,2.97208],[101.62268,2.97259],[101.6231,2.97342],[101.62306,2.97349],[101.62296,2.97366],[101.62286,2.97383],[101.62278,2.97401],[101.6227,2.97419],[101.62262,2.97437],[101.62255,2.97455],[101.62249,2.97474],[101.62243,2.97493],[101.62217,2.97629],[101.62215,2.97645],[101.62213,2.97661],[101.6221,2.97677],[101.62206,2.97693],[101.62202,2.97709],[101.62469,2.97769],[101.6249,2.97774],[101.6251,2.9778],[101.62531,2.97786],[101.6256,2.97795],[101.62576,2.97769],[101.62675,2.97596],[101.6265,2.97579],[101.62762,2.97385],[101.62785,2.97321],[101.62763,2.97297],[101.62742,2.97272],[101.62721,2.97246],[101.627,2.97221],[101.6268,2.97195],[101.62642,2.97141],[101.62611,2.97095],[101.62614,2.97094],[101.62592,2.97061]]]}},{"type":"Feature","properties":{"fid":64,"nama":"Pinggiran Cyberjaya","pdk_thn":1059,"luas_h":13.65,"kpdt":78,"unj_2025":0,"unj_2030":0,"unj_2035":0,"e_blok":"1007A046","pop_share":0.003262628,"recy_annual_t":29.364},"geometry":{"type":"Polygon","coordinates":[[[101.62606,2.97975],[101.62606,2.97917],[101.62626,2.97917],[101.62626,2.9782],[101.62603,2.97811],[101.62579,2.97802],[101.6256,2.97795],[101.62531,2.97786],[101.6251,2.9778],[101.6249,2.97774],[101.62469,2.97769],[101.62202,2.97709],[101.62197,2.97724],[101.62192,2.97739],[101.62186,2.97755],[101.62179,2.97769],[101.62172,2.97784],[101.62165,2.97798],[101.62156,2.97812],[101.62147,2.97828],[101.62137,2.97843],[101.62127,2.97858],[101.62116,2.97873],[101.62104,2.97887],[101.62092,2.97901],[101.6208,2.97914],[101.62067,2.97926],[101.62053,2.97939],[101.62039,2.9795],[101.62025,2.97961],[101.62009,2.97975],[101.62504,2.97975],[101.62566,2.97975],[101.62606,2.97975]]]}},{"type":"Feature","properties":{"fid":65,"nama":"Pinggiran Cyberjaya","pdk_thn":495,"luas_h":2.86,"kpdt":173,"unj_2025":0,"unj_2030":0,"unj_2035":0,"e_blok":"1007A047","pop_share":0.001525024,"recy_annual_t":13.725},"geometry":{"type":"Polygon","coordinates":[[[101.62809,2.9792],[101.62793,2.97909],[101.62771,2.97895],[101.62749,2.97881],[101.62726,2.97868],[101.62703,2.97856],[101.62679,2.97844],[101.62655,2.97833],[101.62641,2.97827],[101.62626,2.9782],[101.62626,2.97917],[101.62606,2.97917],[101.62606,2.97975],[101.62645,2.97975],[101.62682,2.97975],[101.62879,2.97975],[101.62872,2.97969],[101.62857,2.97956],[101.62845,2.97946],[101.62826,2.97931],[101.62809,2.9792]]]}},{"type":"Feature","properties":{"fid":66,"nama":"Pinggiran Cyberjaya","pdk_thn":1148,"luas_h":3.03,"kpdt":379,"unj_2025":0,"unj_2030":0,"unj_2035":0,"e_blok":"1007A048","pop_share":0.003536824,"recy_annual_t":31.831},"geometry":{"type":"Polygon","coordinates":[[[101.6318,2.97898],[101.6314,2.97898],[101.631,2.97898],[101.63055,2.97898],[101.63012,2.97898],[101.62878,2.97898],[101.62845,2.97946],[101.62857,2.97956],[101.62872,2.97969],[101.62879,2.97975],[101.63012,2.97975],[101.63055,2.97975],[101.631,2.97975],[101.6318,2.97975],[101.6318,2.97898]]]}},{"type":"Feature","properties":{"fid":67,"nama":"Pinggiran Cyberjaya","pdk_thn":1222,"luas_h":35.61,"kpdt":34,"unj_2025":0,"unj_2030":0,"unj_2035":0,"e_blok":"1007A049","pop_share":0.003764807,"recy_annual_t":33.883},"geometry":{"type":"Polygon","coordinates":[[[101.63402,2.97975],[101.63418,2.97756],[101.63404,2.9775],[101.63367,2.97733],[101.63332,2.97716],[101.6333,2.97715],[101.63293,2.97696],[101.63256,2.97677],[101.6322,2.97658],[101.63184,2.97637],[101.63149,2.97616],[101.63113,2.97595],[101.63086,2.97577],[101.63058,2.97558],[101.63031,2.97539],[101.63005,2.9752],[101.62979,2.975],[101.62953,2.97479],[101.62928,2.97458],[101.62903,2.97436],[101.6287,2.97405],[101.62855,2.97392],[101.62831,2.97369],[101.62808,2.97345],[101.62785,2.97321],[101.62762,2.97385],[101.6265,2.97579],[101.62675,2.97596],[101.62576,2.97769],[101.6256,2.97795],[101.62579,2.97802],[101.62603,2.97811],[101.62626,2.9782],[101.62641,2.97827],[101.62655,2.97833],[101.62679,2.97844],[101.62703,2.97856],[101.62726,2.97868],[101.62749,2.97881],[101.62771,2.97895],[101.62793,2.97909],[101.62809,2.9792],[101.62826,2.97931],[101.62845,2.97946],[101.62878,2.97898],[101.63012,2.97898],[101.63055,2.97898],[101.631,2.97898],[101.6314,2.97898],[101.6318,2.97898],[101.6318,2.97975],[101.6324,2.97975],[101.6324,2.97975],[101.63402,2.97976],[101.63402,2.97975]]]}},{"type":"Feature","properties":{"fid":68,"nama":"Pinggiran Cyberjaya","pdk_thn":1406,"luas_h":18.81,"kpdt":75,"unj_2025":0,"unj_2030":0,"unj_2035":0,"e_blok":"1007A050","pop_share":0.004331685,"recy_annual_t":38.985},"geometry":{"type":"Polygon","coordinates":[[[101.63993,2.97861],[101.63987,2.97806],[101.6398,2.97524],[101.63815,2.97643],[101.63738,2.97705],[101.63731,2.97725],[101.63705,2.97793],[101.63696,2.97829],[101.63667,2.97824],[101.63623,2.97814],[101.63586,2.97806],[101.6355,2.97797],[101.63514,2.97788],[101.63478,2.97777],[101.63442,2.97767],[101.63418,2.97756],[101.63402,2.97975],[101.63402,2.97976],[101.64,2.97977],[101.64001,2.97977],[101.64001,2.97975],[101.64,2.97905],[101.63993,2.97861]]]}},{"type":"Feature","properties":{"fid":69,"nama":"Pinggiran Cyberjaya","pdk_thn":575,"luas_h":79.76,"kpdt":7,"unj_2025":0,"unj_2030":0,"unj_2035":0,"e_blok":"1007A051","pop_share":0.001771493,"recy_annual_t":15.943},"geometry":{"type":"Polygon","coordinates":[[[101.63983,2.97366],[101.64006,2.97285],[101.64035,2.97215],[101.64039,2.97206],[101.64045,2.97193],[101.64076,2.97124],[101.64079,2.97116],[101.64081,2.97108],[101.64082,2.971],[101.64083,2.97092],[101.64083,2.97092],[101.64083,2.97084],[101.64083,2.97075],[101.64082,2.97067],[101.6408,2.97059],[101.64078,2.97051],[101.64074,2.97036],[101.64069,2.97022],[101.64068,2.97021],[101.64062,2.97006],[101.64056,2.96991],[101.64055,2.96992],[101.64021,2.97004],[101.64012,2.97007],[101.64004,2.97008],[101.63996,2.97009],[101.63988,2.9701],[101.63979,2.9701],[101.63971,2.97009],[101.63963,2.97008],[101.63955,2.97006],[101.63947,2.97003],[101.63939,2.97],[101.63847,2.97141],[101.63839,2.97163],[101.63818,2.97182],[101.63746,2.97299],[101.63739,2.97294],[101.63665,2.97249],[101.63654,2.97242],[101.63672,2.97197],[101.63689,2.97163],[101.63715,2.97108],[101.63628,2.97164],[101.63547,2.97162],[101.63499,2.97187],[101.63521,2.97217],[101.63462,2.97259],[101.63453,2.97249],[101.63397,2.97167],[101.63135,2.97251],[101.62979,2.96946],[101.62753,2.97033],[101.62611,2.97095],[101.62642,2.97141],[101.6268,2.97195],[101.627,2.97221],[101.62721,2.97246],[101.62742,2.97272],[101.62763,2.97297],[101.62785,2.97321],[101.62808,2.97345],[101.62831,2.97369],[101.62855,2.97392],[101.6287,2.97405],[101.62903,2.97436],[101.62928,2.97458],[101.62953,2.97479],[101.62979,2.975],[101.63005,2.9752],[101.63031,2.97539],[101.63058,2.97558],[101.63086,2.97577],[101.63113,2.97595],[101.63149,2.97616],[101.63184,2.97637],[101.6322,2.97658],[101.63256,2.97677],[101.63293,2.97696],[101.6333,2.97715],[101.63332,2.97716],[101.63367,2.97733],[101.63404,2.9775],[101.63418,2.97756],[101.63442,2.97767],[101.63478,2.97777],[101.63514,2.97788],[101.6355,2.97797],[101.63586,2.97806],[101.63623,2.97814],[101.63667,2.97824],[101.63696,2.97829],[101.63705,2.97793],[101.63731,2.97725],[101.63738,2.97705],[101.63815,2.97643],[101.6398,2.97524],[101.63977,2.974],[101.63983,2.97366]]]}},{"type":"Feature","properties":{"fid":70,"nama":"Pinggiran Cyberjaya","pdk_thn":898,"luas_h":39.02,"kpdt":23,"unj_2025":0,"unj_2030":0,"unj_2035":0,"e_blok":"1007A052","pop_share":0.00276661,"recy_annual_t":24.899},"geometry":{"type":"Polygon","coordinates":[[[101.63847,2.97141],[101.63939,2.97],[101.63914,2.96985],[101.63903,2.96976],[101.63893,2.96962],[101.63867,2.96913],[101.6386,2.96903],[101.63851,2.96894],[101.63837,2.96885],[101.63816,2.96874],[101.63656,2.96807],[101.63616,2.96792],[101.63589,2.96785],[101.63567,2.96784],[101.63528,2.96789],[101.63486,2.96803],[101.6341,2.9683],[101.63395,2.96835],[101.63365,2.96842],[101.63364,2.96842],[101.63359,2.96842],[101.63347,2.96842],[101.63333,2.96841],[101.63304,2.96831],[101.63273,2.96816],[101.63237,2.96802],[101.63216,2.96799],[101.63195,2.96803],[101.63174,2.96813],[101.63161,2.96822],[101.63082,2.96896],[101.63057,2.96914],[101.63045,2.9692],[101.63026,2.96923],[101.63021,2.96926],[101.63026,2.96926],[101.63031,2.96926],[101.62979,2.96946],[101.63135,2.97251],[101.63397,2.97167],[101.63453,2.97249],[101.63462,2.97259],[101.63521,2.97217],[101.63499,2.97187],[101.63547,2.97162],[101.63628,2.97164],[101.63715,2.97108],[101.63689,2.97163],[101.63672,2.97197],[101.63654,2.97242],[101.63665,2.97249],[101.63746,2.97299],[101.63818,2.97182],[101.63839,2.97163],[101.63847,2.97141]]]}},{"type":"Feature","properties":{"fid":71,"nama":"Pinggiran Cyberjaya","pdk_thn":886,"luas_h":9.37,"kpdt":95,"unj_2025":0,"unj_2030":0,"unj_2035":0,"e_blok":"1007A053","pop_share":0.002729639,"recy_annual_t":24.567},"geometry":{"type":"Polygon","coordinates":[[[101.62999,2.96692],[101.62993,2.96692],[101.62987,2.96692],[101.62982,2.96693],[101.62912,2.96716],[101.6288,2.96727],[101.62874,2.96729],[101.6286,2.96733],[101.62846,2.96737],[101.62833,2.96742],[101.62819,2.96748],[101.62806,2.96754],[101.62793,2.9676],[101.62776,2.96773],[101.62759,2.96784],[101.62741,2.96795],[101.62724,2.96806],[101.62705,2.96816],[101.62699,2.96818],[101.62692,2.96819],[101.62691,2.96819],[101.62685,2.96831],[101.62681,2.96844],[101.62679,2.96858],[101.6268,2.96872],[101.62767,2.97028],[101.63031,2.96926],[101.63026,2.96926],[101.63021,2.96926],[101.63016,2.96924],[101.63012,2.96921],[101.63008,2.96917],[101.63004,2.96912],[101.63001,2.96908],[101.62999,2.96903],[101.62997,2.96898],[101.62996,2.96892],[101.62996,2.96887],[101.62996,2.96881],[101.62996,2.96876],[101.63014,2.96815],[101.63026,2.96772],[101.6303,2.96759],[101.63032,2.96747],[101.63032,2.96738],[101.63033,2.96729],[101.63032,2.96721],[101.63031,2.96712],[101.63028,2.96708],[101.63024,2.96704],[101.6302,2.967],[101.63015,2.96698],[101.63009,2.96695],[101.63004,2.96693],[101.62999,2.96692]]]}},{"type":"Feature","properties":{"fid":72,"nama":"Pinggiran Cyberjaya","pdk_thn":1285,"luas_h":198.91,"kpdt":6,"unj_2025":0,"unj_2030":0,"unj_2035":0,"e_blok":"1007A054","pop_share":0.003958901,"recy_annual_t":35.63},"geometry":{"type":"Polygon","coordinates":[[[101.64182,2.96909],[101.64236,2.96818],[101.64264,2.96767],[101.64296,2.96711],[101.64318,2.96667],[101.64333,2.96627],[101.64334,2.96624],[101.64334,2.96624],[101.64339,2.96597],[101.64342,2.96581],[101.64348,2.96522],[101.64353,2.96453],[101.64356,2.96427],[101.64365,2.96395],[101.64379,2.96365],[101.64392,2.96342],[101.64414,2.96316],[101.64415,2.96317],[101.64449,2.96281],[101.6444,2.96274],[101.64412,2.96266],[101.64379,2.96257],[101.64341,2.96247],[101.64291,2.96233],[101.6428,2.96228],[101.64273,2.96213],[101.64275,2.96199],[101.64275,2.96195],[101.64276,2.96152],[101.6426,2.9615],[101.64207,2.9615],[101.64208,2.96216],[101.64206,2.96245],[101.64207,2.9628],[101.64192,2.96279],[101.64186,2.96277],[101.64167,2.96272],[101.64133,2.9627],[101.63997,2.96274],[101.63924,2.96274],[101.63924,2.96254],[101.63925,2.96254],[101.63925,2.96254],[101.63925,2.9622],[101.63311,2.9622],[101.63304,2.9622],[101.63295,2.962],[101.6329,2.96188],[101.63237,2.96126],[101.63222,2.96111],[101.63218,2.96098],[101.63213,2.96095],[101.63208,2.96093],[101.63203,2.96091],[101.63202,2.96091],[101.63197,2.96086],[101.6318,2.96057],[101.63096,2.95914],[101.63095,2.95913],[101.62959,2.95769],[101.62959,2.95767],[101.62954,2.9576],[101.62948,2.95754],[101.62947,2.95753],[101.62902,2.95678],[101.62881,2.95644],[101.62872,2.95629],[101.62867,2.95622],[101.62796,2.95509],[101.6276,2.95451],[101.62751,2.95437],[101.62751,2.95437],[101.6271,2.95395],[101.62695,2.9538],[101.62583,2.95329],[101.62579,2.95327],[101.62573,2.95324],[101.62571,2.95323],[101.62549,2.95371],[101.62511,2.95468],[101.625,2.95488],[101.62492,2.95506],[101.62472,2.95563],[101.62467,2.95576],[101.6244,2.95669],[101.62421,2.95743],[101.62409,2.958],[101.62391,2.95874],[101.6236,2.95909],[101.62323,2.95946],[101.62359,2.95967],[101.62381,2.95981],[101.62406,2.95996],[101.62413,2.96002],[101.62416,2.96007],[101.62418,2.96016],[101.62422,2.96044],[101.62432,2.96051],[101.62452,2.96065],[101.62456,2.96069],[101.62459,2.96074],[101.62462,2.96079],[101.62464,2.96084],[101.62466,2.96089],[101.62467,2.96094],[101.62467,2.961],[101.62468,2.9637],[101.62466,2.96394],[101.62462,2.96419],[101.62458,2.96443],[101.62454,2.96467],[101.62448,2.96491],[101.62433,2.96581],[101.62434,2.9659],[101.62435,2.96598],[101.62437,2.96606],[101.6244,2.96614],[101.62443,2.96622],[101.62447,2.96629],[101.62452,2.96636],[101.62457,2.96643],[101.62463,2.96649],[101.62469,2.96655],[101.62475,2.9666],[101.62482,2.96664],[101.62521,2.9669],[101.62559,2.96717],[101.62567,2.96723],[101.62575,2.96731],[101.62582,2.96738],[101.62589,2.96747],[101.62596,2.96755],[101.62602,2.96764],[101.62608,2.96773],[101.62613,2.96782],[101.62617,2.96788],[101.62621,2.96794],[101.62626,2.96799],[101.62631,2.96803],[101.62637,2.96808],[101.62643,2.96811],[101.6265,2.96814],[101.62656,2.96817],[101.62663,2.96818],[101.6267,2.9682],[101.62677,2.9682],[101.62684,2.9682],[101.62692,2.96819],[101.62699,2.96818],[101.62705,2.96816],[101.62724,2.96806],[101.62741,2.96795],[101.62759,2.96784],[101.62776,2.96773],[101.62793,2.9676],[101.62806,2.96754],[101.62819,2.96748],[101.62833,2.96742],[101.62846,2.96737],[101.6286,2.96733],[101.62874,2.96729],[101.6288,2.96727],[101.62912,2.96716],[101.62982,2.96693],[101.62987,2.96692],[101.62993,2.96692],[101.62999,2.96692],[101.63004,2.96693],[101.63009,2.96695],[101.63015,2.96698],[101.6302,2.967],[101.63024,2.96704],[101.63028,2.96708],[101.63031,2.96712],[101.63032,2.96721],[101.63033,2.96729],[101.63032,2.96738],[101.63032,2.96747],[101.6303,2.96759],[101.63026,2.96772],[101.63014,2.96815],[101.62996,2.96876],[101.62996,2.96881],[101.62996,2.96887],[101.62996,2.96892],[101.62997,2.96898],[101.62999,2.96903],[101.63001,2.96908],[101.63004,2.96912],[101.63008,2.96917],[101.63012,2.96921],[101.63016,2.96924],[101.63021,2.96926],[101.63021,2.96926],[101.63026,2.96923],[101.63045,2.9692],[101.63057,2.96914],[101.63082,2.96896],[101.63161,2.96822],[101.63174,2.96813],[101.63195,2.96803],[101.63216,2.96799],[101.63237,2.96802],[101.63273,2.96816],[101.63304,2.96831],[101.63333,2.96841],[101.63347,2.96842],[101.63359,2.96842],[101.63365,2.96842],[101.63395,2.96835],[101.6341,2.9683],[101.63486,2.96803],[101.63528,2.96789],[101.63567,2.96784],[101.63589,2.96785],[101.63616,2.96792],[101.63656,2.96807],[101.63816,2.96874],[101.63837,2.96885],[101.63851,2.96894],[101.6386,2.96903],[101.63867,2.96913],[101.63893,2.96962],[101.63903,2.96976],[101.63914,2.96985],[101.63939,2.97],[101.63947,2.97003],[101.63955,2.97006],[101.63963,2.97008],[101.63971,2.97009],[101.63979,2.9701],[101.63988,2.9701],[101.63996,2.97009],[101.64004,2.97008],[101.64012,2.97007],[101.64021,2.97004],[101.64055,2.96992],[101.64056,2.96991],[101.64123,2.96967],[101.64132,2.96962],[101.64141,2.96956],[101.64149,2.9695],[101.64157,2.96943],[101.64164,2.96935],[101.64171,2.96927],[101.64177,2.96919],[101.64182,2.96909]]]}},{"type":"Feature","properties":{"fid":73,"nama":"Pinggiran Cyberjaya","pdk_thn":903,"luas_h":133.17,"kpdt":7,"unj_2025":0,"unj_2030":0,"unj_2035":0,"e_blok":"1007A056","pop_share":0.002782014,"recy_annual_t":25.038},"geometry":{"type":"Polygon","coordinates":[[[101.64864,2.97899],[101.64864,2.97898],[101.64864,2.97898],[101.64865,2.97899],[101.64866,2.97899],[101.6499,2.97864],[101.65065,2.97865],[101.65227,2.97867],[101.65322,2.97872],[101.65329,2.97874],[101.6537,2.97868],[101.65438,2.97869],[101.65441,2.97869],[101.65543,2.9787],[101.65559,2.97871],[101.65581,2.97869],[101.65633,2.9787],[101.6562,2.9785],[101.65521,2.97701],[101.65502,2.97672],[101.65479,2.97642],[101.65439,2.97589],[101.65402,2.97597],[101.65244,2.97634],[101.65114,2.97664],[101.64978,2.97696],[101.6484,2.97727],[101.6482,2.97732],[101.64805,2.97677],[101.64755,2.97512],[101.64737,2.9745],[101.64734,2.97441],[101.64694,2.973],[101.64669,2.97247],[101.64651,2.97213],[101.64659,2.97199],[101.64699,2.97134],[101.64706,2.97122],[101.64703,2.97117],[101.6469,2.97067],[101.64681,2.97022],[101.64675,2.96999],[101.64669,2.96982],[101.64669,2.96982],[101.64653,2.96957],[101.64632,2.96924],[101.64615,2.96897],[101.64591,2.96864],[101.64571,2.96836],[101.64554,2.9681],[101.64545,2.96792],[101.6454,2.96779],[101.64529,2.96754],[101.64493,2.96665],[101.64487,2.96646],[101.64482,2.96615],[101.64476,2.9658],[101.64473,2.96548],[101.64472,2.96496],[101.64473,2.96483],[101.64477,2.96472],[101.64487,2.96454],[101.64502,2.96436],[101.64529,2.96413],[101.64536,2.96408],[101.64414,2.96316],[101.64392,2.96342],[101.64379,2.96365],[101.64365,2.96395],[101.64356,2.96427],[101.64353,2.96453],[101.64348,2.96522],[101.64342,2.96581],[101.64333,2.96627],[101.64318,2.96667],[101.64296,2.96711],[101.64264,2.96767],[101.64236,2.96818],[101.64182,2.9691],[101.64177,2.96919],[101.64171,2.96927],[101.64164,2.96935],[101.64157,2.96943],[101.64149,2.9695],[101.64141,2.96956],[101.64132,2.96962],[101.64123,2.96967],[101.64056,2.96991],[101.64062,2.97006],[101.64068,2.97021],[101.64069,2.97022],[101.64074,2.97036],[101.64078,2.97051],[101.6408,2.97059],[101.64082,2.97067],[101.64083,2.97075],[101.64083,2.97084],[101.64083,2.97092],[101.64083,2.97092],[101.64082,2.971],[101.64081,2.97108],[101.64079,2.97116],[101.64076,2.97124],[101.64045,2.97193],[101.64039,2.97206],[101.64035,2.97215],[101.64006,2.97285],[101.63983,2.97366],[101.63977,2.974],[101.6398,2.97524],[101.63987,2.97806],[101.63993,2.97861],[101.64,2.97905],[101.64001,2.97975],[101.64001,2.97977],[101.63996,2.98016],[101.64796,2.98026],[101.64758,2.98002],[101.64744,2.97982],[101.64744,2.97982],[101.64755,2.97967],[101.64785,2.97922],[101.64864,2.97899]]]}},{"type":"Feature","properties":{"fid":74,"nama":"Pinggiran Cyberjaya","pdk_thn":739,"luas_h":19.44,"kpdt":38,"unj_2025":0,"unj_2030":0,"unj_2035":0,"e_blok":"1007A057","pop_share":0.002276753,"recy_annual_t":20.491},"geometry":{"type":"Polygon","coordinates":[[[101.65331,2.98036],[101.65333,2.97955],[101.65437,2.97958],[101.65441,2.97869],[101.65438,2.97869],[101.6537,2.97868],[101.65329,2.97874],[101.65322,2.97872],[101.65227,2.97867],[101.65065,2.97865],[101.6499,2.97864],[101.64866,2.97899],[101.64865,2.97899],[101.64864,2.97898],[101.64864,2.97898],[101.64864,2.97899],[101.64785,2.97922],[101.64755,2.97967],[101.64744,2.97982],[101.64744,2.97982],[101.64758,2.98002],[101.64774,2.98014],[101.64796,2.98026],[101.64816,2.98031],[101.64856,2.98051],[101.64871,2.98058],[101.64876,2.98075],[101.64874,2.98104],[101.65061,2.98116],[101.65095,2.98119],[101.65207,2.98126],[101.65351,2.98137],[101.65509,2.98145],[101.65532,2.98145],[101.65532,2.9806],[101.65533,2.98042],[101.65331,2.98039],[101.65331,2.98036]]]}},{"type":"Feature","properties":{"fid":75,"nama":"Pinggiran Cyberjaya","pdk_thn":944,"luas_h":88.61,"kpdt":11,"unj_2025":0,"unj_2030":0,"unj_2035":0,"e_blok":"1007A058","pop_share":0.002908329,"recy_annual_t":26.175},"geometry":{"type":"Polygon","coordinates":[[[101.6645,2.98058],[101.66474,2.98056],[101.6653,2.98057],[101.66611,2.98058],[101.66612,2.98057],[101.66612,2.97959],[101.66607,2.97959],[101.66423,2.97957],[101.66423,2.97877],[101.66184,2.97877],[101.66251,2.97846],[101.66301,2.97815],[101.66438,2.97748],[101.66465,2.97731],[101.66683,2.97659],[101.66707,2.9765],[101.6674,2.97635],[101.66811,2.97577],[101.66851,2.97545],[101.66872,2.97536],[101.66898,2.97529],[101.6695,2.97526],[101.66988,2.97521],[101.67064,2.97492],[101.67024,2.97502],[101.67005,2.97504],[101.66954,2.97511],[101.66905,2.97511],[101.6687,2.97508],[101.66794,2.97486],[101.66675,2.97449],[101.66552,2.97409],[101.66468,2.9738],[101.66447,2.97374],[101.66426,2.9737],[101.66397,2.97367],[101.66378,2.97367],[101.66345,2.97374],[101.66167,2.97418],[101.66135,2.97426],[101.66083,2.97439],[101.6601,2.97456],[101.65889,2.97484],[101.65885,2.97476],[101.65851,2.97406],[101.65838,2.97377],[101.65835,2.9737],[101.65796,2.97305],[101.65789,2.97307],[101.65788,2.97306],[101.65773,2.97309],[101.65707,2.97321],[101.6571,2.97333],[101.65722,2.97388],[101.65724,2.97395],[101.6573,2.97421],[101.65378,2.97467],[101.65393,2.97511],[101.65398,2.97524],[101.65415,2.97557],[101.65422,2.97565],[101.6543,2.97577],[101.65479,2.97642],[101.65502,2.97672],[101.65521,2.97701],[101.6562,2.9785],[101.65633,2.9787],[101.65581,2.97869],[101.65559,2.97871],[101.65543,2.9787],[101.65441,2.97869],[101.65437,2.97958],[101.65333,2.97955],[101.65331,2.98036],[101.65331,2.98039],[101.65533,2.98042],[101.65606,2.98043],[101.65818,2.98046],[101.65837,2.98046],[101.66036,2.98054],[101.66186,2.9806],[101.66257,2.98062],[101.66394,2.98066],[101.66418,2.98068],[101.66437,2.9806],[101.6645,2.98058]]]}},{"type":"Feature","properties":{"fid":76,"nama":"Pinggiran Cyberjaya","pdk_thn":1035,"luas_h":15.16,"kpdt":68,"unj_2025":0,"unj_2030":0,"unj_2035":0,"e_blok":"1007A059","pop_share":0.003188687,"recy_annual_t":28.698},"geometry":{"type":"Polygon","coordinates":[[[101.66787,2.97853],[101.66733,2.97852],[101.66678,2.97852],[101.66678,2.97852],[101.66681,2.9779],[101.66683,2.97734],[101.66683,2.97686],[101.66683,2.97659],[101.66465,2.97731],[101.66438,2.97748],[101.66301,2.97815],[101.66251,2.97846],[101.66184,2.97877],[101.66423,2.97877],[101.66423,2.97957],[101.66607,2.97959],[101.66612,2.97959],[101.66612,2.98057],[101.66611,2.98058],[101.66666,2.98059],[101.66771,2.98061],[101.66882,2.98063],[101.66889,2.98063],[101.66888,2.98043],[101.66886,2.9803],[101.66878,2.98001],[101.66866,2.97979],[101.66832,2.97926],[101.66813,2.97884],[101.6681,2.9787],[101.66809,2.97864],[101.66809,2.97862],[101.66809,2.97857],[101.66809,2.97855],[101.66787,2.97853]]]}},{"type":"Feature","properties":{"fid":77,"nama":"Pinggiran Cyberjaya","pdk_thn":1181,"luas_h":17.42,"kpdt":68,"unj_2025":0,"unj_2030":0,"unj_2035":0,"e_blok":"1007A060","pop_share":0.003638492,"recy_annual_t":32.746},"geometry":{"type":"Polygon","coordinates":[[[101.67216,2.97863],[101.67189,2.97841],[101.67173,2.97831],[101.67161,2.97823],[101.67097,2.97793],[101.67087,2.97787],[101.67079,2.97786],[101.67042,2.9778],[101.67007,2.97774],[101.66974,2.97777],[101.66951,2.97779],[101.66921,2.9778],[101.66883,2.9779],[101.66826,2.97802],[101.66815,2.97804],[101.66811,2.97804],[101.66813,2.97793],[101.66813,2.97786],[101.66815,2.9771],[101.66805,2.97688],[101.66811,2.97668],[101.66811,2.9762],[101.66811,2.97577],[101.6674,2.97635],[101.66707,2.9765],[101.66683,2.97659],[101.66683,2.97686],[101.66683,2.97734],[101.66681,2.9779],[101.66678,2.97852],[101.66678,2.97852],[101.66733,2.97852],[101.66787,2.97853],[101.66809,2.97855],[101.66809,2.97857],[101.66809,2.97862],[101.66809,2.97864],[101.6681,2.9787],[101.66813,2.97884],[101.66832,2.97926],[101.66866,2.97979],[101.66878,2.98001],[101.66886,2.9803],[101.66888,2.98043],[101.66889,2.98063],[101.67121,2.98068],[101.67224,2.98069],[101.67232,2.9807],[101.67245,2.9807],[101.67277,2.9807],[101.67282,2.97959],[101.67261,2.9792],[101.67237,2.97883],[101.67225,2.97871],[101.67216,2.97863]]]}},{"type":"Feature","properties":{"fid":78,"nama":"Pinggiran Cyberjaya","pdk_thn":904,"luas_h":43.87,"kpdt":21,"unj_2025":0,"unj_2030":0,"unj_2035":0,"e_blok":"1007A061","pop_share":0.002785095,"recy_annual_t":25.066},"geometry":{"type":"Polygon","coordinates":[[[101.67626,2.98075],[101.67617,2.98018],[101.67634,2.98016],[101.67632,2.98004],[101.67629,2.9799],[101.6764,2.97987],[101.6764,2.97987],[101.67659,2.97983],[101.67678,2.9798],[101.67658,2.97859],[101.67649,2.97805],[101.67643,2.97752],[101.67624,2.97755],[101.67592,2.97761],[101.67585,2.97712],[101.67628,2.97561],[101.67484,2.97489],[101.67356,2.97425],[101.67323,2.97408],[101.67326,2.97429],[101.67064,2.97492],[101.66988,2.97521],[101.6695,2.97526],[101.66898,2.97529],[101.66872,2.97536],[101.66851,2.97545],[101.66811,2.97577],[101.66811,2.9762],[101.66811,2.97668],[101.66805,2.97688],[101.66815,2.9771],[101.66813,2.97786],[101.66813,2.97793],[101.66811,2.97804],[101.66815,2.97804],[101.66826,2.97802],[101.66883,2.9779],[101.66921,2.9778],[101.66951,2.97779],[101.66974,2.97777],[101.67007,2.97774],[101.67042,2.9778],[101.67079,2.97786],[101.67087,2.97787],[101.67097,2.97793],[101.67161,2.97823],[101.67173,2.97831],[101.67189,2.97841],[101.67216,2.97863],[101.67225,2.97871],[101.67237,2.97883],[101.67261,2.9792],[101.67282,2.97959],[101.67277,2.9807],[101.67282,2.9807],[101.67282,2.9807],[101.67296,2.98071],[101.67458,2.98075],[101.67464,2.98076],[101.67626,2.98075]]]}},{"type":"Feature","properties":{"fid":79,"nama":"Pinggiran Cyberjaya","pdk_thn":872,"luas_h":10.07,"kpdt":87,"unj_2025":0,"unj_2030":0,"unj_2035":0,"e_blok":"1007A062","pop_share":0.002686507,"recy_annual_t":24.179},"geometry":{"type":"Polygon","coordinates":[[[101.68011,2.98082],[101.68009,2.98062],[101.67999,2.97981],[101.67981,2.97951],[101.67893,2.97831],[101.6788,2.97827],[101.67812,2.9788],[101.67772,2.97888],[101.67762,2.97841],[101.677,2.9775],[101.67687,2.97746],[101.67643,2.97752],[101.67643,2.97752],[101.67643,2.97752],[101.67649,2.97805],[101.67658,2.97859],[101.67678,2.9798],[101.67659,2.97983],[101.67659,2.97983],[101.6764,2.97987],[101.6764,2.97987],[101.67629,2.9799],[101.67632,2.98004],[101.67634,2.98016],[101.67617,2.98018],[101.67626,2.98075],[101.67644,2.98076],[101.67644,2.98076],[101.67656,2.98076],[101.67671,2.98076],[101.67738,2.98075],[101.67747,2.98076],[101.68011,2.98082]]]}},{"type":"Feature","properties":{"fid":80,"nama":"Sungai Merab","pdk_thn":1332,"luas_h":283.32,"kpdt":5,"unj_2025":0,"unj_2030":0,"unj_2035":0,"e_blok":"1007A063","pop_share":0.004103702,"recy_annual_t":36.933},"geometry":{"type":"MultiPolygon","coordinates":[[[[101.70758,2.98326],[101.70702,2.98303],[101.70703,2.98287],[101.70679,2.9807],[101.70601,2.97983],[101.70512,2.97954],[101.70481,2.97882],[101.70385,2.97881],[101.70376,2.97885],[101.70291,2.97828],[101.70258,2.97784],[101.70234,2.97752],[101.70168,2.97735],[101.70103,2.97717],[101.70036,2.97716],[101.69898,2.97686],[101.69794,2.97653],[101.69749,2.97665],[101.69724,2.97644],[101.69701,2.97624],[101.69699,2.97624],[101.69656,2.97624],[101.69574,2.97594],[101.69453,2.9753],[101.69449,2.97527],[101.69446,2.97528],[101.6905,2.97281],[101.69055,2.97268],[101.68991,2.97236],[101.68947,2.97218],[101.68844,2.97189],[101.68743,2.97152],[101.68706,2.97132],[101.68682,2.97126],[101.68682,2.97126],[101.68635,2.97115],[101.6857,2.97102],[101.68529,2.97087],[101.68489,2.97072],[101.68417,2.97076],[101.68388,2.97078],[101.68317,2.971],[101.68289,2.97124],[101.68221,2.97129],[101.68078,2.97161],[101.68053,2.97166],[101.68034,2.9717],[101.68027,2.97133],[101.6799,2.97133],[101.67998,2.97176],[101.67762,2.97201],[101.67627,2.97199],[101.67628,2.97177],[101.67586,2.97149],[101.67515,2.97161],[101.67444,2.97174],[101.67356,2.97167],[101.67356,2.97425],[101.67484,2.97489],[101.67628,2.97561],[101.67585,2.97712],[101.67592,2.97761],[101.67643,2.97752],[101.67687,2.97746],[101.677,2.9775],[101.67762,2.97841],[101.67772,2.97888],[101.67812,2.9788],[101.6788,2.97827],[101.67893,2.97831],[101.67981,2.97951],[101.67999,2.97981],[101.68009,2.98062],[101.68011,2.98082],[101.68029,2.98082],[101.68106,2.98084],[101.68226,2.98092],[101.68226,2.98095],[101.68683,2.98126],[101.68849,2.98141],[101.69059,2.98161],[101.69952,2.98248],[101.70758,2.98326]]],[[[101.70758,2.98326],[101.70759,2.98326],[101.70805,2.9833],[101.70758,2.98326]]]]}},{"type":"Feature","properties":{"fid":81,"nama":"Pinggiran Cyberjaya","pdk_thn":739,"luas_h":116.22,"kpdt":6,"unj_2025":0,"unj_2030":0,"unj_2035":0,"e_blok":"1007A064","pop_share":0.002276753,"recy_annual_t":20.491},"geometry":{"type":"Polygon","coordinates":[[[101.67326,2.97429],[101.67323,2.97408],[101.67356,2.97425],[101.67356,2.97167],[101.67267,2.97123],[101.67206,2.97118],[101.67062,2.97067],[101.66966,2.96982],[101.6686,2.96961],[101.66791,2.96923],[101.66782,2.96882],[101.66657,2.96809],[101.66612,2.96769],[101.66557,2.96735],[101.66497,2.96637],[101.66367,2.96545],[101.66288,2.96446],[101.6629,2.96425],[101.66291,2.96418],[101.66292,2.96413],[101.66297,2.96369],[101.66182,2.96442],[101.66179,2.96444],[101.65788,2.96708],[101.65778,2.96715],[101.65809,2.96741],[101.65838,2.96792],[101.65853,2.96819],[101.65863,2.9684],[101.6589,2.96913],[101.6589,2.96925],[101.65891,2.96939],[101.65892,2.9696],[101.65892,2.9697],[101.65882,2.97005],[101.65872,2.9702],[101.65864,2.97037],[101.65858,2.97053],[101.65855,2.97057],[101.65917,2.97057],[101.65997,2.97055],[101.66,2.97103],[101.66003,2.97165],[101.66004,2.97223],[101.66001,2.97281],[101.65998,2.97357],[101.66003,2.97362],[101.66006,2.97367],[101.66012,2.97377],[101.66016,2.97394],[101.66035,2.97441],[101.66038,2.9745],[101.66083,2.97439],[101.66135,2.97426],[101.66167,2.97418],[101.66345,2.97374],[101.66378,2.97367],[101.66397,2.97367],[101.66426,2.9737],[101.66447,2.97374],[101.66468,2.9738],[101.66552,2.97409],[101.66675,2.97449],[101.66794,2.97486],[101.6687,2.97508],[101.66905,2.97511],[101.66954,2.97511],[101.67005,2.97504],[101.67024,2.97502],[101.67064,2.97492],[101.67326,2.97429]]]}},{"type":"Feature","properties":{"fid":82,"nama":"Pinggiran Cyberjaya","pdk_thn":1316,"luas_h":17.13,"kpdt":77,"unj_2025":0,"unj_2030":0,"unj_2035":0,"e_blok":"1007A065","pop_share":0.004054408,"recy_annual_t":36.49},"geometry":{"type":"Polygon","coordinates":[[[101.65998,2.97357],[101.66001,2.97281],[101.66004,2.97223],[101.66003,2.97165],[101.66,2.97103],[101.65997,2.97055],[101.65917,2.97057],[101.65855,2.97057],[101.65851,2.97065],[101.65844,2.97079],[101.65834,2.97095],[101.65828,2.97104],[101.65814,2.97124],[101.65796,2.97143],[101.65779,2.97157],[101.65769,2.97165],[101.65744,2.97181],[101.65742,2.97183],[101.65734,2.97187],[101.6573,2.97189],[101.65716,2.97196],[101.65709,2.972],[101.65676,2.97212],[101.65636,2.97222],[101.65644,2.97245],[101.65659,2.97293],[101.65523,2.97299],[101.65523,2.97299],[101.65521,2.97312],[101.65514,2.97355],[101.65514,2.97356],[101.65504,2.97355],[101.65396,2.97331],[101.65376,2.97331],[101.65372,2.97348],[101.65372,2.97351],[101.65368,2.97381],[101.65367,2.97406],[101.65367,2.97417],[101.65368,2.97432],[101.65378,2.97467],[101.65378,2.97467],[101.6573,2.97421],[101.65722,2.97388],[101.6572,2.97379],[101.6571,2.97333],[101.65707,2.97321],[101.65773,2.97309],[101.65788,2.97306],[101.65789,2.97307],[101.65796,2.97305],[101.65835,2.9737],[101.65851,2.97406],[101.65885,2.97476],[101.65889,2.97484],[101.6601,2.97456],[101.66038,2.9745],[101.66035,2.97441],[101.66016,2.97394],[101.66012,2.97377],[101.66006,2.97367],[101.66003,2.97362],[101.65998,2.97357]]]}},{"type":"Feature","properties":{"fid":83,"nama":"Pinggiran Cyberjaya","pdk_thn":769,"luas_h":2.1,"kpdt":366,"unj_2025":0,"unj_2030":0,"unj_2035":0,"e_blok":"1007A066","pop_share":0.002369179,"recy_annual_t":21.323},"geometry":{"type":"Polygon","coordinates":[[[101.65643,2.97242],[101.65636,2.97222],[101.65631,2.97224],[101.65592,2.97227],[101.65541,2.97225],[101.65535,2.97225],[101.65508,2.9722],[101.65481,2.97212],[101.65449,2.972],[101.65444,2.97198],[101.65444,2.97198],[101.65437,2.97194],[101.65407,2.97254],[101.65402,2.97263],[101.654,2.97265],[101.65522,2.97299],[101.65523,2.97299],[101.65523,2.97299],[101.65523,2.97299],[101.65659,2.97293],[101.65655,2.97281],[101.65651,2.97268],[101.65643,2.97242]]]}},{"type":"Feature","properties":{"fid":84,"nama":"Pinggiran Cyberjaya","pdk_thn":896,"luas_h":8.89,"kpdt":101,"unj_2025":0,"unj_2030":0,"unj_2035":0,"e_blok":"1007A067","pop_share":0.002760448,"recy_annual_t":24.844},"geometry":{"type":"Polygon","coordinates":[[[101.65376,2.97331],[101.65396,2.97331],[101.65504,2.97355],[101.65514,2.97356],[101.65514,2.97355],[101.65523,2.97299],[101.65523,2.97299],[101.65523,2.97299],[101.654,2.97265],[101.65437,2.97194],[101.65475,2.97128],[101.65482,2.97113],[101.65485,2.97108],[101.65241,2.97108],[101.65241,2.97137],[101.65241,2.9715],[101.6524,2.97195],[101.65241,2.97251],[101.65241,2.97302],[101.65241,2.97345],[101.6524,2.97345],[101.65206,2.97349],[101.65209,2.97374],[101.65226,2.97487],[101.65378,2.97467],[101.65368,2.97432],[101.65367,2.97406],[101.65368,2.97381],[101.65371,2.97354],[101.65372,2.97351],[101.65376,2.97331]]]}},{"type":"Feature","properties":{"fid":85,"nama":"Pinggiran Cyberjaya","pdk_thn":550,"luas_h":7.58,"kpdt":73,"unj_2025":0,"unj_2030":0,"unj_2035":0,"e_blok":"1007A068","pop_share":0.001694471,"recy_annual_t":15.25},"geometry":{"type":"Polygon","coordinates":[[[101.65393,2.97511],[101.65378,2.97467],[101.65226,2.97487],[101.65224,2.97476],[101.65209,2.97374],[101.65206,2.9735],[101.65116,2.9736],[101.65102,2.9736],[101.65089,2.97355],[101.65079,2.97349],[101.65072,2.97343],[101.65075,2.97403],[101.65099,2.97506],[101.65111,2.97558],[101.65134,2.97659],[101.65244,2.97634],[101.65402,2.97597],[101.65439,2.97589],[101.6543,2.97577],[101.65422,2.97565],[101.65415,2.97557],[101.65398,2.97524],[101.65393,2.97511]]]}},{"type":"Feature","properties":{"fid":86,"nama":"Pinggiran Cyberjaya","pdk_thn":570,"luas_h":28.09,"kpdt":20,"unj_2025":0,"unj_2030":0,"unj_2035":0,"e_blok":"1007A069","pop_share":0.001756089,"recy_annual_t":15.805},"geometry":{"type":"Polygon","coordinates":[[[101.65075,2.97403],[101.65072,2.97343],[101.65079,2.97349],[101.65089,2.97355],[101.65102,2.9736],[101.65116,2.9736],[101.65206,2.9735],[101.65206,2.97349],[101.6524,2.97345],[101.65241,2.97345],[101.65241,2.97302],[101.65241,2.97251],[101.6524,2.97195],[101.65241,2.97175],[101.65241,2.97153],[101.6514,2.97143],[101.65021,2.97132],[101.65024,2.97151],[101.65025,2.97167],[101.65009,2.9717],[101.64991,2.97171],[101.64923,2.97177],[101.64786,2.97188],[101.64782,2.9719],[101.6478,2.97181],[101.64772,2.9716],[101.64709,2.97125],[101.64706,2.97122],[101.64699,2.97134],[101.64659,2.97199],[101.64651,2.97213],[101.64669,2.97247],[101.64694,2.973],[101.64734,2.97441],[101.64737,2.9745],[101.64755,2.97512],[101.64805,2.97677],[101.6482,2.97732],[101.6484,2.97727],[101.64978,2.97696],[101.65112,2.97664],[101.65114,2.97664],[101.65134,2.97659],[101.65111,2.97558],[101.65099,2.97506],[101.65075,2.97403]]]}},{"type":"Feature","properties":{"fid":87,"nama":"Pinggiran Cyberjaya","pdk_thn":621,"luas_h":32.85,"kpdt":19,"unj_2025":0,"unj_2030":0,"unj_2035":0,"e_blok":"1007A070","pop_share":0.001913212,"recy_annual_t":17.219},"geometry":{"type":"Polygon","coordinates":[[[101.65024,2.97151],[101.65021,2.97132],[101.6514,2.97143],[101.65241,2.97153],[101.65241,2.9715],[101.65241,2.97137],[101.65241,2.97079],[101.65241,2.97023],[101.65238,2.97018],[101.65238,2.96995],[101.65238,2.96993],[101.65502,2.96993],[101.65502,2.96987],[101.65499,2.9695],[101.65498,2.96907],[101.65497,2.96898],[101.65497,2.96888],[101.65497,2.96818],[101.65496,2.96784],[101.65497,2.96689],[101.65498,2.96615],[101.65496,2.96601],[101.65482,2.96599],[101.65487,2.96631],[101.65483,2.96657],[101.65478,2.96658],[101.65472,2.96659],[101.65465,2.96688],[101.65346,2.96679],[101.65267,2.96682],[101.6521,2.96681],[101.65183,2.9669],[101.65177,2.96706],[101.65172,2.96715],[101.65146,2.96722],[101.65113,2.96735],[101.65096,2.96753],[101.65092,2.96778],[101.65083,2.96799],[101.65077,2.96811],[101.65065,2.96857],[101.65062,2.96903],[101.64876,2.96904],[101.64809,2.96904],[101.64824,2.96808],[101.6477,2.96809],[101.64652,2.96907],[101.64632,2.96924],[101.64632,2.96924],[101.64653,2.96957],[101.64669,2.96982],[101.64669,2.96982],[101.64675,2.96999],[101.64681,2.97022],[101.6469,2.97067],[101.64703,2.97117],[101.64706,2.97122],[101.64709,2.97125],[101.64772,2.9716],[101.6478,2.97181],[101.64782,2.9719],[101.64786,2.97188],[101.64923,2.97177],[101.64991,2.97171],[101.65009,2.9717],[101.65025,2.97167],[101.65024,2.97151]]]}},{"type":"Feature","properties":{"fid":88,"nama":"Pinggiran Cyberjaya","pdk_thn":637,"luas_h":111.95,"kpdt":6,"unj_2025":0,"unj_2030":0,"unj_2035":0,"e_blok":"1007A071","pop_share":0.001962506,"recy_annual_t":17.663},"geometry":{"type":"Polygon","coordinates":[[[101.65709,2.972],[101.65716,2.97196],[101.65734,2.97187],[101.65742,2.97183],[101.65769,2.97165],[101.65779,2.97157],[101.65796,2.97143],[101.65814,2.97124],[101.65828,2.97104],[101.65834,2.97095],[101.65844,2.97079],[101.65851,2.97065],[101.65855,2.97057],[101.65858,2.97053],[101.65864,2.97037],[101.65872,2.9702],[101.65882,2.97005],[101.65892,2.9697],[101.65892,2.9696],[101.65891,2.96939],[101.6589,2.96925],[101.6589,2.96913],[101.65863,2.9684],[101.65853,2.96819],[101.65838,2.96792],[101.65809,2.96741],[101.65778,2.96715],[101.65788,2.96708],[101.66179,2.96444],[101.66182,2.96442],[101.66297,2.96369],[101.66327,2.96098],[101.66435,2.95806],[101.66505,2.95744],[101.66499,2.95167],[101.66101,2.95124],[101.66141,2.96315],[101.661,2.96295],[101.66058,2.96279],[101.66014,2.96182],[101.65979,2.96161],[101.65957,2.96172],[101.65939,2.96181],[101.65897,2.96243],[101.65819,2.96221],[101.65817,2.96082],[101.65789,2.96113],[101.65741,2.96077],[101.6574,2.96065],[101.65739,2.96056],[101.65695,2.96115],[101.65658,2.96087],[101.65651,2.96081],[101.65626,2.96098],[101.6562,2.96102],[101.65587,2.96085],[101.65568,2.96055],[101.6549,2.95987],[101.65422,2.95936],[101.65428,2.95961],[101.65452,2.9604],[101.6546,2.96063],[101.65488,2.96135],[101.65491,2.96142],[101.65525,2.96214],[101.65538,2.9624],[101.65564,2.96284],[101.65595,2.96334],[101.65593,2.96336],[101.65485,2.96386],[101.65456,2.96417],[101.65455,2.96417],[101.65468,2.96465],[101.65475,2.96522],[101.65496,2.96601],[101.65498,2.96615],[101.65497,2.96689],[101.65496,2.96784],[101.65497,2.96818],[101.65497,2.96888],[101.65498,2.96907],[101.65499,2.9695],[101.65502,2.96993],[101.65238,2.96993],[101.65238,2.96995],[101.65238,2.97018],[101.65241,2.97023],[101.65241,2.97079],[101.65241,2.97108],[101.65485,2.97108],[101.65482,2.97113],[101.65475,2.97128],[101.65437,2.97194],[101.65444,2.97198],[101.65444,2.97198],[101.65449,2.972],[101.65481,2.97212],[101.65508,2.9722],[101.65535,2.97225],[101.65541,2.97225],[101.65592,2.97227],[101.65631,2.97224],[101.65636,2.97222],[101.65676,2.97212],[101.65709,2.972]]]}},{"type":"Feature","properties":{"fid":89,"nama":"Pinggiran Cyberjaya","pdk_thn":122,"luas_h":1.34,"kpdt":91,"unj_2025":0,"unj_2030":0,"unj_2035":0,"e_blok":"1007A072","pop_share":0.000375865,"recy_annual_t":3.383},"geometry":{"type":"Polygon","coordinates":[[[101.65695,2.96115],[101.65739,2.96056],[101.6574,2.96063],[101.6574,2.96065],[101.65741,2.96077],[101.65789,2.96113],[101.65794,2.96108],[101.65795,2.96106],[101.65798,2.96104],[101.65799,2.96102],[101.65801,2.961],[101.65805,2.96095],[101.65808,2.96092],[101.65811,2.96088],[101.65815,2.96084],[101.65817,2.96082],[101.65756,2.95986],[101.65713,2.96004],[101.65662,2.96073],[101.65651,2.96081],[101.65658,2.96087],[101.65686,2.96108],[101.6569,2.96111],[101.65695,2.96115]]]}},{"type":"Feature","properties":{"fid":90,"nama":"Cyberjaya","pdk_thn":839,"luas_h":80.68,"kpdt":10,"unj_2025":0,"unj_2030":0,"unj_2035":0,"e_blok":"1007A073","pop_share":0.002584839,"recy_annual_t":23.264},"geometry":{"type":"Polygon","coordinates":[[[101.65875,2.96001],[101.65865,2.95968],[101.65841,2.95884],[101.65834,2.95849],[101.65825,2.95806],[101.65813,2.95664],[101.65808,2.9559],[101.65807,2.9552],[101.65812,2.95432],[101.65826,2.95343],[101.6584,2.9527],[101.6586,2.95186],[101.65887,2.95099],[101.65918,2.95028],[101.65959,2.94946],[101.65971,2.94922],[101.65993,2.94887],[101.65221,2.95001],[101.65222,2.95176],[101.65224,2.95365],[101.65219,2.9551],[101.65218,2.9555],[101.6523,2.95572],[101.65229,2.9568],[101.6524,2.95686],[101.65255,2.95695],[101.65273,2.95694],[101.65289,2.95707],[101.65289,2.95732],[101.65283,2.95777],[101.65302,2.95831],[101.65334,2.95862],[101.65399,2.95919],[101.65422,2.95936],[101.6549,2.95987],[101.65565,2.96052],[101.65568,2.96055],[101.65587,2.96085],[101.6562,2.96102],[101.65626,2.96098],[101.65662,2.96073],[101.65713,2.96004],[101.65756,2.95986],[101.65817,2.96082],[101.65819,2.96221],[101.65897,2.96243],[101.65939,2.96181],[101.65957,2.96172],[101.65918,2.96108],[101.65878,2.96009],[101.65875,2.96001]]]}},{"type":"Feature","properties":{"fid":91,"nama":"Cyberjaya","pdk_thn":645,"luas_h":109.35,"kpdt":6,"unj_2025":0,"unj_2030":0,"unj_2035":0,"e_blok":"1007A074","pop_share":0.001987153,"recy_annual_t":17.884},"geometry":{"type":"Polygon","coordinates":[[[101.66141,2.96315],[101.66101,2.95124],[101.66499,2.95167],[101.66505,2.95744],[101.66654,2.95642],[101.66817,2.95525],[101.6689,2.95522],[101.66939,2.95543],[101.67114,2.95403],[101.67136,2.95297],[101.67152,2.95389],[101.67162,2.95381],[101.67187,2.95362],[101.67219,2.95342],[101.6727,2.9528],[101.67301,2.95249],[101.67347,2.95202],[101.67005,2.95199],[101.66928,2.95199],[101.66928,2.95199],[101.66606,2.95196],[101.66584,2.95162],[101.66543,2.95112],[101.66509,2.95072],[101.66481,2.95038],[101.66458,2.95003],[101.66455,2.94998],[101.66447,2.94982],[101.66428,2.94948],[101.66404,2.94899],[101.66377,2.94851],[101.66365,2.9483],[101.66314,2.94753],[101.66281,2.94704],[101.6626,2.94672],[101.66219,2.94612],[101.66141,2.94695],[101.65219,2.94852],[101.65221,2.94989],[101.65221,2.95001],[101.65993,2.94887],[101.65971,2.94922],[101.65959,2.94946],[101.65918,2.95028],[101.65887,2.95099],[101.6586,2.95186],[101.6584,2.9527],[101.65826,2.95343],[101.65812,2.95432],[101.65807,2.9552],[101.65808,2.9559],[101.65813,2.95664],[101.65825,2.95806],[101.65834,2.95849],[101.65841,2.95884],[101.65865,2.95968],[101.65875,2.96001],[101.65878,2.96009],[101.65918,2.96108],[101.65957,2.96172],[101.65979,2.96161],[101.66014,2.96182],[101.66058,2.96279],[101.661,2.96295],[101.66141,2.96315]]]}},{"type":"Feature","properties":{"fid":92,"nama":"Cyberjaya","pdk_thn":707,"luas_h":34.21,"kpdt":21,"unj_2025":0,"unj_2030":0,"unj_2035":0,"e_blok":"1007A075","pop_share":0.002178166,"recy_annual_t":19.603},"geometry":{"type":"Polygon","coordinates":[[[101.67505,2.95004],[101.67504,2.94987],[101.67503,2.94954],[101.67498,2.94918],[101.67488,2.94836],[101.67483,2.94809],[101.67483,2.94809],[101.67165,2.94809],[101.67165,2.94842],[101.67069,2.94842],[101.67025,2.9484],[101.67011,2.9484],[101.67011,2.94988],[101.67003,2.94988],[101.67003,2.94988],[101.66969,2.94988],[101.66607,2.94988],[101.66549,2.94984],[101.66549,2.94984],[101.66521,2.94982],[101.6647,2.94973],[101.66447,2.94982],[101.66455,2.94998],[101.66458,2.95003],[101.66481,2.95038],[101.66509,2.95072],[101.66543,2.95112],[101.66584,2.95162],[101.66606,2.95196],[101.66928,2.95199],[101.67005,2.95199],[101.67347,2.95202],[101.67358,2.95191],[101.67441,2.95115],[101.67475,2.95078],[101.67487,2.95056],[101.67497,2.95017],[101.67505,2.95004]]]}},{"type":"Feature","properties":{"fid":93,"nama":"Cyberjaya","pdk_thn":250,"luas_h":0.99,"kpdt":253,"unj_2025":0,"unj_2030":0,"unj_2035":0,"e_blok":"1007A076","pop_share":0.000770214,"recy_annual_t":6.932},"geometry":{"type":"Polygon","coordinates":[[[101.66583,2.94986],[101.66567,2.94933],[101.66522,2.94907],[101.66454,2.94934],[101.66426,2.94945],[101.66427,2.94946],[101.66428,2.94948],[101.66447,2.94982],[101.6647,2.94973],[101.66521,2.94982],[101.66549,2.94984],[101.66549,2.94984],[101.66583,2.94986]]]}},{"type":"Feature","properties":{"fid":94,"nama":"Cyberjaya","pdk_thn":482,"luas_h":0.72,"kpdt":669,"unj_2025":0,"unj_2030":0,"unj_2035":0,"e_blok":"1007A077","pop_share":0.001484973,"recy_annual_t":13.365},"geometry":{"type":"Polygon","coordinates":[[[101.66598,2.94891],[101.66564,2.94862],[101.66549,2.94892],[101.66522,2.94907],[101.66567,2.94933],[101.66583,2.94986],[101.66607,2.94988],[101.6662,2.94975],[101.66623,2.94948],[101.66598,2.94891]]]}},{"type":"Feature","properties":{"fid":95,"nama":"Cyberjaya","pdk_thn":309,"luas_h":1.42,"kpdt":218,"unj_2025":0,"unj_2030":0,"unj_2035":0,"e_blok":"1007A078","pop_share":0.000951985,"recy_annual_t":8.568},"geometry":{"type":"Polygon","coordinates":[[[101.66563,2.94861],[101.66549,2.94848],[101.66508,2.94846],[101.665,2.94832],[101.66491,2.94839],[101.66488,2.94841],[101.66467,2.94851],[101.66459,2.94852],[101.66443,2.94851],[101.66377,2.94851],[101.66384,2.94863],[101.66395,2.94884],[101.66404,2.94899],[101.66421,2.94934],[101.66426,2.94945],[101.66454,2.94934],[101.66522,2.94907],[101.66549,2.94892],[101.66564,2.94862],[101.66563,2.94861]]]}},{"type":"Feature","properties":{"fid":96,"nama":"Cyberjaya","pdk_thn":785,"luas_h":39.65,"kpdt":20,"unj_2025":0,"unj_2030":0,"unj_2035":0,"e_blok":"1007A079","pop_share":0.002418473,"recy_annual_t":21.766},"geometry":{"type":"Polygon","coordinates":[[[101.67003,2.94988],[101.67003,2.94988],[101.67003,2.94988],[101.67011,2.94988],[101.67011,2.9484],[101.67025,2.9484],[101.67069,2.94842],[101.67165,2.94842],[101.67165,2.94809],[101.67483,2.94809],[101.67466,2.94712],[101.67447,2.94614],[101.67362,2.94605],[101.67324,2.94601],[101.67196,2.94588],[101.67144,2.94583],[101.67011,2.9457],[101.67006,2.9457],[101.66913,2.94559],[101.66848,2.94549],[101.66808,2.9454],[101.66779,2.9453],[101.6673,2.9451],[101.66694,2.94487],[101.66688,2.94482],[101.66686,2.94488],[101.66664,2.94548],[101.66659,2.94551],[101.66636,2.94566],[101.66631,2.9457],[101.66629,2.94574],[101.66626,2.9458],[101.66625,2.94655],[101.66626,2.94705],[101.66611,2.94705],[101.66485,2.94704],[101.66328,2.94704],[101.66281,2.94704],[101.66314,2.94753],[101.66365,2.9483],[101.66377,2.94851],[101.66443,2.94851],[101.66459,2.94852],[101.66467,2.94851],[101.66488,2.94841],[101.66491,2.94839],[101.665,2.94832],[101.66508,2.94846],[101.66549,2.94848],[101.66563,2.94861],[101.66598,2.94891],[101.66623,2.94948],[101.6662,2.94975],[101.66607,2.94988],[101.67003,2.94988],[101.67003,2.94988]]]}},{"type":"Feature","properties":{"fid":97,"nama":"Cyberjaya","pdk_thn":382,"luas_h":88.11,"kpdt":4,"unj_2025":0,"unj_2030":0,"unj_2035":0,"e_blok":"1007A080","pop_share":0.001176887,"recy_annual_t":10.592},"geometry":{"type":"Polygon","coordinates":[[[101.66586,2.94254],[101.66653,2.94188],[101.66664,2.942],[101.66711,2.94157],[101.66753,2.94106],[101.66793,2.9404],[101.6685,2.93873],[101.66856,2.93784],[101.66852,2.93669],[101.667,2.93152],[101.66698,2.93154],[101.66698,2.93154],[101.66262,2.93635],[101.66232,2.93611],[101.66157,2.93701],[101.66183,2.93722],[101.66186,2.93725],[101.66201,2.93738],[101.66201,2.93738],[101.66213,2.93757],[101.66224,2.93778],[101.66226,2.93784],[101.66231,2.93804],[101.6623,2.9383],[101.66206,2.93882],[101.66068,2.94028],[101.66287,2.94208],[101.66089,2.94419],[101.66135,2.94489],[101.662,2.94584],[101.66213,2.94604],[101.66219,2.94612],[101.6626,2.94672],[101.66281,2.94704],[101.66328,2.94704],[101.66485,2.94704],[101.66611,2.94705],[101.66626,2.94705],[101.66625,2.94655],[101.66626,2.9458],[101.66629,2.94574],[101.66631,2.9457],[101.66636,2.94566],[101.66659,2.94551],[101.66664,2.94548],[101.66686,2.94488],[101.66688,2.94482],[101.66671,2.94469],[101.66635,2.94437],[101.66595,2.94396],[101.6652,2.94318],[101.66521,2.94317],[101.66586,2.94254]]]}},{"type":"Feature","properties":{"fid":98,"nama":"Cyberjaya","pdk_thn":163,"luas_h":183.45,"kpdt":1,"unj_2025":0,"unj_2030":0,"unj_2035":0,"e_blok":"1007A081","pop_share":0.00050218,"recy_annual_t":4.52},"geometry":{"type":"Polygon","coordinates":[[[101.66157,2.93701],[101.66232,2.93611],[101.66262,2.93635],[101.66698,2.93154],[101.66698,2.93154],[101.667,2.93152],[101.66756,2.93134],[101.66756,2.93102],[101.66761,2.93081],[101.66831,2.92956],[101.66838,2.92897],[101.66823,2.92834],[101.66825,2.9281],[101.66849,2.92792],[101.66966,2.92748],[101.66957,2.9272],[101.66956,2.92717],[101.66923,2.92727],[101.66854,2.92748],[101.66672,2.92804],[101.66668,2.92805],[101.66666,2.92806],[101.66564,2.92837],[101.6645,2.92869],[101.66416,2.92879],[101.66365,2.92894],[101.66341,2.92902],[101.66331,2.92906],[101.66316,2.92911],[101.663,2.92918],[101.66266,2.92933],[101.66242,2.92944],[101.66216,2.92957],[101.66181,2.92977],[101.66143,2.93002],[101.66109,2.93025],[101.66077,2.9305],[101.66046,2.93074],[101.65963,2.9316],[101.65883,2.93256],[101.65865,2.93281],[101.65787,2.934],[101.65724,2.9351],[101.65721,2.93511],[101.65721,2.93511],[101.65706,2.93537],[101.65697,2.93558],[101.65617,2.93755],[101.6549,2.93987],[101.65427,2.94072],[101.65418,2.94084],[101.65402,2.94104],[101.6536,2.94152],[101.65329,2.94183],[101.65275,2.94231],[101.65216,2.94285],[101.65096,2.94377],[101.65128,2.94429],[101.65128,2.9443],[101.65142,2.94457],[101.65152,2.94481],[101.65157,2.94497],[101.65163,2.94516],[101.65167,2.94549],[101.65168,2.94597],[101.65168,2.9466],[101.65166,2.94703],[101.65167,2.94824],[101.65219,2.94824],[101.65219,2.94852],[101.66141,2.94695],[101.66219,2.94612],[101.66213,2.94604],[101.662,2.94584],[101.66135,2.94489],[101.66089,2.94419],[101.66287,2.94208],[101.66068,2.94028],[101.66206,2.93882],[101.6623,2.9383],[101.66231,2.93804],[101.66226,2.93784],[101.66224,2.93778],[101.66213,2.93757],[101.66201,2.93738],[101.66186,2.93725],[101.66157,2.93701]]]}},{"type":"Feature","properties":{"fid":99,"nama":"Cyberjaya","pdk_thn":1374,"luas_h":440.93,"kpdt":3,"unj_2025":0,"unj_2030":0,"unj_2035":0,"e_blok":"1007A082","pop_share":0.004233098,"recy_annual_t":38.098},"geometry":{"type":"Polygon","coordinates":[[[101.6386,2.95139],[101.63916,2.95102],[101.64464,2.95103],[101.64656,2.95098],[101.64649,2.94967],[101.6476,2.94964],[101.64797,2.94884],[101.64796,2.94823],[101.64824,2.9482],[101.64866,2.94818],[101.65021,2.94823],[101.65167,2.94824],[101.65166,2.94703],[101.65168,2.9466],[101.65168,2.94597],[101.65167,2.94549],[101.65163,2.94516],[101.65157,2.94497],[101.65152,2.94481],[101.65142,2.94457],[101.65128,2.9443],[101.65128,2.94429],[101.65096,2.94377],[101.65216,2.94285],[101.65275,2.94231],[101.65329,2.94183],[101.6536,2.94152],[101.65402,2.94104],[101.65418,2.94084],[101.65427,2.94072],[101.6549,2.93987],[101.65617,2.93755],[101.653,2.93619],[101.64962,2.9368],[101.64962,2.93694],[101.64968,2.93803],[101.6498,2.93823],[101.6497,2.93835],[101.64965,2.93853],[101.64965,2.93865],[101.64957,2.93868],[101.64943,2.93869],[101.64909,2.93859],[101.64878,2.93843],[101.64868,2.93828],[101.64792,2.93792],[101.6475,2.93818],[101.64694,2.93826],[101.64659,2.93833],[101.64638,2.93846],[101.64604,2.9392],[101.64568,2.93926],[101.64543,2.93928],[101.64508,2.93921],[101.64501,2.9392],[101.64493,2.93917],[101.64468,2.93902],[101.64437,2.93878],[101.64426,2.93866],[101.64422,2.93855],[101.64422,2.93839],[101.64427,2.93826],[101.64429,2.93824],[101.64435,2.93819],[101.64449,2.93812],[101.64451,2.93784],[101.64452,2.93768],[101.64453,2.93736],[101.64446,2.93687],[101.6444,2.9364],[101.64439,2.9362],[101.64434,2.93476],[101.6443,2.93456],[101.64362,2.93324],[101.64357,2.93312],[101.64354,2.93283],[101.64314,2.93274],[101.64306,2.93286],[101.64292,2.933],[101.64291,2.933],[101.64282,2.93309],[101.64251,2.93332],[101.6424,2.93338],[101.64224,2.93347],[101.64198,2.93358],[101.64179,2.93364],[101.64161,2.93368],[101.64147,2.9337],[101.64123,2.93373],[101.64004,2.93373],[101.63955,2.93371],[101.63912,2.93373],[101.63894,2.93376],[101.63857,2.93382],[101.63826,2.93388],[101.6373,2.93408],[101.63664,2.93421],[101.63605,2.93432],[101.63574,2.93434],[101.63539,2.93435],[101.63479,2.93432],[101.63396,2.93428],[101.63351,2.93426],[101.63199,2.93418],[101.63125,2.93414],[101.6305,2.9341],[101.63023,2.9341],[101.63001,2.93411],[101.62974,2.93415],[101.62952,2.93421],[101.62924,2.93432],[101.629,2.93444],[101.62871,2.93465],[101.62853,2.93481],[101.62843,2.93491],[101.62982,2.93671],[101.62982,2.93672],[101.62951,2.937],[101.62929,2.93757],[101.62927,2.93809],[101.62934,2.9383],[101.62944,2.93857],[101.62959,2.93882],[101.62966,2.93895],[101.63,2.93926],[101.63045,2.93945],[101.63097,2.93967],[101.6313,2.93998],[101.63154,2.94043],[101.63176,2.94069],[101.63207,2.9409],[101.63252,2.94126],[101.63169,2.94241],[101.63114,2.94296],[101.63124,2.94304],[101.63121,2.94308],[101.62926,2.94615],[101.62932,2.94621],[101.62948,2.94625],[101.62961,2.94697],[101.62968,2.94806],[101.62921,2.94879],[101.62909,2.94898],[101.62849,2.9499],[101.62834,2.94992],[101.6279,2.9499],[101.62777,2.9499],[101.62731,2.94986],[101.62728,2.95047],[101.62728,2.95055],[101.62724,2.95058],[101.62716,2.95077],[101.62652,2.95202],[101.62773,2.95198],[101.62778,2.95192],[101.637,2.95164],[101.6386,2.95139]]]}},{"type":"Feature","properties":{"fid":100,"nama":"Cyberjaya","pdk_thn":1093,"luas_h":120.2,"kpdt":9,"unj_2025":0,"unj_2030":0,"unj_2035":0,"e_blok":"1007A083","pop_share":0.003367377,"recy_annual_t":30.306},"geometry":{"type":"Polygon","coordinates":[[[101.62652,2.95202],[101.62716,2.95077],[101.62724,2.95058],[101.62728,2.95055],[101.62728,2.95047],[101.62731,2.94986],[101.62777,2.9499],[101.6279,2.9499],[101.62834,2.94992],[101.62849,2.9499],[101.62909,2.94898],[101.62921,2.94879],[101.62968,2.94806],[101.62961,2.94697],[101.62948,2.94625],[101.62932,2.94621],[101.62926,2.94615],[101.63121,2.94308],[101.63124,2.94304],[101.63114,2.94296],[101.63169,2.94241],[101.63252,2.94126],[101.63207,2.9409],[101.63176,2.94069],[101.63154,2.94043],[101.6313,2.93998],[101.63097,2.93967],[101.63045,2.93945],[101.63,2.93926],[101.62966,2.93895],[101.62959,2.93882],[101.62944,2.93857],[101.62934,2.9383],[101.6278,2.93816],[101.62737,2.93816],[101.62715,2.93815],[101.6266,2.93859],[101.62596,2.93909],[101.62673,2.9398],[101.62677,2.9399],[101.6267,2.94011],[101.6264,2.941],[101.62456,2.94035],[101.62458,2.94011],[101.6246,2.94],[101.62462,2.93986],[101.62469,2.93967],[101.62482,2.93938],[101.62532,2.93849],[101.62532,2.93846],[101.62531,2.93844],[101.62523,2.9384],[101.62519,2.9384],[101.62453,2.93795],[101.62437,2.93787],[101.62416,2.93782],[101.62387,2.93779],[101.6236,2.93779],[101.62359,2.93783],[101.62351,2.93852],[101.62349,2.93998],[101.62347,2.94084],[101.62347,2.94084],[101.62348,2.94084],[101.62348,2.94085],[101.62348,2.94094],[101.62348,2.94101],[101.62347,2.94122],[101.62346,2.94171],[101.62346,2.94192],[101.62345,2.94192],[101.62341,2.94192],[101.62341,2.94199],[101.62341,2.94218],[101.62335,2.94222],[101.62336,2.94271],[101.62335,2.94271],[101.62313,2.94271],[101.62285,2.94271],[101.6224,2.94271],[101.62213,2.94299],[101.6217,2.94254],[101.62164,2.9426],[101.62134,2.94281],[101.62062,2.94317],[101.62066,2.9433],[101.62072,2.9437],[101.62073,2.94427],[101.62073,2.94435],[101.62076,2.94485],[101.62076,2.94488],[101.6209,2.94523],[101.62137,2.94576],[101.62159,2.94603],[101.62159,2.94603],[101.62176,2.94622],[101.622,2.94648],[101.6221,2.94667],[101.62213,2.94673],[101.62213,2.94711],[101.62213,2.94748],[101.62213,2.94748],[101.62213,2.94815],[101.62304,2.94815],[101.62304,2.94821],[101.62304,2.94895],[101.62304,2.94974],[101.62304,2.94974],[101.62304,2.95201],[101.62347,2.95202],[101.62469,2.95205],[101.62533,2.95206],[101.62572,2.95206],[101.62595,2.95198],[101.62614,2.95196],[101.62627,2.95201],[101.62635,2.95206],[101.62647,2.95213],[101.62652,2.95202]]]}},{"type":"Feature","properties":{"fid":101,"nama":"Pinggiran Cyberjaya","pdk_thn":792,"luas_h":5.55,"kpdt":143,"unj_2025":0,"unj_2030":0,"unj_2035":0,"e_blok":"1007A084","pop_share":0.002440039,"recy_annual_t":21.96},"geometry":{"type":"Polygon","coordinates":[[[101.62164,2.9426],[101.6217,2.94254],[101.62213,2.94299],[101.6224,2.94271],[101.62285,2.94271],[101.62335,2.94271],[101.62336,2.94271],[101.62335,2.94222],[101.62341,2.94218],[101.62341,2.94199],[101.62341,2.94192],[101.62235,2.94192],[101.62213,2.94192],[101.62221,2.9417],[101.62225,2.94146],[101.6216,2.94083],[101.62123,2.94122],[101.62116,2.94129],[101.62092,2.94155],[101.62087,2.94151],[101.62077,2.94141],[101.62063,2.94128],[101.62063,2.94128],[101.62063,2.94128],[101.62059,2.94125],[101.6203,2.94155],[101.61964,2.94214],[101.61966,2.94217],[101.62007,2.94258],[101.62045,2.943],[101.62047,2.94301],[101.62062,2.94317],[101.62134,2.94281],[101.62164,2.9426]]]}},{"type":"Feature","properties":{"fid":102,"nama":"Pinggiran Cyberjaya","pdk_thn":651,"luas_h":8.48,"kpdt":77,"unj_2025":0,"unj_2030":0,"unj_2035":0,"e_blok":"1007A085","pop_share":0.002005638,"recy_annual_t":18.051},"geometry":{"type":"Polygon","coordinates":[[[101.61966,2.94217],[101.61961,2.94212],[101.6196,2.94213],[101.6196,2.94213],[101.61943,2.94234],[101.61943,2.94235],[101.61922,2.94265],[101.61908,2.94291],[101.61895,2.94318],[101.61892,2.94325],[101.61884,2.94359],[101.61878,2.94386],[101.61878,2.94416],[101.61881,2.94461],[101.61881,2.94463],[101.61887,2.94495],[101.619,2.94531],[101.61905,2.94545],[101.61906,2.94548],[101.6192,2.94578],[101.61927,2.94586],[101.61931,2.94589],[101.61937,2.94596],[101.61962,2.94607],[101.6198,2.94614],[101.61992,2.94622],[101.61993,2.94623],[101.62066,2.94623],[101.62098,2.94623],[101.62146,2.94623],[101.62169,2.94613],[101.62167,2.94611],[101.62159,2.94603],[101.62159,2.94603],[101.62137,2.94576],[101.62132,2.94571],[101.62122,2.9456],[101.6209,2.94523],[101.62076,2.94488],[101.62076,2.94486],[101.62074,2.94446],[101.62073,2.94435],[101.62073,2.94428],[101.62073,2.94427],[101.62072,2.9437],[101.62066,2.9433],[101.62062,2.94317],[101.62045,2.943],[101.62007,2.94258],[101.61966,2.94217]]]}},{"type":"Feature","properties":{"fid":103,"nama":"Pinggiran Cyberjaya","pdk_thn":432,"luas_h":1.04,"kpdt":415,"unj_2025":0,"unj_2030":0,"unj_2035":0,"e_blok":"1007A086","pop_share":0.00133093,"recy_annual_t":11.978},"geometry":{"type":"Polygon","coordinates":[[[101.622,2.94648],[101.62176,2.94622],[101.62169,2.94613],[101.62146,2.94623],[101.62098,2.94623],[101.61993,2.94623],[101.61997,2.94626],[101.62004,2.94644],[101.62006,2.94647],[101.62006,2.94658],[101.62005,2.94667],[101.6203,2.94667],[101.62076,2.94667],[101.62098,2.94666],[101.62111,2.94666],[101.62209,2.94665],[101.62205,2.94658],[101.622,2.94648]]]}},{"type":"Feature","properties":{"fid":104,"nama":"Pinggiran Cyberjaya","pdk_thn":985,"luas_h":2.1,"kpdt":469,"unj_2025":0,"unj_2030":0,"unj_2035":0,"e_blok":"1007A087","pop_share":0.003034644,"recy_annual_t":27.312},"geometry":{"type":"Polygon","coordinates":[[[101.62213,2.94749],[101.62213,2.94748],[101.62213,2.94748],[101.62213,2.94717],[101.62213,2.94711],[101.62213,2.94709],[101.62213,2.94673],[101.6221,2.94667],[101.62209,2.94665],[101.62111,2.94666],[101.62098,2.94666],[101.6203,2.94667],[101.62005,2.94667],[101.62005,2.94667],[101.62005,2.94668],[101.62005,2.94684],[101.62005,2.94707],[101.62005,2.94708],[101.62005,2.94711],[101.62005,2.94717],[101.62005,2.94748],[101.62029,2.94748],[101.62097,2.94748],[101.6211,2.94748],[101.6211,2.94748],[101.62111,2.94748],[101.62112,2.94748],[101.62112,2.94748],[101.62213,2.94749]]]}},{"type":"Feature","properties":{"fid":105,"nama":"Pinggiran Cyberjaya","pdk_thn":775,"luas_h":3.49,"kpdt":222,"unj_2025":0,"unj_2030":0,"unj_2035":0,"e_blok":"1007A088","pop_share":0.002387664,"recy_annual_t":21.489},"geometry":{"type":"Polygon","coordinates":[[[101.62112,2.94748],[101.62112,2.94748],[101.62111,2.94748],[101.6211,2.94748],[101.6211,2.94748],[101.62097,2.94748],[101.62029,2.94748],[101.62005,2.94748],[101.62005,2.94814],[101.6205,2.94814],[101.6205,2.94872],[101.6205,2.94872],[101.62213,2.94872],[101.62304,2.94872],[101.62304,2.94821],[101.62304,2.94815],[101.62213,2.94815],[101.62213,2.94749],[101.62112,2.94748]]]}},{"type":"Feature","properties":{"fid":106,"nama":"Pinggiran Cyberjaya","pdk_thn":703,"luas_h":26.91,"kpdt":26,"unj_2025":0,"unj_2030":0,"unj_2035":0,"e_blok":"1007A089","pop_share":0.002165843,"recy_annual_t":19.493},"geometry":{"type":"Polygon","coordinates":[[[101.62005,2.94814],[101.61733,2.94812],[101.61696,2.94812],[101.61693,2.94812],[101.61694,2.94892],[101.61694,2.94898],[101.61694,2.94905],[101.61695,2.94956],[101.61693,2.95041],[101.61694,2.951],[101.61694,2.95189],[101.62012,2.95195],[101.62108,2.95197],[101.62304,2.95201],[101.62304,2.94974],[101.62304,2.94974],[101.62304,2.94895],[101.62304,2.94872],[101.62213,2.94872],[101.6205,2.94872],[101.6205,2.94872],[101.6205,2.94814],[101.62005,2.94814]]]}},{"type":"Feature","properties":{"fid":107,"nama":"Pinggiran Cyberjaya","pdk_thn":604,"luas_h":18.2,"kpdt":33,"unj_2025":0,"unj_2030":0,"unj_2035":0,"e_blok":"1007A090","pop_share":0.001860838,"recy_annual_t":16.748},"geometry":{"type":"Polygon","coordinates":[[[101.62005,2.94814],[101.62005,2.94807],[101.62005,2.94748],[101.62005,2.94711],[101.62005,2.94707],[101.62005,2.94684],[101.62005,2.94668],[101.62005,2.94667],[101.62006,2.94647],[101.61997,2.94626],[101.61992,2.94622],[101.6198,2.94614],[101.61962,2.94607],[101.61937,2.94596],[101.61927,2.94586],[101.6192,2.94578],[101.61909,2.94554],[101.61906,2.94548],[101.61887,2.94495],[101.61881,2.94464],[101.61881,2.94463],[101.61881,2.94461],[101.61879,2.94433],[101.61878,2.94416],[101.61878,2.94386],[101.61884,2.94359],[101.61892,2.94325],[101.61895,2.94319],[101.61895,2.94318],[101.61908,2.94291],[101.61922,2.94265],[101.6193,2.94254],[101.61943,2.94234],[101.6196,2.94213],[101.6196,2.94213],[101.61961,2.94212],[101.61945,2.9419],[101.61938,2.94175],[101.61932,2.94161],[101.61926,2.94142],[101.61925,2.94126],[101.61924,2.94126],[101.61803,2.94133],[101.6178,2.94134],[101.61764,2.94218],[101.61759,2.94245],[101.61758,2.94251],[101.61753,2.94275],[101.61744,2.94317],[101.61723,2.94407],[101.61719,2.94429],[101.61717,2.94434],[101.61696,2.94528],[101.61695,2.94534],[101.61695,2.94541],[101.61693,2.94556],[101.61692,2.9457],[101.61694,2.94594],[101.61694,2.94599],[101.61695,2.94617],[101.61695,2.94642],[101.61695,2.94716],[101.61692,2.94806],[101.61693,2.9481],[101.61693,2.94812],[101.61696,2.94812],[101.61716,2.94812],[101.61733,2.94812],[101.62005,2.94814]]]}},{"type":"Feature","properties":{"fid":108,"nama":"Pinggiran Cyberjaya","pdk_thn":644,"luas_h":4.17,"kpdt":154,"unj_2025":0,"unj_2030":0,"unj_2035":0,"e_blok":"1007A091","pop_share":0.001984072,"recy_annual_t":17.857},"geometry":{"type":"Polygon","coordinates":[[[101.61695,2.94642],[101.61695,2.94617],[101.61694,2.94599],[101.61663,2.94594],[101.61604,2.94583],[101.61566,2.94577],[101.6152,2.94571],[101.615,2.94569],[101.61457,2.9455],[101.61456,2.94553],[101.61451,2.94561],[101.61441,2.94578],[101.61465,2.94599],[101.61479,2.94612],[101.61485,2.94619],[101.61486,2.94618],[101.6156,2.94618],[101.61564,2.94618],[101.61565,2.94642],[101.61565,2.9476],[101.61565,2.94808],[101.61692,2.94806],[101.61695,2.94716],[101.61695,2.94642]]]}},{"type":"Feature","properties":{"fid":109,"nama":"Pinggiran Cyberjaya","pdk_thn":649,"luas_h":2.12,"kpdt":306,"unj_2025":0,"unj_2030":0,"unj_2035":0,"e_blok":"1007A092","pop_share":0.001999476,"recy_annual_t":17.995},"geometry":{"type":"Polygon","coordinates":[[[101.61565,2.9476],[101.61565,2.94716],[101.6156,2.94716],[101.61508,2.94716],[101.61505,2.94716],[101.61506,2.94696],[101.61434,2.94696],[101.61391,2.94696],[101.61391,2.94729],[101.61391,2.94761],[101.61414,2.94761],[101.61414,2.94808],[101.61503,2.94808],[101.61507,2.94808],[101.61565,2.94808],[101.61565,2.9476]]]}},{"type":"Feature","properties":{"fid":110,"nama":"Pinggiran Cyberjaya","pdk_thn":993,"luas_h":3.26,"kpdt":305,"unj_2025":0,"unj_2030":0,"unj_2035":0,"e_blok":"1007A093","pop_share":0.003059291,"recy_annual_t":27.534},"geometry":{"type":"Polygon","coordinates":[[[101.61391,2.94696],[101.61434,2.94696],[101.61498,2.94696],[101.61506,2.94696],[101.61505,2.94716],[101.61508,2.94716],[101.6156,2.94716],[101.61565,2.94716],[101.61565,2.94642],[101.61564,2.94618],[101.6156,2.94618],[101.61486,2.94618],[101.61485,2.94619],[101.61479,2.94612],[101.61465,2.94599],[101.61441,2.94578],[101.61441,2.94578],[101.61435,2.94585],[101.61423,2.94599],[101.61419,2.94604],[101.61407,2.94616],[101.61382,2.94633],[101.61373,2.94639],[101.61349,2.94649],[101.61336,2.94654],[101.61337,2.94697],[101.61339,2.94714],[101.61338,2.94726],[101.61338,2.94737],[101.61337,2.9476],[101.61337,2.94793],[101.61337,2.94808],[101.61339,2.94808],[101.61414,2.94808],[101.61414,2.94761],[101.61391,2.94761],[101.61391,2.94729],[101.61391,2.94696]]]}},{"type":"Feature","properties":{"fid":111,"nama":"Pinggiran Cyberjaya","pdk_thn":746,"luas_h":2.72,"kpdt":274,"unj_2025":0,"unj_2030":0,"unj_2035":0,"e_blok":"1007A094","pop_share":0.002298319,"recy_annual_t":20.685},"geometry":{"type":"Polygon","coordinates":[[[101.61184,2.94808],[101.61279,2.94808],[101.61337,2.94808],[101.61337,2.94793],[101.61337,2.9476],[101.61338,2.94737],[101.61338,2.94726],[101.61339,2.94714],[101.61337,2.94697],[101.61336,2.94654],[101.6132,2.9466],[101.61308,2.94662],[101.61282,2.94666],[101.6126,2.94666],[101.61225,2.94666],[101.61213,2.94664],[101.61196,2.94657],[101.61194,2.94661],[101.61185,2.94684],[101.61184,2.94761],[101.61184,2.94808]]]}},{"type":"Feature","properties":{"fid":112,"nama":"Pinggiran Cyberjaya","pdk_thn":909,"luas_h":27.82,"kpdt":33,"unj_2025":0,"unj_2030":0,"unj_2035":0,"e_blok":"1007A095","pop_share":0.002800499,"recy_annual_t":25.204},"geometry":{"type":"Polygon","coordinates":[[[101.61184,2.94761],[101.61185,2.94684],[101.61194,2.94661],[101.61196,2.94657],[101.61154,2.94638],[101.61124,2.94616],[101.61086,2.94577],[101.61065,2.94539],[101.61049,2.94495],[101.61049,2.94487],[101.61047,2.94453],[101.61047,2.94425],[101.61052,2.94394],[101.61061,2.94363],[101.61076,2.94336],[101.61097,2.94305],[101.61117,2.94285],[101.61093,2.94267],[101.61059,2.94241],[101.61019,2.9421],[101.6097,2.9417],[101.6097,2.9417],[101.60965,2.94164],[101.60929,2.9413],[101.60888,2.9407],[101.60837,2.94105],[101.60813,2.94118],[101.60778,2.94129],[101.60781,2.94148],[101.60792,2.94188],[101.60797,2.94211],[101.6081,2.94272],[101.60813,2.94302],[101.60806,2.94324],[101.60796,2.94343],[101.60783,2.94362],[101.60767,2.94373],[101.60747,2.94385],[101.607,2.94395],[101.60692,2.94394],[101.60692,2.94418],[101.60694,2.9443],[101.60689,2.94445],[101.60681,2.94565],[101.6066,2.946],[101.60657,2.94604],[101.60659,2.94605],[101.60687,2.9462],[101.60691,2.94613],[101.6071,2.94583],[101.60746,2.94608],[101.60806,2.94661],[101.60787,2.94682],[101.60781,2.94689],[101.60781,2.94689],[101.60781,2.94689],[101.60781,2.9469],[101.60796,2.94703],[101.60813,2.94722],[101.60826,2.94736],[101.60834,2.94756],[101.6084,2.94773],[101.60839,2.94786],[101.60831,2.94799],[101.60815,2.94805],[101.60798,2.94809],[101.60864,2.94809],[101.61176,2.94809],[101.61176,2.94808],[101.61184,2.94808],[101.61184,2.94761]]]}},{"type":"Feature","properties":{"fid":113,"nama":"Pinggiran Cyberjaya","pdk_thn":1110,"luas_h":3.73,"kpdt":298,"unj_2025":0,"unj_2030":0,"unj_2035":0,"e_blok":"1007A096","pop_share":0.003419751,"recy_annual_t":30.778},"geometry":{"type":"Polygon","coordinates":[[[101.60798,2.94809],[101.60815,2.94805],[101.60831,2.94799],[101.60839,2.94786],[101.6084,2.94773],[101.60834,2.94756],[101.6083,2.94746],[101.60826,2.94736],[101.60813,2.94722],[101.60796,2.94703],[101.60781,2.9469],[101.60781,2.94689],[101.60781,2.94689],[101.60789,2.94681],[101.60791,2.94678],[101.60806,2.94661],[101.60806,2.94661],[101.60746,2.94608],[101.6071,2.94583],[101.60691,2.94613],[101.60687,2.9462],[101.60659,2.94605],[101.60636,2.9464],[101.60645,2.94643],[101.60664,2.94654],[101.60656,2.94669],[101.60634,2.94708],[101.60626,2.94721],[101.60655,2.94731],[101.60655,2.94764],[101.60689,2.94764],[101.60689,2.94774],[101.60689,2.94807],[101.60689,2.94807],[101.60798,2.94809]]]}},{"type":"Feature","properties":{"fid":114,"nama":"Pinggiran Cyberjaya","pdk_thn":920,"luas_h":2.11,"kpdt":436,"unj_2025":0,"unj_2030":0,"unj_2035":0,"e_blok":"1007A097","pop_share":0.002834388,"recy_annual_t":25.509},"geometry":{"type":"Polygon","coordinates":[[[101.60556,2.94811],[101.60566,2.9481],[101.60566,2.9481],[101.60598,2.94811],[101.60652,2.94808],[101.60689,2.94807],[101.60689,2.94774],[101.60689,2.94764],[101.60655,2.94764],[101.60655,2.94731],[101.60626,2.94721],[101.60634,2.94708],[101.60656,2.94669],[101.60664,2.94654],[101.60656,2.94649],[101.60645,2.94643],[101.60629,2.94638],[101.6063,2.94651],[101.60631,2.94661],[101.60632,2.94675],[101.60587,2.94688],[101.60582,2.94708],[101.60554,2.94696],[101.60539,2.94694],[101.60539,2.94698],[101.60525,2.94746],[101.60522,2.94771],[101.60522,2.94789],[101.60525,2.94804],[101.60527,2.94808],[101.6053,2.94812],[101.60556,2.94811]]]}},{"type":"Feature","properties":{"fid":115,"nama":"Pinggiran Cyberjaya","pdk_thn":1037,"luas_h":2.36,"kpdt":439,"unj_2025":0,"unj_2030":0,"unj_2035":0,"e_blok":"1007A098","pop_share":0.003194849,"recy_annual_t":28.754},"geometry":{"type":"Polygon","coordinates":[[[101.6063,2.94646],[101.60629,2.94638],[101.60636,2.9464],[101.60659,2.94605],[101.60657,2.94604],[101.6066,2.946],[101.60664,2.94593],[101.60681,2.94565],[101.60681,2.94565],[101.60648,2.94547],[101.60598,2.94519],[101.60548,2.94493],[101.6053,2.94531],[101.60517,2.94556],[101.6052,2.94579],[101.60532,2.94582],[101.60549,2.9459],[101.60561,2.946],[101.60574,2.94615],[101.60573,2.94615],[101.60574,2.94615],[101.60533,2.94637],[101.60536,2.94641],[101.60539,2.94658],[101.60541,2.94681],[101.60539,2.94694],[101.60554,2.94696],[101.60582,2.94708],[101.60587,2.94688],[101.60632,2.94675],[101.60631,2.94661],[101.6063,2.94646]]]}},{"type":"Feature","properties":{"fid":116,"nama":"Pinggiran Cyberjaya","pdk_thn":936,"luas_h":27.04,"kpdt":35,"unj_2025":0,"unj_2030":0,"unj_2035":0,"e_blok":"1007A099","pop_share":0.002883682,"recy_annual_t":25.953},"geometry":{"type":"Polygon","coordinates":[[[101.6053,2.94531],[101.60548,2.94493],[101.60598,2.94519],[101.60648,2.94547],[101.60681,2.94565],[101.60682,2.94556],[101.60689,2.94445],[101.60694,2.9443],[101.60692,2.94418],[101.60692,2.94405],[101.60692,2.94394],[101.607,2.94395],[101.60747,2.94385],[101.60767,2.94373],[101.60783,2.94362],[101.60796,2.94343],[101.60806,2.94324],[101.60813,2.94302],[101.6081,2.94272],[101.60797,2.94211],[101.60792,2.94188],[101.60781,2.94148],[101.60774,2.94149],[101.60752,2.94153],[101.60739,2.94155],[101.60747,2.94177],[101.60752,2.94191],[101.60763,2.94236],[101.60771,2.94273],[101.6073,2.94273],[101.60673,2.94276],[101.6062,2.94278],[101.60602,2.94279],[101.60587,2.94261],[101.60567,2.94239],[101.60543,2.94218],[101.60448,2.94153],[101.60465,2.94125],[101.60481,2.94094],[101.60512,2.94041],[101.60512,2.94041],[101.60476,2.94014],[101.6045,2.94001],[101.60425,2.93991],[101.60394,2.93982],[101.60348,2.93976],[101.60339,2.94017],[101.6033,2.94059],[101.60319,2.94099],[101.6031,2.94124],[101.60297,2.94152],[101.60283,2.94181],[101.60222,2.94288],[101.60221,2.94288],[101.60206,2.94316],[101.60183,2.94363],[101.6018,2.94368],[101.60169,2.94396],[101.60157,2.94431],[101.60145,2.94464],[101.60136,2.94493],[101.60523,2.94621],[101.60533,2.94637],[101.60574,2.94615],[101.60573,2.94615],[101.60574,2.94615],[101.60561,2.946],[101.60549,2.9459],[101.60532,2.94582],[101.6052,2.94579],[101.60517,2.94556],[101.6053,2.94531]]]}},{"type":"Feature","properties":{"fid":117,"nama":"Pinggiran Cyberjaya","pdk_thn":1066,"luas_h":23.19,"kpdt":46,"unj_2025":0,"unj_2030":0,"unj_2035":0,"e_blok":"1007A100","pop_share":0.003284194,"recy_annual_t":29.558},"geometry":{"type":"Polygon","coordinates":[[[101.6062,2.93765],[101.60481,2.93761],[101.60481,2.93761],[101.60467,2.9376],[101.60449,2.9376],[101.60376,2.93759],[101.60355,2.93759],[101.60352,2.93759],[101.60349,2.93759],[101.60348,2.93959],[101.60348,2.93976],[101.60394,2.93982],[101.60425,2.93991],[101.6045,2.94001],[101.60476,2.94014],[101.60512,2.94041],[101.60512,2.94041],[101.60481,2.94094],[101.60465,2.94125],[101.60448,2.94153],[101.60543,2.94218],[101.60567,2.94239],[101.60587,2.94261],[101.60602,2.94279],[101.6062,2.94278],[101.60673,2.94276],[101.6073,2.94273],[101.60771,2.94273],[101.60763,2.94236],[101.60752,2.94191],[101.60747,2.94177],[101.60739,2.94155],[101.60752,2.94153],[101.60781,2.94148],[101.60778,2.94129],[101.60813,2.94118],[101.60837,2.94105],[101.60874,2.9408],[101.60888,2.9407],[101.60845,2.94006],[101.60835,2.93989],[101.60814,2.93955],[101.60802,2.93926],[101.60792,2.93884],[101.60788,2.93856],[101.60785,2.9384],[101.60786,2.93797],[101.60787,2.93771],[101.6062,2.93765]]]}},{"type":"Feature","properties":{"fid":118,"nama":"Pinggiran Cyberjaya","pdk_thn":794,"luas_h":15.28,"kpdt":52,"unj_2025":0,"unj_2030":0,"unj_2035":0,"e_blok":"1007B001","pop_share":0.002446201,"recy_annual_t":22.016},"geometry":{"type":"Polygon","coordinates":[[[101.60787,2.93771],[101.60787,2.9377],[101.60787,2.9377],[101.60787,2.9377],[101.60787,2.93747],[101.60785,2.93673],[101.60783,2.93636],[101.60783,2.93631],[101.60782,2.93605],[101.60782,2.93593],[101.60782,2.93494],[101.60782,2.93438],[101.60782,2.93348],[101.60603,2.93348],[101.60602,2.93427],[101.60603,2.93433],[101.60579,2.93433],[101.60525,2.93457],[101.605,2.93461],[101.60484,2.93463],[101.60494,2.93471],[101.60522,2.93494],[101.60534,2.93515],[101.60544,2.93536],[101.60547,2.93543],[101.60524,2.93557],[101.60486,2.93585],[101.6044,2.9362],[101.60416,2.93644],[101.60401,2.93661],[101.60381,2.93683],[101.60353,2.93729],[101.60349,2.93759],[101.60352,2.93759],[101.60355,2.93759],[101.60449,2.9376],[101.60471,2.9376],[101.60481,2.93761],[101.60481,2.93761],[101.60482,2.93761],[101.6062,2.93765],[101.60787,2.93771]]]}},{"type":"Feature","properties":{"fid":119,"nama":"Pinggiran Cyberjaya","pdk_thn":814,"luas_h":6.91,"kpdt":118,"unj_2025":0,"unj_2030":0,"unj_2035":0,"e_blok":"1007B002","pop_share":0.002507818,"recy_annual_t":22.57},"geometry":{"type":"Polygon","coordinates":[[[101.60534,2.93515],[101.60522,2.93494],[101.60494,2.93471],[101.60484,2.93463],[101.60411,2.93414],[101.60385,2.93398],[101.60385,2.93399],[101.60379,2.93406],[101.60353,2.93429],[101.60311,2.93451],[101.60291,2.93459],[101.60275,2.9346],[101.60272,2.9346],[101.60272,2.9346],[101.60264,2.9346],[101.6023,2.93455],[101.60207,2.93448],[101.60202,2.93446],[101.60202,2.93446],[101.60172,2.93423],[101.60137,2.93413],[101.6013,2.93411],[101.60112,2.93413],[101.60098,2.93429],[101.60096,2.93443],[101.60091,2.93472],[101.60085,2.93481],[101.60136,2.93506],[101.60142,2.93503],[101.60148,2.935],[101.60155,2.93498],[101.60161,2.93497],[101.60168,2.93496],[101.60175,2.93495],[101.60181,2.93496],[101.60188,2.93497],[101.60195,2.93498],[101.60201,2.93501],[101.60205,2.93504],[101.60209,2.93509],[101.60212,2.93513],[101.60214,2.93518],[101.60216,2.93524],[101.60217,2.93529],[101.60218,2.93534],[101.60218,2.9354],[101.60218,2.93546],[101.60301,2.93586],[101.60304,2.93587],[101.60416,2.93644],[101.6044,2.9362],[101.6048,2.93589],[101.60486,2.93585],[101.60524,2.93557],[101.60547,2.93543],[101.60544,2.93536],[101.60534,2.93515]]]}},{"type":"Feature","properties":{"fid":120,"nama":"Pinggiran Cyberjaya","pdk_thn":563,"luas_h":4.44,"kpdt":127,"unj_2025":0,"unj_2030":0,"unj_2035":0,"e_blok":"1007B003","pop_share":0.001734523,"recy_annual_t":15.611},"geometry":{"type":"Polygon","coordinates":[[[101.60372,2.93384],[101.60362,2.93364],[101.60358,2.93344],[101.60358,2.93339],[101.60359,2.93321],[101.60357,2.93292],[101.60355,2.93272],[101.60343,2.93252],[101.6032,2.93233],[101.60308,2.93226],[101.60298,2.93221],[101.60286,2.93215],[101.60286,2.93215],[101.60267,2.93207],[101.60257,2.93202],[101.60256,2.93201],[101.60209,2.93304],[101.60246,2.93321],[101.60224,2.93366],[101.60185,2.93349],[101.60181,2.93356],[101.60164,2.9335],[101.60137,2.93413],[101.60172,2.93423],[101.60202,2.93446],[101.60202,2.93446],[101.60207,2.93448],[101.6023,2.93455],[101.60264,2.9346],[101.60291,2.93459],[101.60311,2.93451],[101.60343,2.93434],[101.60353,2.93429],[101.60371,2.93413],[101.60379,2.93406],[101.60385,2.93399],[101.60385,2.93398],[101.60372,2.93384]]]}},{"type":"Feature","properties":{"fid":121,"nama":"Pinggiran Cyberjaya","pdk_thn":623,"luas_h":6.91,"kpdt":90,"unj_2025":0,"unj_2030":0,"unj_2035":0,"e_blok":"1007B004","pop_share":0.001919374,"recy_annual_t":17.274},"geometry":{"type":"Polygon","coordinates":[[[101.60112,2.93413],[101.6013,2.93411],[101.60137,2.93413],[101.60164,2.9335],[101.60181,2.93356],[101.60185,2.93349],[101.60224,2.93366],[101.60246,2.93321],[101.60209,2.93304],[101.60256,2.93201],[101.60241,2.93193],[101.6023,2.9319],[101.60202,2.93177],[101.60182,2.93172],[101.60165,2.93175],[101.60152,2.93183],[101.60134,2.93202],[101.60122,2.93192],[101.60105,2.93215],[101.60098,2.93233],[101.60088,2.93256],[101.60067,2.93293],[101.60051,2.93322],[101.6005,2.93321],[101.59908,2.93251],[101.59906,2.9325],[101.59891,2.9328],[101.59847,2.93365],[101.59845,2.93369],[101.59985,2.93436],[101.60003,2.93398],[101.60006,2.93393],[101.60006,2.93393],[101.60041,2.93412],[101.6009,2.9344],[101.60096,2.93443],[101.60098,2.93429],[101.60112,2.93413]]]}},{"type":"Feature","properties":{"fid":122,"nama":"Pinggiran Cyberjaya","pdk_thn":757,"luas_h":242.48,"kpdt":3,"unj_2025":0,"unj_2030":0,"unj_2035":0,"e_blok":"1007B005","pop_share":0.002332209,"recy_annual_t":20.99},"geometry":{"type":"Polygon","coordinates":[[[101.62018,2.9342],[101.62093,2.93339],[101.62157,2.93276],[101.62164,2.93266],[101.62168,2.93259],[101.6217,2.93251],[101.62176,2.93212],[101.62193,2.9312],[101.62218,2.93],[101.6224,2.92893],[101.62247,2.9286],[101.6225,2.92848],[101.62242,2.92844],[101.62242,2.92843],[101.61635,2.92634],[101.61278,2.92507],[101.60415,2.92266],[101.60409,2.92264],[101.60381,2.92314],[101.60226,2.9262],[101.60187,2.92696],[101.60062,2.9295],[101.60061,2.92951],[101.59981,2.93106],[101.5998,2.93107],[101.59953,2.93161],[101.59906,2.9325],[101.59908,2.93251],[101.6005,2.93321],[101.60051,2.93322],[101.60067,2.93293],[101.60088,2.93256],[101.60105,2.93215],[101.60122,2.93192],[101.60134,2.93202],[101.60152,2.93183],[101.60165,2.93175],[101.60182,2.93172],[101.60202,2.93177],[101.6023,2.9319],[101.60241,2.93193],[101.60257,2.93202],[101.60267,2.93207],[101.60286,2.93215],[101.60286,2.93215],[101.60298,2.93221],[101.60308,2.93226],[101.6032,2.93233],[101.60343,2.93252],[101.60355,2.93272],[101.60357,2.93292],[101.60359,2.93321],[101.60358,2.93344],[101.60362,2.93364],[101.60372,2.93384],[101.60385,2.93398],[101.60411,2.93414],[101.60484,2.93463],[101.60525,2.93457],[101.60579,2.93433],[101.60603,2.93433],[101.60602,2.93427],[101.60603,2.93348],[101.60782,2.93348],[101.60782,2.93438],[101.60782,2.93494],[101.60782,2.93593],[101.60782,2.93605],[101.60783,2.93636],[101.60785,2.93673],[101.61013,2.93683],[101.61026,2.93655],[101.61042,2.93617],[101.61043,2.93564],[101.61045,2.93504],[101.61054,2.93496],[101.61072,2.93494],[101.61082,2.93494],[101.61114,2.93496],[101.61146,2.93507],[101.61178,2.93528],[101.61234,2.9357],[101.61243,2.93592],[101.61243,2.93602],[101.61253,2.93602],[101.61251,2.93492],[101.61252,2.93381],[101.61251,2.93236],[101.61394,2.93236],[101.61398,2.93237],[101.614,2.93241],[101.61404,2.93292],[101.61409,2.93351],[101.61412,2.93375],[101.61448,2.93373],[101.61548,2.93365],[101.61568,2.93372],[101.61648,2.93441],[101.61633,2.93487],[101.61633,2.936],[101.6163,2.9361],[101.6163,2.93683],[101.61633,2.9374],[101.61633,2.93747],[101.61632,2.93781],[101.61632,2.93782],[101.61715,2.93784],[101.61851,2.93784],[101.61853,2.93784],[101.61853,2.93784],[101.61876,2.93558],[101.61923,2.9351],[101.61992,2.93446],[101.62018,2.9342]]]}},{"type":"Feature","properties":{"fid":123,"nama":"Pinggiran Cyberjaya","pdk_thn":1023,"luas_h":13.34,"kpdt":77,"unj_2025":0,"unj_2030":0,"unj_2035":0,"e_blok":"1007B006","pop_share":0.003151717,"recy_annual_t":28.365},"geometry":{"type":"Polygon","coordinates":[[[101.6163,2.9361],[101.61633,2.936],[101.61633,2.93487],[101.61648,2.93441],[101.61568,2.93372],[101.61548,2.93365],[101.61448,2.93373],[101.61412,2.93375],[101.61409,2.93351],[101.61404,2.93292],[101.614,2.93241],[101.61398,2.93237],[101.61394,2.93236],[101.61251,2.93236],[101.61252,2.93379],[101.61252,2.93381],[101.61251,2.93492],[101.61253,2.93602],[101.61457,2.93602],[101.61458,2.93601],[101.61539,2.93604],[101.6163,2.9361]]]}},{"type":"Feature","properties":{"fid":124,"nama":"Pinggiran Cyberjaya","pdk_thn":1046,"luas_h":13.59,"kpdt":77,"unj_2025":0,"unj_2030":0,"unj_2035":0,"e_blok":"1007B007","pop_share":0.003222577,"recy_annual_t":29.003},"geometry":{"type":"Polygon","coordinates":[[[101.61244,2.93741],[101.61244,2.9374],[101.61276,2.9374],[101.61406,2.9374],[101.61452,2.9374],[101.61633,2.9374],[101.6163,2.93683],[101.6163,2.9361],[101.61539,2.93604],[101.61458,2.93601],[101.61457,2.93602],[101.61443,2.93602],[101.61253,2.93602],[101.61243,2.93602],[101.61243,2.93592],[101.61234,2.9357],[101.61178,2.93528],[101.61146,2.93507],[101.61114,2.93496],[101.61082,2.93494],[101.61072,2.93494],[101.61054,2.93496],[101.61045,2.93504],[101.61043,2.93564],[101.61042,2.93617],[101.61026,2.93655],[101.61013,2.93683],[101.61008,2.93697],[101.61007,2.93712],[101.61005,2.93725],[101.61001,2.93734],[101.61,2.93777],[101.61,2.93779],[101.61029,2.9378],[101.61144,2.93781],[101.61201,2.93781],[101.61244,2.93781],[101.61244,2.93777],[101.61244,2.93741]]]}},{"type":"Feature","properties":{"fid":125,"nama":"Pinggiran Cyberjaya","pdk_thn":807,"luas_h":5.25,"kpdt":154,"unj_2025":0,"unj_2030":0,"unj_2035":0,"e_blok":"1007B008","pop_share":0.002486252,"recy_annual_t":22.376},"geometry":{"type":"Polygon","coordinates":[[[101.60846,2.93851],[101.60846,2.93847],[101.6086,2.93848],[101.60861,2.93848],[101.60861,2.93855],[101.60906,2.93855],[101.6091,2.93855],[101.60958,2.93855],[101.60959,2.93855],[101.60961,2.93778],[101.61,2.93779],[101.61,2.93777],[101.61001,2.93734],[101.61005,2.93725],[101.61007,2.93712],[101.61008,2.93697],[101.61013,2.93683],[101.60785,2.93673],[101.60787,2.93747],[101.60787,2.9377],[101.60787,2.93771],[101.60786,2.93797],[101.60785,2.9384],[101.60788,2.93856],[101.60792,2.93884],[101.60802,2.93926],[101.60814,2.93955],[101.60835,2.93989],[101.60837,2.93986],[101.60838,2.93986],[101.60841,2.93983],[101.60878,2.93947],[101.60883,2.93943],[101.60865,2.93914],[101.60852,2.9389],[101.60847,2.93873],[101.60847,2.93861],[101.60846,2.93851]]]}},{"type":"Feature","properties":{"fid":126,"nama":"Pinggiran Cyberjaya","pdk_thn":879,"luas_h":7.21,"kpdt":122,"unj_2025":0,"unj_2030":0,"unj_2035":0,"e_blok":"1007B009","pop_share":0.002708073,"recy_annual_t":24.373},"geometry":{"type":"Polygon","coordinates":[[[101.61167,2.94054],[101.61167,2.94026],[101.61167,2.93988],[101.61168,2.93949],[101.61163,2.93943],[101.61164,2.93866],[101.61145,2.93866],[101.61144,2.93781],[101.61029,2.9378],[101.60961,2.93778],[101.60959,2.93855],[101.60958,2.93855],[101.6091,2.93855],[101.60906,2.93855],[101.60861,2.93855],[101.60861,2.93848],[101.6086,2.93848],[101.60846,2.93847],[101.60846,2.93851],[101.60847,2.93861],[101.60847,2.93873],[101.60852,2.9389],[101.60865,2.93914],[101.60889,2.93951],[101.60906,2.93973],[101.60939,2.93994],[101.60943,2.93984],[101.60965,2.93959],[101.60973,2.9395],[101.60991,2.93936],[101.61006,2.93935],[101.61033,2.93934],[101.61036,2.93967],[101.61041,2.93967],[101.61041,2.94046],[101.61036,2.94046],[101.61036,2.94079],[101.61036,2.94094],[101.61051,2.94082],[101.61063,2.94075],[101.61076,2.94069],[101.61124,2.94058],[101.61143,2.94055],[101.6116,2.94054],[101.61167,2.94054]]]}},{"type":"Feature","properties":{"fid":127,"nama":"Pinggiran Cyberjaya","pdk_thn":912,"luas_h":3.54,"kpdt":258,"unj_2025":0,"unj_2030":0,"unj_2035":0,"e_blok":"1007B010","pop_share":0.002809742,"recy_annual_t":25.288},"geometry":{"type":"Polygon","coordinates":[[[101.61036,2.94079],[101.61036,2.94046],[101.61041,2.94046],[101.61041,2.93967],[101.61036,2.93967],[101.61033,2.93934],[101.61006,2.93935],[101.60991,2.93936],[101.60973,2.9395],[101.60965,2.93959],[101.60943,2.93984],[101.60939,2.93994],[101.60906,2.93973],[101.60889,2.93951],[101.60883,2.93943],[101.60878,2.93947],[101.60843,2.93981],[101.60838,2.93986],[101.60837,2.93986],[101.60835,2.93989],[101.60845,2.94006],[101.60888,2.9407],[101.60901,2.94089],[101.60929,2.9413],[101.60957,2.94156],[101.60965,2.94164],[101.60997,2.94133],[101.6102,2.94109],[101.61026,2.94103],[101.61036,2.94094],[101.61036,2.94079]]]}},{"type":"Feature","properties":{"fid":128,"nama":"Pinggiran Cyberjaya","pdk_thn":1104,"luas_h":5.05,"kpdt":219,"unj_2025":0,"unj_2030":0,"unj_2035":0,"e_blok":"1007B011","pop_share":0.003401266,"recy_annual_t":30.611},"geometry":{"type":"Polygon","coordinates":[[[101.61297,2.94173],[101.61299,2.94158],[101.61272,2.94154],[101.61232,2.94159],[101.61232,2.94159],[101.61231,2.94145],[101.61232,2.94139],[101.61233,2.94109],[101.61233,2.94054],[101.61203,2.94053],[101.61173,2.94054],[101.61143,2.94055],[101.61124,2.94058],[101.61076,2.94069],[101.61063,2.94075],[101.61051,2.94082],[101.61026,2.94103],[101.6102,2.94109],[101.60997,2.94133],[101.60965,2.94164],[101.6097,2.9417],[101.61019,2.9421],[101.61059,2.94241],[101.61093,2.94267],[101.61112,2.94252],[101.6114,2.94233],[101.61146,2.9423],[101.6118,2.94213],[101.61213,2.94204],[101.61293,2.94201],[101.61293,2.94201],[101.61297,2.94173]]]}},{"type":"Feature","properties":{"fid":129,"nama":"Pinggiran Cyberjaya","pdk_thn":637,"luas_h":18.29,"kpdt":35,"unj_2025":0,"unj_2030":0,"unj_2035":0,"e_blok":"1007B012","pop_share":0.001962506,"recy_annual_t":17.663},"geometry":{"type":"Polygon","coordinates":[[[101.6132,2.94469],[101.61328,2.94449],[101.61359,2.94453],[101.61391,2.9446],[101.614,2.9446],[101.61423,2.94461],[101.61484,2.9446],[101.61484,2.94455],[101.61482,2.94416],[101.61472,2.94378],[101.61459,2.94347],[101.61476,2.94335],[101.61485,2.94329],[101.61486,2.94328],[101.61448,2.94275],[101.6141,2.94244],[101.61395,2.94236],[101.61395,2.94236],[101.61354,2.94214],[101.61308,2.94201],[101.61293,2.94201],[101.61213,2.94204],[101.6118,2.94213],[101.61146,2.9423],[101.6114,2.94233],[101.61112,2.94252],[101.61093,2.94267],[101.61117,2.94285],[101.61097,2.94305],[101.61076,2.94336],[101.61061,2.94363],[101.61052,2.94394],[101.61047,2.94425],[101.61047,2.94453],[101.61049,2.94487],[101.61049,2.94495],[101.61065,2.94539],[101.61086,2.94577],[101.61124,2.94616],[101.61154,2.94638],[101.61196,2.94657],[101.61213,2.94664],[101.61225,2.94666],[101.6126,2.94666],[101.61267,2.94666],[101.61282,2.94666],[101.61308,2.94662],[101.6132,2.9466],[101.61345,2.94651],[101.61349,2.94649],[101.6135,2.94648],[101.61373,2.94639],[101.61382,2.94633],[101.61407,2.94616],[101.61419,2.94604],[101.61419,2.94604],[101.61421,2.94601],[101.61356,2.94535],[101.61355,2.94533],[101.61343,2.9452],[101.61334,2.9451],[101.61309,2.94487],[101.6132,2.94469]]]}},{"type":"Feature","properties":{"fid":130,"nama":"Pinggiran Cyberjaya","pdk_thn":761,"luas_h":10.04,"kpdt":76,"unj_2025":0,"unj_2030":0,"unj_2035":0,"e_blok":"1007B013","pop_share":0.002344532,"recy_annual_t":21.101},"geometry":{"type":"Polygon","coordinates":[[[101.61456,2.94553],[101.61457,2.9455],[101.615,2.94569],[101.6152,2.94571],[101.61566,2.94577],[101.61604,2.94583],[101.61663,2.94594],[101.61694,2.94599],[101.61694,2.94594],[101.61693,2.94579],[101.61692,2.9457],[101.61693,2.94556],[101.61695,2.94534],[101.61696,2.94528],[101.61717,2.94434],[101.61744,2.94317],[101.6174,2.94317],[101.61736,2.94317],[101.61709,2.94312],[101.61589,2.94292],[101.61586,2.94292],[101.61572,2.94295],[101.61519,2.94311],[101.61485,2.94329],[101.61459,2.94347],[101.61472,2.94378],[101.61482,2.94416],[101.61484,2.94455],[101.61484,2.9446],[101.61423,2.94461],[101.614,2.9446],[101.61391,2.9446],[101.61359,2.94453],[101.61328,2.94449],[101.6132,2.94469],[101.61309,2.94487],[101.61334,2.9451],[101.61355,2.94533],[101.61356,2.94535],[101.6136,2.94538],[101.61421,2.94601],[101.61423,2.94599],[101.61441,2.94578],[101.61451,2.94561],[101.61456,2.94553]]]}},{"type":"Feature","properties":{"fid":131,"nama":"Pinggiran Cyberjaya","pdk_thn":813,"luas_h":10.99,"kpdt":74,"unj_2025":0,"unj_2030":0,"unj_2035":0,"e_blok":"1007B014","pop_share":0.002504737,"recy_annual_t":22.543},"geometry":{"type":"Polygon","coordinates":[[[101.61572,2.94295],[101.61586,2.94292],[101.61589,2.94292],[101.61736,2.94317],[101.6174,2.94317],[101.61744,2.94317],[101.61753,2.94275],[101.61759,2.94245],[101.61775,2.94161],[101.6178,2.94134],[101.61795,2.94054],[101.61795,2.94053],[101.61786,2.94053],[101.61707,2.94053],[101.61659,2.94052],[101.61595,2.94054],[101.61477,2.94054],[101.61424,2.94055],[101.61416,2.94055],[101.61414,2.94055],[101.61413,2.941],[101.61412,2.9413],[101.61411,2.94159],[101.6141,2.94196],[101.61415,2.94198],[101.61415,2.94199],[101.61395,2.94236],[101.61395,2.94236],[101.6141,2.94244],[101.61448,2.94275],[101.61486,2.94328],[101.61519,2.94311],[101.61521,2.9431],[101.61572,2.94295]]]}},{"type":"Feature","properties":{"fid":132,"nama":"Pinggiran Cyberjaya","pdk_thn":835,"luas_h":3.11,"kpdt":268,"unj_2025":0,"unj_2030":0,"unj_2035":0,"e_blok":"1007B015","pop_share":0.002572516,"recy_annual_t":23.153},"geometry":{"type":"Polygon","coordinates":[[[101.61412,2.94206],[101.61415,2.94199],[101.61415,2.94198],[101.6141,2.94196],[101.61411,2.94159],[101.61412,2.9413],[101.61413,2.941],[101.61414,2.94055],[101.61411,2.94055],[101.61386,2.94054],[101.61383,2.94054],[101.61377,2.94054],[101.61365,2.94054],[101.61311,2.94054],[101.61307,2.94054],[101.61237,2.94054],[101.61233,2.94054],[101.61233,2.94109],[101.61232,2.94139],[101.61231,2.94145],[101.61232,2.94159],[101.61232,2.94159],[101.61237,2.94158],[101.61272,2.94154],[101.61299,2.94158],[101.61298,2.94164],[101.61293,2.94201],[101.61293,2.94201],[101.61308,2.94201],[101.61354,2.94214],[101.61395,2.94236],[101.61412,2.94206]]]}},{"type":"Feature","properties":{"fid":133,"nama":"Pinggiran Cyberjaya","pdk_thn":1419,"luas_h":16.88,"kpdt":84,"unj_2025":0,"unj_2030":0,"unj_2035":0,"e_blok":"1007B016","pop_share":0.004371736,"recy_annual_t":39.346},"geometry":{"type":"Polygon","coordinates":[[[101.61594,2.94054],[101.61594,2.94035],[101.61594,2.94029],[101.61595,2.93974],[101.61595,2.93941],[101.61594,2.93926],[101.61596,2.93921],[101.61597,2.9392],[101.61601,2.93917],[101.61649,2.93916],[101.6165,2.93916],[101.61651,2.93863],[101.61586,2.93862],[101.61581,2.93859],[101.61578,2.93852],[101.61579,2.93806],[101.61578,2.93783],[101.61632,2.93782],[101.61632,2.93781],[101.61633,2.93747],[101.61633,2.9374],[101.61452,2.9374],[101.61406,2.9374],[101.61276,2.9374],[101.61244,2.9374],[101.61244,2.93741],[101.61244,2.93748],[101.61244,2.93777],[101.61244,2.93781],[101.61211,2.93781],[101.61201,2.93781],[101.61201,2.93781],[101.61144,2.93781],[101.61145,2.93866],[101.61164,2.93866],[101.61163,2.93943],[101.61168,2.93949],[101.61167,2.93988],[101.61167,2.94026],[101.61167,2.94054],[101.61173,2.94054],[101.61203,2.94053],[101.61237,2.94054],[101.61307,2.94054],[101.61365,2.94054],[101.61365,2.94054],[101.61375,2.94054],[101.61383,2.94054],[101.61411,2.94055],[101.61416,2.94055],[101.61477,2.94054],[101.61594,2.94054]]]}},{"type":"Feature","properties":{"fid":134,"nama":"Pinggiran Cyberjaya","pdk_thn":904,"luas_h":15.75,"kpdt":57,"unj_2025":0,"unj_2030":0,"unj_2035":0,"e_blok":"1007B017","pop_share":0.002785095,"recy_annual_t":25.066},"geometry":{"type":"Polygon","coordinates":[[[101.61939,2.94073],[101.61951,2.94049],[101.61971,2.94023],[101.61995,2.94004],[101.62023,2.93986],[101.62054,2.93975],[101.62058,2.93974],[101.62091,2.93971],[101.62093,2.93971],[101.62085,2.93932],[101.62075,2.93914],[101.62062,2.93897],[101.62041,2.93888],[101.62021,2.93884],[101.62022,2.93849],[101.62022,2.93822],[101.62022,2.93777],[101.61964,2.93777],[101.61953,2.93783],[101.61941,2.93783],[101.61923,2.93783],[101.61897,2.93783],[101.61853,2.93783],[101.61853,2.93784],[101.61853,2.93784],[101.61851,2.93784],[101.61726,2.93784],[101.61715,2.93784],[101.61713,2.93783],[101.61632,2.93782],[101.61578,2.93783],[101.61579,2.93806],[101.61578,2.93852],[101.61581,2.93859],[101.61586,2.93862],[101.61651,2.93863],[101.6165,2.93916],[101.61649,2.93916],[101.61601,2.93917],[101.61597,2.9392],[101.61596,2.93921],[101.61594,2.93926],[101.61595,2.93941],[101.61595,2.93974],[101.61594,2.94029],[101.61594,2.94035],[101.61594,2.94054],[101.61595,2.94054],[101.61659,2.94052],[101.61707,2.94053],[101.61707,2.94053],[101.61786,2.94053],[101.61795,2.94053],[101.61795,2.94054],[101.6178,2.94134],[101.61803,2.94133],[101.61924,2.94126],[101.61925,2.94126],[101.61925,2.94123],[101.61939,2.94073]]]}},{"type":"Feature","properties":{"fid":135,"nama":"Pinggiran Cyberjaya","pdk_thn":1035,"luas_h":16.41,"kpdt":63,"unj_2025":0,"unj_2030":0,"unj_2035":0,"e_blok":"1007B018","pop_share":0.003188687,"recy_annual_t":28.698},"geometry":{"type":"Polygon","coordinates":[[[101.6203,2.94155],[101.62059,2.94125],[101.62063,2.94128],[101.62063,2.94128],[101.62063,2.94128],[101.62077,2.94141],[101.62087,2.94151],[101.62092,2.94155],[101.6216,2.94083],[101.62225,2.94146],[101.62221,2.9417],[101.62213,2.94192],[101.62235,2.94192],[101.62345,2.94192],[101.62346,2.94192],[101.62346,2.94171],[101.62347,2.94122],[101.62348,2.94101],[101.62348,2.94094],[101.62348,2.94085],[101.62348,2.94085],[101.62348,2.94084],[101.62347,2.94084],[101.62347,2.94084],[101.62349,2.93998],[101.62351,2.93852],[101.62359,2.93783],[101.62359,2.93783],[101.6236,2.93779],[101.62275,2.93776],[101.6227,2.93775],[101.6227,2.93775],[101.62258,2.93776],[101.62022,2.93777],[101.62022,2.93822],[101.62022,2.93849],[101.62021,2.93884],[101.62041,2.93888],[101.62062,2.93897],[101.62075,2.93914],[101.62085,2.93932],[101.62093,2.93971],[101.62091,2.93971],[101.62058,2.93974],[101.62054,2.93975],[101.62023,2.93986],[101.61995,2.94004],[101.61971,2.94023],[101.61951,2.94049],[101.61939,2.94073],[101.61925,2.94123],[101.61925,2.94126],[101.61926,2.94142],[101.61932,2.94161],[101.61938,2.94175],[101.61945,2.9419],[101.61961,2.94212],[101.61964,2.94214],[101.6203,2.94155]]]}},{"type":"Feature","properties":{"fid":136,"nama":"Pinggiran Cyberjaya","pdk_thn":1036,"luas_h":12.0,"kpdt":86,"unj_2025":0,"unj_2030":0,"unj_2035":0,"e_blok":"1007B019","pop_share":0.003191768,"recy_annual_t":28.726},"geometry":{"type":"Polygon","coordinates":[[[101.62254,2.93611],[101.623,2.93581],[101.62335,2.93554],[101.62331,2.9355],[101.62306,2.93528],[101.62284,2.93546],[101.62259,2.93564],[101.6224,2.93575],[101.62211,2.93585],[101.62187,2.93589],[101.62163,2.93588],[101.62144,2.93584],[101.62138,2.9358],[101.62121,2.93569],[101.6207,2.9352],[101.62055,2.93504],[101.62014,2.93467],[101.61992,2.93446],[101.61923,2.9351],[101.61876,2.93558],[101.61853,2.93783],[101.61923,2.93783],[101.61953,2.93783],[101.61964,2.93777],[101.6227,2.93775],[101.6227,2.93775],[101.62254,2.93723],[101.62254,2.93723],[101.62238,2.93673],[101.62238,2.93673],[101.62235,2.93664],[101.62221,2.9362],[101.62254,2.93611]]]}},{"type":"Feature","properties":{"fid":137,"nama":"Pinggiran Cyberjaya","pdk_thn":1023,"luas_h":49.61,"kpdt":21,"unj_2025":0,"unj_2030":0,"unj_2035":0,"e_blok":"1007B020","pop_share":0.003151717,"recy_annual_t":28.365},"geometry":{"type":"Polygon","coordinates":[[[101.62613,2.93557],[101.6261,2.93505],[101.62603,2.93406],[101.62595,2.9329],[101.62575,2.93204],[101.62571,2.93188],[101.62542,2.93115],[101.62523,2.93081],[101.62511,2.93059],[101.62493,2.93035],[101.62444,2.92975],[101.62367,2.92908],[101.62275,2.92858],[101.6225,2.92848],[101.62247,2.9286],[101.6224,2.92893],[101.62218,2.93],[101.62193,2.9312],[101.62176,2.93212],[101.6217,2.93251],[101.62168,2.93259],[101.62164,2.93266],[101.62157,2.93276],[101.62093,2.93339],[101.62018,2.9342],[101.61992,2.93446],[101.62014,2.93467],[101.62055,2.93504],[101.6207,2.9352],[101.62121,2.93569],[101.62138,2.9358],[101.62144,2.93584],[101.62163,2.93588],[101.62187,2.93589],[101.62211,2.93585],[101.6224,2.93575],[101.62259,2.93564],[101.62284,2.93546],[101.62306,2.93528],[101.62335,2.93554],[101.623,2.93581],[101.62254,2.93611],[101.62221,2.9362],[101.62238,2.93673],[101.62254,2.93723],[101.6227,2.93775],[101.62275,2.93776],[101.6236,2.93779],[101.62387,2.93779],[101.62416,2.93782],[101.62437,2.93787],[101.62453,2.93795],[101.62519,2.9384],[101.62523,2.9384],[101.62531,2.93844],[101.62532,2.93846],[101.62532,2.93849],[101.62482,2.93938],[101.62469,2.93967],[101.62462,2.93986],[101.6246,2.94],[101.62458,2.94011],[101.62456,2.94035],[101.6264,2.941],[101.6267,2.94011],[101.62677,2.9399],[101.62673,2.9398],[101.62596,2.93909],[101.6266,2.93859],[101.62644,2.93816],[101.62635,2.93785],[101.62632,2.93776],[101.62624,2.93729],[101.62613,2.93557]]]}},{"type":"Feature","properties":{"fid":138,"nama":"Pinggiran Cyberjaya","pdk_thn":762,"luas_h":799.77,"kpdt":1,"unj_2025":0,"unj_2030":0,"unj_2035":0,"e_blok":"1007B021","pop_share":0.002347613,"recy_annual_t":21.129},"geometry":{"type":"Polygon","coordinates":[[[101.6266,2.93859],[101.62715,2.93815],[101.62722,2.93815],[101.62737,2.93816],[101.62737,2.93816],[101.6278,2.93816],[101.62934,2.9383],[101.62927,2.93809],[101.62929,2.93757],[101.62951,2.937],[101.62982,2.93672],[101.62982,2.93671],[101.62843,2.93491],[101.62797,2.93456],[101.62835,2.9345],[101.6285,2.93453],[101.62857,2.93434],[101.62905,2.93076],[101.62925,2.92937],[101.62978,2.92532],[101.63014,2.92268],[101.63023,2.92154],[101.63043,2.91898],[101.63045,2.91867],[101.63038,2.9186],[101.62952,2.91773],[101.62938,2.9176],[101.62924,2.91748],[101.629,2.91729],[101.62892,2.91723],[101.62857,2.91695],[101.62825,2.91672],[101.62773,2.91638],[101.62778,2.91627],[101.62781,2.9162],[101.62783,2.916],[101.62783,2.9159],[101.62787,2.91584],[101.62834,2.91584],[101.62834,2.91532],[101.62834,2.91503],[101.62834,2.91407],[101.62834,2.91315],[101.62863,2.91318],[101.62862,2.91408],[101.62862,2.91481],[101.62885,2.91481],[101.62921,2.91481],[101.62963,2.91482],[101.62966,2.91433],[101.62969,2.91383],[101.62999,2.91386],[101.63024,2.91387],[101.63024,2.91395],[101.63051,2.91397],[101.6308,2.914],[101.63082,2.914],[101.63087,2.91343],[101.63119,2.90952],[101.63162,2.90413],[101.63167,2.90325],[101.63159,2.90327],[101.63072,2.90313],[101.63007,2.90288],[101.62946,2.90249],[101.62905,2.90208],[101.62871,2.90174],[101.62836,2.9013],[101.62829,2.90121],[101.62811,2.90067],[101.62804,2.89991],[101.62818,2.89984],[101.62829,2.89976],[101.6285,2.89961],[101.62978,2.898],[101.62973,2.89732],[101.62968,2.89613],[101.62975,2.89512],[101.61862,2.89471],[101.61767,2.89654],[101.61637,2.89902],[101.61412,2.90331],[101.61372,2.90408],[101.61216,2.90713],[101.60904,2.9132],[101.60409,2.92264],[101.60409,2.92264],[101.60415,2.92266],[101.61278,2.92507],[101.61635,2.92634],[101.62242,2.92843],[101.62242,2.92844],[101.6225,2.92848],[101.62275,2.92858],[101.62367,2.92908],[101.62444,2.92975],[101.62493,2.93035],[101.62511,2.93059],[101.62542,2.93115],[101.62571,2.93188],[101.62575,2.93204],[101.62595,2.9329],[101.62603,2.93406],[101.6261,2.93505],[101.62613,2.93557],[101.62624,2.93729],[101.62632,2.93776],[101.62635,2.93785],[101.62643,2.93812],[101.62644,2.93816],[101.6266,2.93859]]]}},{"type":"Feature","properties":{"fid":139,"nama":"Pinggiran Cyberjaya","pdk_thn":593,"luas_h":5.9,"kpdt":101,"unj_2025":0,"unj_2030":0,"unj_2035":0,"e_blok":"1007B022","pop_share":0.001826948,"recy_annual_t":16.443},"geometry":{"type":"Polygon","coordinates":[[[101.62884,2.91624],[101.62911,2.91585],[101.6297,2.91585],[101.63057,2.91586],[101.63067,2.91585],[101.63082,2.914],[101.6308,2.914],[101.63051,2.91397],[101.63024,2.91395],[101.63024,2.91387],[101.62999,2.91386],[101.62969,2.91383],[101.62966,2.91433],[101.62963,2.91482],[101.62921,2.91481],[101.62885,2.91481],[101.62862,2.91481],[101.62862,2.91408],[101.62863,2.91318],[101.62834,2.91315],[101.62834,2.91407],[101.62834,2.91503],[101.62834,2.91532],[101.62834,2.91584],[101.62787,2.91584],[101.62783,2.9159],[101.62783,2.916],[101.62781,2.9162],[101.62778,2.91627],[101.62773,2.91638],[101.62825,2.91672],[101.62843,2.91685],[101.62871,2.91644],[101.62874,2.9164],[101.62877,2.91634],[101.62881,2.91629],[101.62884,2.91624]]]}},{"type":"Feature","properties":{"fid":140,"nama":"Pinggiran Cyberjaya","pdk_thn":251,"luas_h":4.56,"kpdt":55,"unj_2025":0,"unj_2030":0,"unj_2035":0,"e_blok":"1007B023","pop_share":0.000773295,"recy_annual_t":6.96},"geometry":{"type":"Polygon","coordinates":[[[101.63047,2.91826],[101.63067,2.91585],[101.63057,2.91586],[101.6297,2.91585],[101.62966,2.91585],[101.62963,2.91585],[101.62939,2.91585],[101.62911,2.91585],[101.62884,2.91624],[101.62881,2.91629],[101.62877,2.91634],[101.62874,2.9164],[101.62871,2.91644],[101.62843,2.91685],[101.62857,2.91695],[101.6286,2.91698],[101.62876,2.9171],[101.62878,2.91711],[101.62892,2.91723],[101.629,2.91729],[101.62924,2.91748],[101.62938,2.9176],[101.62952,2.91773],[101.63038,2.9186],[101.63045,2.91867],[101.63046,2.9185],[101.63047,2.91826]]]}},{"type":"Feature","properties":{"fid":141,"nama":"Cyberjaya","pdk_thn":1152,"luas_h":15.17,"kpdt":76,"unj_2025":0,"unj_2030":0,"unj_2035":0,"e_blok":"1007B024","pop_share":0.003549147,"recy_annual_t":31.942},"geometry":{"type":"Polygon","coordinates":[[[101.63368,2.91711],[101.63214,2.91624],[101.63192,2.91614],[101.63176,2.9164],[101.63158,2.91631],[101.63134,2.91619],[101.63127,2.91635],[101.63119,2.91651],[101.63117,2.91655],[101.63067,2.9163],[101.63063,2.91628],[101.63047,2.91826],[101.63046,2.9185],[101.63045,2.91867],[101.63052,2.91874],[101.63078,2.91895],[101.63108,2.9192],[101.63218,2.92008],[101.63263,2.92042],[101.63284,2.92057],[101.63337,2.92092],[101.63351,2.92069],[101.63375,2.9203],[101.63386,2.9201],[101.63397,2.91988],[101.6341,2.91952],[101.63416,2.91933],[101.63421,2.91912],[101.63428,2.9188],[101.63432,2.91853],[101.63433,2.91836],[101.63436,2.91789],[101.63411,2.91786],[101.63403,2.91781],[101.63401,2.9177],[101.63402,2.91758],[101.63401,2.91748],[101.634,2.91744],[101.63392,2.91729],[101.63368,2.91711]]]}},{"type":"Feature","properties":{"fid":142,"nama":"Cyberjaya","pdk_thn":7019,"luas_h":160.4,"kpdt":44,"unj_2025":0,"unj_2030":0,"unj_2035":0,"e_blok":"1007B025","pop_share":0.021624536,"recy_annual_t":194.621},"geometry":{"type":"Polygon","coordinates":[[[101.62871,2.93465],[101.629,2.93444],[101.62924,2.93432],[101.62952,2.93421],[101.62974,2.93415],[101.63001,2.93411],[101.63023,2.9341],[101.6305,2.9341],[101.63119,2.93414],[101.63125,2.93414],[101.63199,2.93418],[101.63351,2.93426],[101.63351,2.93426],[101.63396,2.93428],[101.63479,2.93432],[101.63539,2.93435],[101.63574,2.93434],[101.63605,2.93432],[101.63664,2.93421],[101.6373,2.93408],[101.63826,2.93388],[101.63857,2.93382],[101.63894,2.93376],[101.63912,2.93373],[101.63955,2.93371],[101.64004,2.93373],[101.64123,2.93373],[101.64147,2.9337],[101.64161,2.93368],[101.64179,2.93364],[101.64198,2.93358],[101.64224,2.93347],[101.6424,2.93338],[101.64251,2.93332],[101.64282,2.93309],[101.64291,2.933],[101.64292,2.933],[101.64306,2.93286],[101.64314,2.93274],[101.64317,2.93271],[101.64329,2.93256],[101.64343,2.93238],[101.64309,2.93261],[101.64296,2.93265],[101.64284,2.93264],[101.64276,2.9326],[101.64271,2.93255],[101.6426,2.93235],[101.64248,2.93192],[101.64248,2.93173],[101.64251,2.93159],[101.64263,2.93131],[101.64289,2.9309],[101.64298,2.93079],[101.64307,2.93071],[101.64316,2.93059],[101.64321,2.93041],[101.64329,2.93024],[101.64335,2.93008],[101.64341,2.92981],[101.64343,2.92966],[101.64342,2.92954],[101.64333,2.92909],[101.64326,2.92859],[101.64326,2.92849],[101.64329,2.92818],[101.64336,2.92784],[101.64347,2.9274],[101.64354,2.92713],[101.64358,2.92694],[101.64358,2.92675],[101.64358,2.92648],[101.64358,2.92633],[101.64349,2.92594],[101.64335,2.92564],[101.64319,2.92542],[101.64308,2.9253],[101.64292,2.92517],[101.64259,2.92501],[101.64234,2.92492],[101.64232,2.92492],[101.64233,2.9244],[101.64232,2.92393],[101.64255,2.92393],[101.64262,2.92391],[101.64317,2.9235],[101.64354,2.92328],[101.64373,2.92322],[101.64387,2.92319],[101.64404,2.92317],[101.64426,2.92316],[101.64455,2.92318],[101.64456,2.92295],[101.64462,2.9225],[101.64462,2.92243],[101.64427,2.92253],[101.64405,2.92257],[101.64384,2.92262],[101.6436,2.92266],[101.64315,2.92272],[101.64278,2.92275],[101.6423,2.92277],[101.64205,2.92277],[101.64176,2.92273],[101.64139,2.92267],[101.64103,2.92258],[101.64077,2.92252],[101.64053,2.92245],[101.64024,2.92235],[101.64019,2.92233],[101.64018,2.92332],[101.64018,2.92342],[101.64018,2.92375],[101.64019,2.92473],[101.6402,2.9252],[101.6402,2.92522],[101.6402,2.92523],[101.64021,2.92562],[101.64024,2.92655],[101.64019,2.92656],[101.63965,2.92656],[101.63894,2.92656],[101.63847,2.92657],[101.63759,2.92657],[101.63759,2.92687],[101.63759,2.927],[101.6376,2.92729],[101.63761,2.92744],[101.63677,2.9274],[101.63543,2.92739],[101.63538,2.92752],[101.63532,2.9276],[101.63353,2.92774],[101.63326,2.92779],[101.6329,2.92641],[101.63247,2.92474],[101.63244,2.92461],[101.63238,2.92426],[101.63237,2.92399],[101.63237,2.92363],[101.63238,2.9234],[101.63241,2.92315],[101.63246,2.92287],[101.63254,2.92258],[101.63259,2.9224],[101.6328,2.92189],[101.63305,2.92139],[101.63337,2.92092],[101.63284,2.92057],[101.63263,2.92042],[101.63218,2.92008],[101.63108,2.9192],[101.63078,2.91895],[101.63052,2.91874],[101.63045,2.91867],[101.63043,2.91898],[101.63023,2.92154],[101.63014,2.92268],[101.62978,2.92532],[101.62925,2.92937],[101.62905,2.93076],[101.62857,2.93434],[101.6285,2.93453],[101.62835,2.9345],[101.62797,2.93456],[101.62843,2.93491],[101.62853,2.93481],[101.62871,2.93465]],[[101.62999,2.93342],[101.62999,2.93323],[101.63068,2.93324],[101.63067,2.93343],[101.63067,2.93364],[101.62999,2.93362],[101.62999,2.93342]],[[101.63,2.93295],[101.63,2.93274],[101.63069,2.93275],[101.63068,2.93296],[101.63068,2.93314],[101.63,2.93313],[101.63,2.93295]]]}},{"type":"Feature","properties":{"fid":143,"nama":"Cyberjaya","pdk_thn":673,"luas_h":0.66,"kpdt":1020,"unj_2025":0,"unj_2030":0,"unj_2035":0,"e_blok":"1007B026","pop_share":0.002073417,"recy_annual_t":18.661},"geometry":{"type":"MultiPolygon","coordinates":[[[[101.63068,2.93324],[101.62999,2.93323],[101.62999,2.93342],[101.62999,2.93362],[101.63067,2.93364],[101.63067,2.93343],[101.63068,2.93324]]],[[[101.63069,2.93275],[101.63,2.93274],[101.63,2.93295],[101.63,2.93313],[101.63068,2.93314],[101.63068,2.93296],[101.63069,2.93275]]]]}},{"type":"Feature","properties":{"fid":144,"nama":"Cyberjaya","pdk_thn":627,"luas_h":20.5,"kpdt":31,"unj_2025":0,"unj_2030":0,"unj_2035":0,"e_blok":"1007B027","pop_share":0.001931697,"recy_annual_t":17.385},"geometry":{"type":"Polygon","coordinates":[[[101.63558,2.92461],[101.63558,2.92343],[101.63551,2.92342],[101.6355,2.92201],[101.6359,2.92199],[101.63594,2.9216],[101.63565,2.9216],[101.6353,2.92157],[101.63481,2.92148],[101.63461,2.92143],[101.63413,2.92127],[101.63379,2.92113],[101.63337,2.92092],[101.63305,2.92139],[101.6328,2.92189],[101.63259,2.9224],[101.63254,2.92258],[101.63246,2.92287],[101.63241,2.92315],[101.63238,2.9234],[101.63237,2.92363],[101.63237,2.92399],[101.63238,2.92426],[101.63244,2.92461],[101.63247,2.92474],[101.6329,2.92641],[101.63326,2.92779],[101.63353,2.92774],[101.63532,2.9276],[101.63538,2.92752],[101.63543,2.92739],[101.63543,2.92591],[101.63544,2.92464],[101.63558,2.92461]],[[101.63419,2.92433],[101.63419,2.92428],[101.63419,2.92423],[101.63419,2.92419],[101.63419,2.92413],[101.63419,2.92407],[101.63419,2.92375],[101.63419,2.92371],[101.63419,2.92359],[101.63419,2.92347],[101.63514,2.92346],[101.63514,2.92358],[101.63514,2.9237],[101.63514,2.92373],[101.63514,2.92406],[101.63514,2.92413],[101.63514,2.92419],[101.63514,2.92423],[101.63514,2.92427],[101.63514,2.92432],[101.63514,2.92437],[101.63419,2.92437],[101.63419,2.92433]],[[101.63383,2.92431],[101.63289,2.92432],[101.63289,2.92427],[101.63289,2.92422],[101.63288,2.92415],[101.63288,2.92383],[101.63288,2.92379],[101.63336,2.92379],[101.63383,2.92378],[101.63383,2.92382],[101.63383,2.92414],[101.63383,2.92421],[101.63383,2.92427],[101.63383,2.92431]]]}},{"type":"Feature","properties":{"fid":145,"nama":"Cyberjaya","pdk_thn":807,"luas_h":0.62,"kpdt":1302,"unj_2025":0,"unj_2030":0,"unj_2035":0,"e_blok":"1007B028","pop_share":0.002486252,"recy_annual_t":22.376},"geometry":{"type":"Polygon","coordinates":[[[101.63383,2.92382],[101.63383,2.92378],[101.63336,2.92379],[101.63288,2.92379],[101.63288,2.92383],[101.63288,2.92415],[101.63289,2.92422],[101.63289,2.92427],[101.63289,2.92432],[101.63383,2.92431],[101.63383,2.92427],[101.63383,2.92421],[101.63383,2.92414],[101.63383,2.92382]]]}},{"type":"Feature","properties":{"fid":146,"nama":"Cyberjaya","pdk_thn":1174,"luas_h":0.21,"kpdt":5590,"unj_2025":0,"unj_2030":0,"unj_2035":0,"e_blok":"1007B029","pop_share":0.003616926,"recy_annual_t":32.552},"geometry":{"type":"Polygon","coordinates":[[[101.63514,2.92423],[101.63514,2.92419],[101.63419,2.92419],[101.63419,2.92423],[101.63419,2.92428],[101.63419,2.92433],[101.63419,2.92437],[101.63514,2.92437],[101.63514,2.92432],[101.63514,2.92427],[101.63514,2.92423]]]}},{"type":"Feature","properties":{"fid":147,"nama":"Cyberjaya","pdk_thn":577,"luas_h":0.85,"kpdt":679,"unj_2025":0,"unj_2030":0,"unj_2035":0,"e_blok":"1007B030","pop_share":0.001777654,"recy_annual_t":15.999},"geometry":{"type":"Polygon","coordinates":[[[101.63514,2.92358],[101.63514,2.92346],[101.63419,2.92347],[101.63419,2.92359],[101.63419,2.92371],[101.63419,2.92375],[101.63419,2.92407],[101.63419,2.92413],[101.63419,2.92419],[101.63514,2.92419],[101.63514,2.92413],[101.63514,2.92406],[101.63514,2.92373],[101.63514,2.9237],[101.63514,2.92358]]]}},{"type":"Feature","properties":{"fid":148,"nama":"Cyberjaya","pdk_thn":416,"luas_h":6.2,"kpdt":67,"unj_2025":0,"unj_2030":0,"unj_2035":0,"e_blok":"1007B031","pop_share":0.001281637,"recy_annual_t":11.535},"geometry":{"type":"Polygon","coordinates":[[[101.63761,2.92532],[101.63761,2.92498],[101.63544,2.92498],[101.63543,2.92591],[101.63543,2.92739],[101.63677,2.9274],[101.63761,2.92744],[101.6376,2.92729],[101.63759,2.927],[101.63759,2.92687],[101.63759,2.92657],[101.6376,2.92606],[101.63761,2.92532]],[[101.63668,2.92527],[101.63668,2.92516],[101.63668,2.92504],[101.6372,2.92504],[101.6372,2.92516],[101.6372,2.92527],[101.63668,2.92527]],[[101.63654,2.92519],[101.63654,2.92526],[101.63602,2.92526],[101.63602,2.92515],[101.63602,2.92504],[101.63654,2.92504],[101.63654,2.92515],[101.63654,2.92519]]]}},{"type":"Feature","properties":{"fid":149,"nama":"Cyberjaya","pdk_thn":584,"luas_h":0.29,"kpdt":2014,"unj_2025":0,"unj_2030":0,"unj_2035":0,"e_blok":"1007B032","pop_share":0.00179922,"recy_annual_t":16.193},"geometry":{"type":"MultiPolygon","coordinates":[[[[101.63654,2.92504],[101.63602,2.92504],[101.63602,2.92515],[101.63602,2.92526],[101.63654,2.92526],[101.63654,2.92515],[101.63654,2.92504]]],[[[101.6372,2.92504],[101.63668,2.92504],[101.63668,2.92516],[101.63668,2.92527],[101.6372,2.92527],[101.6372,2.92516],[101.6372,2.92504]]]]}},{"type":"Feature","properties":{"fid":150,"nama":"Cyberjaya","pdk_thn":775,"luas_h":2.42,"kpdt":320,"unj_2025":0,"unj_2030":0,"unj_2035":0,"e_blok":"1007B033","pop_share":0.002387664,"recy_annual_t":21.489},"geometry":{"type":"Polygon","coordinates":[[[101.63761,2.92498],[101.63762,2.92457],[101.63764,2.9238],[101.63765,2.92319],[101.63698,2.92319],[101.63698,2.92403],[101.63698,2.92413],[101.63635,2.92413],[101.63587,2.92462],[101.63544,2.92498],[101.63761,2.92498]],[[101.63682,2.92417],[101.63687,2.92417],[101.63687,2.92475],[101.63682,2.92475],[101.63677,2.92475],[101.63672,2.92475],[101.63668,2.92475],[101.63668,2.92417],[101.63673,2.92417],[101.63678,2.92417],[101.63682,2.92417]]]}},{"type":"Feature","properties":{"fid":151,"nama":"Cyberjaya","pdk_thn":906,"luas_h":0.14,"kpdt":6471,"unj_2025":0,"unj_2030":0,"unj_2035":0,"e_blok":"1007B034","pop_share":0.002791256,"recy_annual_t":25.121},"geometry":{"type":"Polygon","coordinates":[[[101.63687,2.92475],[101.63687,2.92417],[101.63682,2.92417],[101.63678,2.92417],[101.63673,2.92417],[101.63668,2.92417],[101.63668,2.92475],[101.63672,2.92475],[101.63677,2.92475],[101.63682,2.92475],[101.63687,2.92475]]]}},{"type":"Feature","properties":{"fid":152,"nama":"Cyberjaya","pdk_thn":409,"luas_h":0.76,"kpdt":538,"unj_2025":0,"unj_2030":0,"unj_2035":0,"e_blok":"1007B035","pop_share":0.001260071,"recy_annual_t":11.341},"geometry":{"type":"Polygon","coordinates":[[[101.63611,2.92404],[101.63581,2.92375],[101.63598,2.92375],[101.63598,2.92367],[101.63598,2.92358],[101.63598,2.9235],[101.63598,2.92344],[101.63558,2.92343],[101.63558,2.92352],[101.63558,2.92375],[101.63558,2.92391],[101.63558,2.92461],[101.63544,2.92464],[101.63544,2.92498],[101.63587,2.92462],[101.63609,2.92439],[101.63628,2.9242],[101.63624,2.92416],[101.63618,2.92411],[101.63611,2.92404]]]}},{"type":"Feature","properties":{"fid":153,"nama":"Cyberjaya","pdk_thn":359,"luas_h":5.33,"kpdt":67,"unj_2025":0,"unj_2030":0,"unj_2035":0,"e_blok":"1007B036","pop_share":0.001106028,"recy_annual_t":9.954},"geometry":{"type":"Polygon","coordinates":[[[101.63628,2.9242],[101.63635,2.92413],[101.63698,2.92413],[101.63698,2.92403],[101.63698,2.92319],[101.63765,2.92319],[101.63765,2.92304],[101.63767,2.92234],[101.63768,2.92177],[101.63768,2.92163],[101.63743,2.92161],[101.63706,2.92159],[101.63632,2.92159],[101.63594,2.9216],[101.6359,2.92199],[101.6355,2.92201],[101.63551,2.92342],[101.63558,2.92343],[101.63598,2.92344],[101.63598,2.9235],[101.63598,2.92358],[101.63598,2.92367],[101.63598,2.92375],[101.63581,2.92375],[101.63611,2.92404],[101.63618,2.92411],[101.63624,2.92416],[101.63628,2.9242]]]}},{"type":"Feature","properties":{"fid":154,"nama":"Cyberjaya","pdk_thn":504,"luas_h":3.83,"kpdt":132,"unj_2025":0,"unj_2030":0,"unj_2035":0,"e_blok":"1007B037","pop_share":0.001552752,"recy_annual_t":13.975},"geometry":{"type":"Polygon","coordinates":[[[101.6384,2.92334],[101.63839,2.92301],[101.63854,2.92301],[101.63896,2.92304],[101.63914,2.92305],[101.63915,2.92306],[101.63916,2.92305],[101.63955,2.92272],[101.63958,2.92257],[101.63959,2.92249],[101.63974,2.92217],[101.63938,2.92203],[101.63896,2.92188],[101.63858,2.92178],[101.63816,2.92169],[101.63813,2.92169],[101.63779,2.92164],[101.63768,2.92163],[101.63768,2.92177],[101.63767,2.92234],[101.63766,2.92266],[101.63765,2.92304],[101.63764,2.9238],[101.63763,2.9241],[101.6377,2.9241],[101.63841,2.9241],[101.63841,2.92404],[101.63843,2.92334],[101.6384,2.92334]]]}},{"type":"Feature","properties":{"fid":155,"nama":"Cyberjaya","pdk_thn":407,"luas_h":2.99,"kpdt":136,"unj_2025":0,"unj_2030":0,"unj_2035":0,"e_blok":"1007B038","pop_share":0.001253909,"recy_annual_t":11.285},"geometry":{"type":"Polygon","coordinates":[[[101.63891,2.92421],[101.63911,2.92399],[101.63911,2.92389],[101.6391,2.92365],[101.63907,2.92322],[101.63915,2.92306],[101.63914,2.92305],[101.63896,2.92304],[101.63854,2.92301],[101.63839,2.92301],[101.6384,2.92334],[101.63843,2.92334],[101.63841,2.92404],[101.63841,2.9241],[101.6377,2.9241],[101.63763,2.9241],[101.63762,2.92457],[101.63761,2.92524],[101.63769,2.92524],[101.63837,2.92524],[101.63837,2.92542],[101.63883,2.92543],[101.63904,2.92521],[101.63922,2.92503],[101.63917,2.92498],[101.63903,2.92483],[101.63896,2.92476],[101.63898,2.92459],[101.63897,2.92454],[101.6389,2.92444],[101.63888,2.92438],[101.63886,2.92432],[101.63891,2.92421]]]}},{"type":"Feature","properties":{"fid":156,"nama":"Cyberjaya","pdk_thn":548,"luas_h":2.05,"kpdt":267,"unj_2025":0,"unj_2030":0,"unj_2035":0,"e_blok":"1007B039","pop_share":0.00168831,"recy_annual_t":15.195},"geometry":{"type":"Polygon","coordinates":[[[101.63885,2.92557],[101.63885,2.9254],[101.63883,2.92543],[101.63837,2.92542],[101.63837,2.92524],[101.63769,2.92524],[101.63761,2.92524],[101.63761,2.92532],[101.6376,2.92595],[101.6376,2.92606],[101.63759,2.92657],[101.63847,2.92657],[101.6385,2.92657],[101.63894,2.92656],[101.63893,2.92565],[101.63892,2.92563],[101.63891,2.92557],[101.63885,2.92557]]]}},{"type":"Feature","properties":{"fid":157,"nama":"Cyberjaya","pdk_thn":228,"luas_h":1.84,"kpdt":124,"unj_2025":0,"unj_2030":0,"unj_2035":0,"e_blok":"1007B040","pop_share":0.000702435,"recy_annual_t":6.322},"geometry":{"type":"Polygon","coordinates":[[[101.63963,2.92656],[101.63965,2.92656],[101.64019,2.92656],[101.64024,2.92655],[101.64021,2.92566],[101.64019,2.92566],[101.63977,2.92566],[101.63972,2.92562],[101.6397,2.9256],[101.63952,2.92541],[101.63953,2.92534],[101.63939,2.9252],[101.63922,2.92503],[101.63904,2.92521],[101.63885,2.9254],[101.63885,2.92557],[101.63891,2.92557],[101.63892,2.92563],[101.63893,2.92565],[101.63894,2.92656],[101.63963,2.92656]]]}},{"type":"Feature","properties":{"fid":158,"nama":"Cyberjaya","pdk_thn":270,"luas_h":4.02,"kpdt":67,"unj_2025":0,"unj_2030":0,"unj_2035":0,"e_blok":"1007B041","pop_share":0.000831831,"recy_annual_t":7.486},"geometry":{"type":"Polygon","coordinates":[[[101.64019,2.92233],[101.63974,2.92217],[101.63959,2.92249],[101.63958,2.92257],[101.63955,2.92272],[101.63916,2.92305],[101.63915,2.92306],[101.63907,2.92322],[101.6391,2.92365],[101.63911,2.92389],[101.63911,2.92399],[101.63891,2.92421],[101.63886,2.92432],[101.63888,2.92438],[101.6389,2.92444],[101.63897,2.92454],[101.63898,2.92459],[101.63896,2.92476],[101.63903,2.92483],[101.63917,2.92498],[101.63922,2.92503],[101.63939,2.9252],[101.63953,2.92534],[101.63952,2.92541],[101.63972,2.92562],[101.63977,2.92566],[101.64019,2.92566],[101.64021,2.92566],[101.64021,2.92562],[101.6402,2.92523],[101.6402,2.92522],[101.64019,2.92473],[101.64018,2.92375],[101.64018,2.92342],[101.64018,2.92332],[101.64019,2.92233]]]}},{"type":"Feature","properties":{"fid":159,"nama":"Cyberjaya","pdk_thn":471,"luas_h":61.51,"kpdt":8,"unj_2025":0,"unj_2030":0,"unj_2035":0,"e_blok":"1007B042","pop_share":0.001451084,"recy_annual_t":13.06},"geometry":{"type":"Polygon","coordinates":[[[101.64464,2.92229],[101.64472,2.92167],[101.64469,2.92169],[101.64453,2.92177],[101.64442,2.92182],[101.64433,2.92185],[101.64413,2.92189],[101.64401,2.9219],[101.64363,2.9219],[101.64344,2.92187],[101.64324,2.9218],[101.64277,2.92161],[101.64187,2.92115],[101.64134,2.92087],[101.64105,2.92068],[101.6409,2.92056],[101.64078,2.92046],[101.64068,2.92031],[101.64041,2.91991],[101.64031,2.9197],[101.64019,2.91927],[101.63992,2.91834],[101.63983,2.91801],[101.63974,2.91776],[101.63963,2.91757],[101.63954,2.91746],[101.6394,2.91735],[101.63911,2.91713],[101.63881,2.91692],[101.63845,2.91668],[101.6385,2.91649],[101.63855,2.91631],[101.63861,2.91586],[101.63865,2.91558],[101.63867,2.91523],[101.63867,2.91492],[101.63862,2.91448],[101.6386,2.91427],[101.63852,2.91393],[101.63842,2.91357],[101.6383,2.91327],[101.63807,2.91275],[101.63773,2.91199],[101.63703,2.91231],[101.63666,2.91249],[101.63617,2.91274],[101.63607,2.9128],[101.63581,2.91297],[101.63554,2.91322],[101.63537,2.91341],[101.63523,2.91359],[101.63504,2.91389],[101.63491,2.91415],[101.6348,2.91441],[101.63475,2.91456],[101.63468,2.91477],[101.63461,2.91506],[101.63455,2.91534],[101.63452,2.91554],[101.63449,2.91588],[101.63446,2.91636],[101.63436,2.91789],[101.63433,2.91836],[101.63432,2.91853],[101.63428,2.9188],[101.63421,2.91912],[101.63416,2.91933],[101.6341,2.91952],[101.63397,2.91988],[101.63386,2.9201],[101.63375,2.9203],[101.63351,2.92069],[101.63337,2.92092],[101.63379,2.92113],[101.63413,2.92127],[101.63461,2.92143],[101.63481,2.92148],[101.6353,2.92157],[101.63565,2.9216],[101.63594,2.9216],[101.63632,2.92159],[101.63706,2.92159],[101.63743,2.92161],[101.63768,2.92163],[101.63779,2.92164],[101.63813,2.92169],[101.63816,2.92169],[101.63858,2.92178],[101.63896,2.92188],[101.63938,2.92203],[101.63974,2.92217],[101.63993,2.92224],[101.64024,2.92235],[101.64053,2.92245],[101.6406,2.92247],[101.64077,2.92252],[101.64093,2.92256],[101.64103,2.92258],[101.64139,2.92267],[101.64158,2.9227],[101.64176,2.92273],[101.64205,2.92277],[101.6423,2.92277],[101.64278,2.92275],[101.64315,2.92272],[101.6436,2.92266],[101.64384,2.92262],[101.64405,2.92257],[101.64427,2.92253],[101.64462,2.92243],[101.64464,2.92229]],[[101.63591,2.91899],[101.63591,2.91885],[101.63653,2.91885],[101.63653,2.91871],[101.63714,2.91871],[101.63714,2.91885],[101.63714,2.91899],[101.63653,2.91898],[101.63653,2.91912],[101.63653,2.91926],[101.63653,2.9194],[101.63591,2.91939],[101.63591,2.91926],[101.63591,2.91912],[101.63591,2.91899]]]}},{"type":"Feature","properties":{"fid":160,"nama":"Cyberjaya","pdk_thn":614,"luas_h":0.31,"kpdt":1981,"unj_2025":0,"unj_2030":0,"unj_2035":0,"e_blok":"1007B043","pop_share":0.001891646,"recy_annual_t":17.025},"geometry":{"type":"Polygon","coordinates":[[[101.63653,2.91912],[101.63653,2.91898],[101.63591,2.91899],[101.63591,2.91912],[101.63591,2.91926],[101.63591,2.91939],[101.63653,2.9194],[101.63653,2.91926],[101.63653,2.91912]]]}},{"type":"Feature","properties":{"fid":161,"nama":"Cyberjaya","pdk_thn":575,"luas_h":0.31,"kpdt":1855,"unj_2025":0,"unj_2030":0,"unj_2035":0,"e_blok":"1007B044","pop_share":0.001771493,"recy_annual_t":15.943},"geometry":{"type":"Polygon","coordinates":[[[101.63591,2.91899],[101.63653,2.91898],[101.63714,2.91899],[101.63714,2.91885],[101.63714,2.91871],[101.63653,2.91871],[101.63653,2.91885],[101.63591,2.91885],[101.63591,2.91899]]]}},{"type":"Feature","properties":{"fid":162,"nama":"Cyberjaya","pdk_thn":1242,"luas_h":82.2,"kpdt":15,"unj_2025":0,"unj_2030":0,"unj_2035":0,"e_blok":"1007B045","pop_share":0.003826424,"recy_annual_t":34.438},"geometry":{"type":"Polygon","coordinates":[[[101.63446,2.91636],[101.63449,2.91588],[101.63452,2.91554],[101.63455,2.91534],[101.63461,2.91506],[101.63468,2.91477],[101.63475,2.91456],[101.6348,2.91441],[101.63491,2.91415],[101.63504,2.91389],[101.63523,2.91359],[101.63537,2.91341],[101.63554,2.91322],[101.63581,2.91297],[101.63607,2.9128],[101.63617,2.91274],[101.63666,2.91249],[101.63703,2.91231],[101.63773,2.91199],[101.63736,2.91119],[101.63714,2.91071],[101.63698,2.91031],[101.63689,2.91002],[101.63683,2.9097],[101.63679,2.9094],[101.63679,2.90906],[101.63683,2.90827],[101.63688,2.90724],[101.63638,2.907],[101.63525,2.90649],[101.63508,2.90641],[101.63496,2.90634],[101.6347,2.90616],[101.63451,2.906],[101.63433,2.90583],[101.63418,2.90565],[101.63402,2.90544],[101.63391,2.90524],[101.63379,2.90502],[101.63369,2.90478],[101.63364,2.90461],[101.63359,2.90442],[101.63351,2.90411],[101.63333,2.90323],[101.63323,2.90278],[101.63313,2.90256],[101.63307,2.90243],[101.63298,2.90229],[101.63285,2.90213],[101.63265,2.90194],[101.63258,2.90189],[101.63252,2.90184],[101.63237,2.90175],[101.63229,2.90171],[101.63213,2.90164],[101.63196,2.90159],[101.63174,2.90155],[101.63159,2.90153],[101.63144,2.90153],[101.63119,2.90156],[101.63036,2.90167],[101.63015,2.90171],[101.62999,2.90175],[101.62987,2.9011],[101.62995,2.90108],[101.62995,2.90099],[101.62993,2.90059],[101.6299,2.90059],[101.62961,2.90058],[101.62931,2.90058],[101.62903,2.90058],[101.62875,2.90063],[101.62882,2.90087],[101.62836,2.9013],[101.62871,2.90174],[101.62905,2.90208],[101.62946,2.90249],[101.63007,2.90288],[101.63072,2.90313],[101.63159,2.90327],[101.63167,2.90325],[101.63162,2.90413],[101.63119,2.90952],[101.63087,2.91343],[101.63082,2.914],[101.63067,2.91585],[101.63063,2.91628],[101.63067,2.9163],[101.63117,2.91655],[101.63119,2.91651],[101.63127,2.91635],[101.63134,2.91619],[101.63158,2.91631],[101.63176,2.9164],[101.63192,2.91614],[101.63214,2.91624],[101.63368,2.91711],[101.63392,2.91729],[101.634,2.91744],[101.63401,2.91748],[101.63402,2.91758],[101.63401,2.9177],[101.63403,2.91781],[101.63411,2.91786],[101.63436,2.91789],[101.63446,2.91636]]]}},{"type":"Feature","properties":{"fid":163,"nama":"Cyberjaya","pdk_thn":914,"luas_h":2.19,"kpdt":417,"unj_2025":0,"unj_2030":0,"unj_2035":0,"e_blok":"1007B046","pop_share":0.002815903,"recy_annual_t":25.343},"geometry":{"type":"Polygon","coordinates":[[[101.63135,2.90037],[101.63134,2.90035],[101.63087,2.90039],[101.63088,2.90045],[101.63084,2.90045],[101.63054,2.90045],[101.63024,2.90046],[101.62993,2.90046],[101.62993,2.90059],[101.62995,2.90108],[101.62987,2.9011],[101.62999,2.90175],[101.63015,2.90171],[101.63036,2.90167],[101.63119,2.90156],[101.63144,2.90153],[101.63143,2.90112],[101.63141,2.90089],[101.63139,2.9007],[101.63135,2.90037]]]}},{"type":"Feature","properties":{"fid":164,"nama":"Cyberjaya","pdk_thn":870,"luas_h":129.7,"kpdt":7,"unj_2025":0,"unj_2030":0,"unj_2035":0,"e_blok":"1007B047","pop_share":0.002680346,"recy_annual_t":24.123},"geometry":{"type":"Polygon","coordinates":[[[101.63841,2.90155],[101.63851,2.90143],[101.63868,2.90123],[101.63914,2.90071],[101.63997,2.89991],[101.6404,2.89951],[101.64073,2.89923],[101.64104,2.89898],[101.64111,2.89893],[101.64162,2.89859],[101.64216,2.89826],[101.64236,2.89816],[101.64293,2.89789],[101.6432,2.89779],[101.64354,2.89767],[101.64377,2.8976],[101.64489,2.89728],[101.64526,2.89721],[101.64508,2.89637],[101.64492,2.89496],[101.64483,2.89472],[101.6436,2.89475],[101.64291,2.89476],[101.63992,2.8948],[101.63874,2.89479],[101.63868,2.89471],[101.63865,2.89439],[101.63858,2.89435],[101.63678,2.89447],[101.63577,2.8948],[101.63534,2.89474],[101.63459,2.89531],[101.63353,2.8957],[101.6332,2.89525],[101.63311,2.89512],[101.63293,2.89522],[101.63285,2.89509],[101.63277,2.89503],[101.63099,2.89503],[101.63018,2.89495],[101.62978,2.89479],[101.62975,2.89512],[101.62968,2.89613],[101.62973,2.89732],[101.62978,2.898],[101.6285,2.89961],[101.62829,2.89976],[101.62818,2.89984],[101.62804,2.89991],[101.62811,2.90067],[101.62829,2.90121],[101.62836,2.9013],[101.62882,2.90087],[101.62875,2.90063],[101.62903,2.90058],[101.62993,2.90059],[101.62993,2.90046],[101.63088,2.90045],[101.63087,2.90039],[101.63134,2.90035],[101.63135,2.90037],[101.63139,2.9007],[101.63143,2.90112],[101.63144,2.90153],[101.63144,2.90153],[101.63159,2.90153],[101.63174,2.90155],[101.63196,2.90159],[101.63213,2.90164],[101.63229,2.90171],[101.63237,2.90175],[101.63252,2.90184],[101.63258,2.90189],[101.63265,2.90194],[101.63285,2.90213],[101.63298,2.90229],[101.63307,2.90243],[101.63313,2.90256],[101.63323,2.90278],[101.63333,2.90323],[101.63351,2.90411],[101.63359,2.90442],[101.63364,2.90461],[101.63369,2.90478],[101.63379,2.90502],[101.63391,2.90524],[101.63402,2.90544],[101.63418,2.90565],[101.63433,2.90583],[101.63451,2.906],[101.6347,2.90616],[101.63496,2.90634],[101.63508,2.90641],[101.63525,2.90649],[101.63638,2.907],[101.63688,2.90724],[101.63691,2.9069],[101.63695,2.90602],[101.63702,2.90512],[101.63714,2.90437],[101.63717,2.90421],[101.6373,2.90377],[101.63743,2.90337],[101.63759,2.90299],[101.63776,2.90263],[101.63793,2.90229],[101.63825,2.90178],[101.63841,2.90155]]]}},{"type":"Feature","properties":{"fid":165,"nama":"Cyberjaya","pdk_thn":1280,"luas_h":161.27,"kpdt":8,"unj_2025":0,"unj_2030":0,"unj_2035":0,"e_blok":"1007B048","pop_share":0.003943497,"recy_annual_t":35.491},"geometry":{"type":"Polygon","coordinates":[[[101.65128,2.91091],[101.65149,2.90955],[101.65153,2.90928],[101.6515,2.9079],[101.65152,2.90742],[101.65154,2.90733],[101.65161,2.90708],[101.65222,2.90535],[101.65237,2.9049],[101.65241,2.90467],[101.65241,2.90455],[101.6524,2.90369],[101.65237,2.90337],[101.65233,2.90314],[101.65228,2.90298],[101.65208,2.90254],[101.65189,2.90226],[101.65166,2.90205],[101.65152,2.90194],[101.65138,2.90185],[101.65123,2.90178],[101.64989,2.90122],[101.64899,2.90082],[101.64728,2.90001],[101.64691,2.89976],[101.6465,2.89941],[101.64618,2.89907],[101.64586,2.89862],[101.64567,2.89826],[101.64551,2.8979],[101.64538,2.89756],[101.64526,2.89722],[101.64526,2.89721],[101.64489,2.89728],[101.64377,2.8976],[101.64354,2.89767],[101.6432,2.89779],[101.64293,2.89789],[101.64236,2.89816],[101.64216,2.89826],[101.64162,2.89859],[101.64111,2.89893],[101.64104,2.89898],[101.64073,2.89923],[101.6404,2.89951],[101.63997,2.89991],[101.63914,2.90071],[101.63868,2.90123],[101.63851,2.90143],[101.63841,2.90155],[101.63825,2.90178],[101.63793,2.90229],[101.63776,2.90263],[101.63759,2.90299],[101.63743,2.90337],[101.6373,2.90377],[101.63717,2.90421],[101.63714,2.90437],[101.63702,2.90512],[101.63695,2.90602],[101.63691,2.9069],[101.63688,2.90724],[101.63722,2.9073],[101.63759,2.90735],[101.63785,2.90739],[101.63811,2.9074],[101.63863,2.9074],[101.63896,2.90739],[101.64014,2.90729],[101.64109,2.90722],[101.6416,2.90719],[101.64267,2.90717],[101.64292,2.90718],[101.64322,2.90722],[101.64347,2.90726],[101.64382,2.90736],[101.64413,2.90746],[101.64445,2.90759],[101.64485,2.90779],[101.64525,2.90809],[101.6454,2.90821],[101.64576,2.90852],[101.64642,2.90919],[101.64691,2.90969],[101.64743,2.91022],[101.64756,2.91033],[101.64774,2.91046],[101.64784,2.91052],[101.64807,2.91063],[101.64835,2.91074],[101.64844,2.91077],[101.64845,2.91076],[101.6493,2.91103],[101.64948,2.91108],[101.64988,2.91118],[101.65024,2.91125],[101.65102,2.91132],[101.65119,2.91131],[101.65128,2.91091]]]}},{"type":"Feature","properties":{"fid":166,"nama":"Cyberjaya","pdk_thn":1489,"luas_h":100.03,"kpdt":15,"unj_2025":0,"unj_2030":0,"unj_2035":0,"e_blok":"1007B049","pop_share":0.004587396,"recy_annual_t":41.287},"geometry":{"type":"Polygon","coordinates":[[[101.64581,2.91536],[101.64599,2.91515],[101.64621,2.91496],[101.6464,2.91484],[101.64661,2.91474],[101.6468,2.91468],[101.64704,2.91465],[101.64755,2.91462],[101.64792,2.91461],[101.64823,2.91461],[101.64825,2.91431],[101.64824,2.9138],[101.64823,2.91361],[101.64814,2.91291],[101.64812,2.91249],[101.64813,2.91218],[101.64815,2.91194],[101.64817,2.91175],[101.64832,2.91112],[101.64844,2.91078],[101.64844,2.91077],[101.64835,2.91074],[101.64807,2.91063],[101.64784,2.91052],[101.64774,2.91046],[101.64756,2.91033],[101.64743,2.91022],[101.64691,2.90969],[101.64642,2.90919],[101.64576,2.90852],[101.6454,2.90821],[101.64525,2.90809],[101.64485,2.90779],[101.64445,2.90759],[101.64413,2.90746],[101.64382,2.90736],[101.64347,2.90726],[101.64322,2.90722],[101.64292,2.90718],[101.64267,2.90717],[101.6416,2.90719],[101.64109,2.90722],[101.64014,2.90729],[101.63896,2.90739],[101.63863,2.9074],[101.63811,2.9074],[101.63785,2.90739],[101.63759,2.90735],[101.63722,2.9073],[101.63688,2.90724],[101.63683,2.90827],[101.63679,2.90906],[101.63679,2.9094],[101.63683,2.9097],[101.63689,2.91002],[101.63698,2.91031],[101.63714,2.91071],[101.63736,2.91119],[101.63773,2.91199],[101.63807,2.91275],[101.6383,2.91327],[101.63842,2.91357],[101.63852,2.91393],[101.6386,2.91427],[101.63862,2.91448],[101.63867,2.91492],[101.63867,2.91523],[101.63865,2.91558],[101.63881,2.91558],[101.63908,2.91559],[101.63931,2.91563],[101.63941,2.91566],[101.63974,2.91581],[101.63985,2.91586],[101.64012,2.91609],[101.64037,2.91632],[101.64077,2.91594],[101.64085,2.91606],[101.64131,2.91583],[101.64135,2.91586],[101.64154,2.91583],[101.64264,2.91578],[101.64273,2.91576],[101.64273,2.91559],[101.64277,2.9156],[101.64285,2.91561],[101.64289,2.91559],[101.64294,2.91551],[101.643,2.91541],[101.64308,2.91533],[101.64314,2.9153],[101.64325,2.91525],[101.64334,2.9152],[101.64338,2.91519],[101.64344,2.9152],[101.64347,2.91524],[101.6435,2.91527],[101.64356,2.91529],[101.64363,2.91527],[101.6437,2.91525],[101.64379,2.91523],[101.64385,2.91523],[101.64395,2.9152],[101.644,2.91521],[101.64408,2.91523],[101.64415,2.91527],[101.64429,2.91539],[101.64433,2.91543],[101.64441,2.9156],[101.64441,2.91566],[101.64441,2.9161],[101.64417,2.91657],[101.64423,2.91661],[101.64435,2.91672],[101.64441,2.91679],[101.64463,2.91683],[101.64508,2.91674],[101.64547,2.91667],[101.64545,2.91634],[101.64547,2.91616],[101.64556,2.91581],[101.64567,2.91556],[101.64581,2.91536]]]}},{"type":"Feature","properties":{"fid":167,"nama":"Cyberjaya","pdk_thn":522,"luas_h":39.1,"kpdt":13,"unj_2025":0,"unj_2030":0,"unj_2035":0,"e_blok":"1007B050","pop_share":0.001608207,"recy_annual_t":14.474},"geometry":{"type":"Polygon","coordinates":[[[101.64564,2.91994],[101.64575,2.91895],[101.64574,2.91839],[101.64566,2.91771],[101.64548,2.91677],[101.64547,2.91667],[101.64508,2.91674],[101.64463,2.91683],[101.64441,2.91679],[101.64435,2.91672],[101.64423,2.91661],[101.64417,2.91657],[101.64441,2.9161],[101.64441,2.91566],[101.64441,2.9156],[101.64433,2.91543],[101.64429,2.91539],[101.64415,2.91527],[101.64408,2.91523],[101.644,2.91521],[101.64395,2.9152],[101.64385,2.91523],[101.64379,2.91523],[101.6437,2.91525],[101.64363,2.91527],[101.64356,2.91529],[101.6435,2.91527],[101.64347,2.91524],[101.64344,2.9152],[101.64338,2.91519],[101.64334,2.9152],[101.64325,2.91525],[101.64314,2.9153],[101.64308,2.91533],[101.643,2.91541],[101.64294,2.91551],[101.64289,2.91559],[101.64285,2.91561],[101.64277,2.9156],[101.64273,2.91559],[101.64273,2.91576],[101.64264,2.91578],[101.64154,2.91583],[101.64135,2.91586],[101.64131,2.91583],[101.64085,2.91606],[101.64077,2.91594],[101.64037,2.91632],[101.64012,2.91609],[101.63985,2.91586],[101.63974,2.91581],[101.63941,2.91566],[101.63931,2.91563],[101.63908,2.91559],[101.63881,2.91558],[101.63865,2.91558],[101.63861,2.91586],[101.63855,2.91631],[101.6385,2.91649],[101.63845,2.91668],[101.63881,2.91692],[101.63911,2.91713],[101.6394,2.91735],[101.63954,2.91746],[101.63963,2.91757],[101.63974,2.91776],[101.63983,2.91801],[101.63992,2.91834],[101.64019,2.91927],[101.64031,2.9197],[101.64041,2.91991],[101.64068,2.92031],[101.64078,2.92046],[101.6409,2.92056],[101.64105,2.92068],[101.64134,2.92087],[101.64187,2.92115],[101.64277,2.92161],[101.64324,2.9218],[101.64344,2.92187],[101.64363,2.9219],[101.64401,2.9219],[101.64413,2.92189],[101.64433,2.92185],[101.64442,2.92182],[101.64453,2.92177],[101.64469,2.92169],[101.64491,2.92156],[101.64506,2.92144],[101.64517,2.92132],[101.64529,2.92119],[101.64539,2.92104],[101.64546,2.92089],[101.64552,2.92075],[101.64558,2.92042],[101.64561,2.92032],[101.64564,2.92004],[101.64564,2.91994]],[[101.64112,2.91951],[101.64112,2.91943],[101.64171,2.91947],[101.64171,2.91955],[101.6417,2.91962],[101.64169,2.9197],[101.64169,2.91977],[101.6411,2.91973],[101.6411,2.91966],[101.64111,2.91958],[101.64112,2.91951]],[[101.64077,2.91851],[101.64135,2.91838],[101.64136,2.91846],[101.64138,2.91854],[101.64139,2.91861],[101.64082,2.91873],[101.6408,2.91866],[101.64079,2.91858],[101.64077,2.91851]]]}},{"type":"Feature","properties":{"fid":168,"nama":"Cyberjaya","pdk_thn":426,"luas_h":0.16,"kpdt":2663,"unj_2025":0,"unj_2030":0,"unj_2035":0,"e_blok":"1007B051","pop_share":0.001312445,"recy_annual_t":11.812},"geometry":{"type":"Polygon","coordinates":[[[101.64136,2.91846],[101.64135,2.91838],[101.64077,2.91851],[101.64079,2.91858],[101.6408,2.91866],[101.64082,2.91873],[101.64139,2.91861],[101.64138,2.91854],[101.64136,2.91846]]]}},{"type":"Feature","properties":{"fid":169,"nama":"Cyberjaya","pdk_thn":667,"luas_h":0.22,"kpdt":3032,"unj_2025":0,"unj_2030":0,"unj_2035":0,"e_blok":"1007B052","pop_share":0.002054932,"recy_annual_t":18.494},"geometry":{"type":"Polygon","coordinates":[[[101.64171,2.91947],[101.64112,2.91943],[101.64112,2.91951],[101.64111,2.91958],[101.6411,2.91966],[101.6411,2.91973],[101.64169,2.91977],[101.64169,2.9197],[101.6417,2.91962],[101.64171,2.91955],[101.64171,2.91947]]]}},{"type":"Feature","properties":{"fid":170,"nama":"Cyberjaya","pdk_thn":1609,"luas_h":7.62,"kpdt":211,"unj_2025":0,"unj_2030":0,"unj_2035":0,"e_blok":"1007B053","pop_share":0.004957099,"recy_annual_t":44.614},"geometry":{"type":"Polygon","coordinates":[[[101.64797,2.91721],[101.64799,2.91708],[101.6481,2.91646],[101.64814,2.91599],[101.64819,2.91555],[101.64821,2.91534],[101.64822,2.91491],[101.64823,2.91462],[101.64823,2.91461],[101.64792,2.91461],[101.64755,2.91462],[101.64704,2.91465],[101.6468,2.91468],[101.64661,2.91474],[101.6464,2.91484],[101.64621,2.91496],[101.64599,2.91515],[101.64581,2.91536],[101.64567,2.91556],[101.64556,2.91581],[101.64547,2.91616],[101.64545,2.91634],[101.64547,2.91667],[101.64548,2.91677],[101.64556,2.9172],[101.64586,2.91719],[101.64646,2.9172],[101.64656,2.9172],[101.64769,2.91721],[101.64797,2.91721]]]}},{"type":"Feature","properties":{"fid":171,"nama":"Cyberjaya","pdk_thn":1064,"luas_h":6.33,"kpdt":168,"unj_2025":0,"unj_2030":0,"unj_2035":0,"e_blok":"1007B054","pop_share":0.003278032,"recy_annual_t":29.502},"geometry":{"type":"Polygon","coordinates":[[[101.64769,2.91721],[101.64656,2.9172],[101.64646,2.9172],[101.64586,2.91719],[101.64556,2.9172],[101.64566,2.91771],[101.64574,2.91839],[101.64575,2.91895],[101.64564,2.91994],[101.64676,2.91991],[101.6471,2.91991],[101.64747,2.91893],[101.64762,2.91851],[101.64779,2.91797],[101.64795,2.91727],[101.64797,2.91721],[101.64769,2.91721]]]}},{"type":"Feature","properties":{"fid":172,"nama":"Cyberjaya","pdk_thn":1143,"luas_h":38.55,"kpdt":30,"unj_2025":0,"unj_2030":0,"unj_2035":0,"e_blok":"1007B055","pop_share":0.00352142,"recy_annual_t":31.693},"geometry":{"type":"Polygon","coordinates":[[[101.64688,2.92334],[101.64686,2.92299],[101.6468,2.92242],[101.64675,2.92194],[101.64675,2.92174],[101.64676,2.92124],[101.64678,2.92098],[101.64683,2.92064],[101.64694,2.92032],[101.64696,2.92027],[101.6471,2.91991],[101.64564,2.91994],[101.64564,2.92004],[101.64561,2.92032],[101.64558,2.92042],[101.64552,2.92075],[101.64546,2.92089],[101.64539,2.92104],[101.64529,2.92119],[101.64517,2.92132],[101.64506,2.92144],[101.64491,2.92156],[101.64472,2.92167],[101.64464,2.92229],[101.64462,2.92243],[101.64462,2.9225],[101.64456,2.92295],[101.64455,2.92318],[101.64426,2.92316],[101.64404,2.92317],[101.64387,2.92319],[101.64373,2.92322],[101.64354,2.92328],[101.64317,2.9235],[101.64262,2.92391],[101.64255,2.92393],[101.64232,2.92393],[101.64233,2.9244],[101.64232,2.92492],[101.64234,2.92492],[101.64259,2.92501],[101.64292,2.92517],[101.64308,2.9253],[101.64319,2.92542],[101.64335,2.92564],[101.64349,2.92594],[101.64358,2.92633],[101.64358,2.92648],[101.64358,2.92675],[101.64358,2.92694],[101.64354,2.92713],[101.64347,2.9274],[101.64336,2.92784],[101.64329,2.92818],[101.64326,2.92849],[101.64326,2.92859],[101.64333,2.92909],[101.64342,2.92954],[101.64343,2.92966],[101.64341,2.92981],[101.64335,2.93008],[101.64329,2.93024],[101.64321,2.93041],[101.64316,2.93059],[101.64307,2.93071],[101.64298,2.93079],[101.64289,2.9309],[101.64263,2.93131],[101.64251,2.93159],[101.64248,2.93173],[101.64248,2.93192],[101.6426,2.93235],[101.64271,2.93255],[101.64276,2.9326],[101.64284,2.93264],[101.64296,2.93265],[101.64309,2.93261],[101.64343,2.93238],[101.64355,2.93222],[101.64389,2.93175],[101.64409,2.9315],[101.64427,2.9313],[101.64468,2.93094],[101.64512,2.93069],[101.64512,2.93069],[101.64533,2.9306],[101.64545,2.93055],[101.64545,2.93005],[101.64545,2.92979],[101.64546,2.92962],[101.64548,2.92937],[101.64552,2.9291],[101.64557,2.92889],[101.64564,2.92865],[101.64572,2.92841],[101.64586,2.9281],[101.646,2.9278],[101.64612,2.92751],[101.64622,2.92727],[101.64633,2.92695],[101.6464,2.92675],[101.64648,2.92649],[101.64657,2.92616],[101.6466,2.92603],[101.64665,2.9258],[101.64671,2.92548],[101.64676,2.92521],[101.6468,2.92494],[101.64684,2.92465],[101.64685,2.92451],[101.64687,2.92429],[101.64688,2.924],[101.64688,2.92365],[101.64688,2.92361],[101.64688,2.92334]]]}},{"type":"Feature","properties":{"fid":173,"nama":"Cyberjaya","pdk_thn":315,"luas_h":126.1,"kpdt":2,"unj_2025":0,"unj_2030":0,"unj_2035":0,"e_blok":"1007B056","pop_share":0.00097047,"recy_annual_t":8.734},"geometry":{"type":"Polygon","coordinates":[[[101.6475,2.93818],[101.64792,2.93792],[101.64868,2.93828],[101.64878,2.93843],[101.64909,2.93859],[101.64943,2.93869],[101.64957,2.93868],[101.64965,2.93865],[101.64965,2.93853],[101.6497,2.93835],[101.6498,2.93823],[101.64968,2.93803],[101.64962,2.93694],[101.64962,2.9368],[101.653,2.93619],[101.65617,2.93755],[101.65697,2.93558],[101.65706,2.93537],[101.65721,2.93511],[101.65721,2.93511],[101.65724,2.9351],[101.65787,2.934],[101.6579,2.93395],[101.65767,2.93421],[101.65728,2.93473],[101.65717,2.93486],[101.65702,2.93498],[101.65688,2.93505],[101.65674,2.9351],[101.65663,2.93511],[101.65645,2.93511],[101.65631,2.93508],[101.65617,2.93503],[101.65604,2.93496],[101.65591,2.93487],[101.65582,2.93478],[101.65571,2.9346],[101.65549,2.93426],[101.65548,2.93413],[101.65548,2.93399],[101.6555,2.93383],[101.65553,2.93365],[101.65563,2.93336],[101.65573,2.9331],[101.6558,2.93282],[101.65584,2.93268],[101.65589,2.93247],[101.65581,2.93246],[101.65567,2.93237],[101.65559,2.93229],[101.65551,2.93217],[101.65547,2.93203],[101.65546,2.93188],[101.65549,2.93175],[101.65556,2.93162],[101.65566,2.93151],[101.65577,2.93144],[101.65587,2.93141],[101.65594,2.9314],[101.65591,2.93116],[101.65588,2.93104],[101.65583,2.9308],[101.6558,2.93066],[101.65573,2.93045],[101.65564,2.9302],[101.65535,2.9303],[101.65519,2.93035],[101.65502,2.9304],[101.65481,2.93045],[101.65446,2.9305],[101.65421,2.93052],[101.65294,2.93053],[101.65265,2.93054],[101.65186,2.93054],[101.65143,2.93052],[101.65095,2.93051],[101.64984,2.93047],[101.6491,2.93045],[101.648,2.93042],[101.64757,2.93041],[101.64756,2.93041],[101.64754,2.92934],[101.64745,2.92931],[101.64738,2.92925],[101.64733,2.92915],[101.64731,2.92907],[101.64731,2.92897],[101.64735,2.9287],[101.6474,2.92849],[101.64744,2.92835],[101.64752,2.92821],[101.6476,2.92808],[101.64788,2.9277],[101.64804,2.92747],[101.64831,2.92708],[101.64843,2.92688],[101.64843,2.92687],[101.64857,2.92656],[101.64875,2.92605],[101.64882,2.92561],[101.64891,2.92497],[101.64894,2.9248],[101.64894,2.9248],[101.64897,2.92458],[101.64905,2.92441],[101.64894,2.9243],[101.64889,2.92421],[101.64885,2.92415],[101.64879,2.92404],[101.64877,2.92395],[101.64876,2.92382],[101.64881,2.92309],[101.64884,2.92262],[101.64886,2.92212],[101.64887,2.92162],[101.64885,2.92129],[101.64885,2.92123],[101.64883,2.92123],[101.64879,2.92123],[101.64867,2.92124],[101.64849,2.92124],[101.64821,2.92129],[101.64788,2.92137],[101.64731,2.92155],[101.64675,2.92174],[101.64675,2.92194],[101.64675,2.92194],[101.6468,2.92242],[101.64686,2.92299],[101.64688,2.92334],[101.64688,2.92361],[101.64688,2.92365],[101.64688,2.924],[101.64687,2.92421],[101.64687,2.92429],[101.64685,2.92451],[101.64684,2.92465],[101.6468,2.92494],[101.64679,2.92497],[101.64676,2.92521],[101.64671,2.92548],[101.64665,2.9258],[101.6466,2.92603],[101.64657,2.92616],[101.64648,2.92649],[101.6464,2.92675],[101.64633,2.92695],[101.64622,2.92727],[101.64612,2.92751],[101.646,2.9278],[101.64586,2.9281],[101.64572,2.92841],[101.64564,2.92865],[101.64557,2.92889],[101.64552,2.9291],[101.64548,2.92937],[101.64546,2.92962],[101.64545,2.92979],[101.64545,2.93005],[101.64545,2.93055],[101.64533,2.9306],[101.64512,2.93069],[101.64512,2.93069],[101.64468,2.93094],[101.64427,2.9313],[101.64409,2.9315],[101.64389,2.93175],[101.64355,2.93222],[101.64343,2.93238],[101.64329,2.93256],[101.64317,2.93271],[101.64314,2.93274],[101.64354,2.93283],[101.64357,2.93312],[101.64362,2.93324],[101.6443,2.93456],[101.64434,2.93476],[101.64439,2.9362],[101.6444,2.9364],[101.64446,2.93687],[101.64453,2.93736],[101.64452,2.93768],[101.64451,2.93784],[101.64449,2.93812],[101.64435,2.93819],[101.64429,2.93824],[101.64427,2.93826],[101.64422,2.93839],[101.64422,2.93855],[101.64426,2.93866],[101.64437,2.93878],[101.64468,2.93902],[101.64493,2.93917],[101.64501,2.9392],[101.64508,2.93921],[101.64543,2.93928],[101.64568,2.93926],[101.64604,2.9392],[101.64638,2.93846],[101.64659,2.93833],[101.64694,2.93826],[101.6475,2.93818]]]}},{"type":"Feature","properties":{"fid":174,"nama":"Cyberjaya","pdk_thn":1196,"luas_h":32.33,"kpdt":37,"unj_2025":0,"unj_2030":0,"unj_2035":0,"e_blok":"1007B057","pop_share":0.003684705,"recy_annual_t":33.162},"geometry":{"type":"Polygon","coordinates":[[[101.6509,2.92269],[101.6509,2.92247],[101.65181,2.92248],[101.65181,2.92234],[101.65091,2.92227],[101.65091,2.92211],[101.65092,2.92176],[101.65093,2.92138],[101.65092,2.92138],[101.6509,2.92138],[101.65036,2.92126],[101.65012,2.92122],[101.64992,2.9212],[101.64964,2.92118],[101.64938,2.92118],[101.64903,2.92119],[101.64885,2.92123],[101.64885,2.92123],[101.64885,2.92129],[101.64887,2.92162],[101.64886,2.92212],[101.64884,2.92262],[101.64881,2.92309],[101.64876,2.92382],[101.64877,2.92395],[101.64879,2.92404],[101.64885,2.92415],[101.64894,2.9243],[101.64905,2.92441],[101.64897,2.92458],[101.64894,2.9248],[101.64894,2.9248],[101.64882,2.92561],[101.64875,2.92605],[101.64857,2.92656],[101.64843,2.92687],[101.64843,2.92688],[101.64831,2.92708],[101.64804,2.92747],[101.64788,2.9277],[101.6476,2.92808],[101.64752,2.92821],[101.64744,2.92835],[101.6474,2.92849],[101.64735,2.9287],[101.64731,2.92897],[101.64731,2.92907],[101.64733,2.92915],[101.64738,2.92925],[101.64745,2.92931],[101.64754,2.92934],[101.64756,2.93041],[101.64757,2.93041],[101.64757,2.93041],[101.648,2.93042],[101.6491,2.93045],[101.64984,2.93047],[101.65095,2.93051],[101.65143,2.93052],[101.65186,2.93054],[101.65186,2.93052],[101.65185,2.92991],[101.65185,2.92981],[101.65186,2.92977],[101.65186,2.92933],[101.65189,2.92879],[101.65192,2.92858],[101.65199,2.92775],[101.652,2.92751],[101.65201,2.92737],[101.65067,2.92735],[101.65068,2.92724],[101.65069,2.9269],[101.65071,2.92635],[101.65073,2.92589],[101.65076,2.9253],[101.65078,2.92482],[101.6508,2.92449],[101.65087,2.92339],[101.6509,2.92269]]]}},{"type":"Feature","properties":{"fid":175,"nama":"Cyberjaya","pdk_thn":344,"luas_h":13.96,"kpdt":25,"unj_2025":0,"unj_2030":0,"unj_2035":0,"e_blok":"1007B058","pop_share":0.001059815,"recy_annual_t":9.538},"geometry":{"type":"Polygon","coordinates":[[[101.65536,2.92933],[101.6549,2.92812],[101.65475,2.92763],[101.65471,2.92735],[101.65474,2.92711],[101.65477,2.92693],[101.65482,2.92675],[101.65493,2.92651],[101.65472,2.9266],[101.65448,2.92659],[101.65346,2.9268],[101.65201,2.92737],[101.652,2.92751],[101.65199,2.92775],[101.65192,2.92858],[101.65189,2.92879],[101.65186,2.92933],[101.65186,2.92977],[101.65185,2.92981],[101.65185,2.92991],[101.65186,2.93052],[101.65186,2.93054],[101.65265,2.93054],[101.65294,2.93053],[101.65421,2.93052],[101.65446,2.9305],[101.65481,2.93045],[101.65502,2.9304],[101.65519,2.93035],[101.65535,2.9303],[101.65564,2.9302],[101.65536,2.92933]],[[101.65364,2.9285],[101.65372,2.92849],[101.65378,2.92882],[101.65412,2.92894],[101.6541,2.92902],[101.65407,2.9291],[101.65404,2.92919],[101.65368,2.92908],[101.6534,2.92925],[101.65336,2.92918],[101.65331,2.92911],[101.65328,2.92906],[101.65355,2.92889],[101.65349,2.92851],[101.65357,2.9285],[101.65364,2.9285]]]}},{"type":"Feature","properties":{"fid":176,"nama":"Cyberjaya","pdk_thn":349,"luas_h":0.35,"kpdt":997,"unj_2025":0,"unj_2030":0,"unj_2035":0,"e_blok":"1007B059","pop_share":0.001075219,"recy_annual_t":9.677},"geometry":{"type":"Polygon","coordinates":[[[101.6534,2.92925],[101.65368,2.92908],[101.65404,2.92919],[101.65407,2.9291],[101.6541,2.92902],[101.65412,2.92894],[101.65378,2.92882],[101.65372,2.92849],[101.65364,2.9285],[101.65357,2.9285],[101.65349,2.92851],[101.65355,2.92889],[101.65328,2.92906],[101.65331,2.92911],[101.65336,2.92918],[101.6534,2.92925]]]}},{"type":"Feature","properties":{"fid":177,"nama":"Cyberjaya","pdk_thn":685,"luas_h":203.55,"kpdt":3,"unj_2025":0,"unj_2030":0,"unj_2035":0,"e_blok":"1007B060","pop_share":0.002110387,"recy_annual_t":18.993},"geometry":{"type":"Polygon","coordinates":[[[101.66928,2.92662],[101.67005,2.92645],[101.66992,2.92625],[101.67097,2.92577],[101.67119,2.92472],[101.67203,2.92342],[101.67249,2.92291],[101.67257,2.92234],[101.6721,2.92202],[101.67188,2.92178],[101.67173,2.92124],[101.67183,2.92079],[101.67194,2.92058],[101.67195,2.92055],[101.6724,2.91967],[101.67243,2.9195],[101.67207,2.91864],[101.67221,2.91739],[101.67193,2.91657],[101.67191,2.91563],[101.67176,2.91557],[101.66967,2.91561],[101.66967,2.91508],[101.66925,2.91509],[101.66925,2.91507],[101.66914,2.91507],[101.66903,2.91506],[101.66901,2.91522],[101.66888,2.91615],[101.66878,2.91653],[101.66857,2.91716],[101.6682,2.91795],[101.66786,2.9187],[101.66777,2.91889],[101.6673,2.91993],[101.66699,2.92062],[101.66679,2.92099],[101.66667,2.9212],[101.66631,2.92171],[101.66616,2.92188],[101.66591,2.92216],[101.66541,2.92259],[101.66497,2.92288],[101.66447,2.92318],[101.66415,2.92334],[101.66401,2.92339],[101.66361,2.92355],[101.66314,2.92369],[101.66263,2.92379],[101.66206,2.92385],[101.66146,2.92385],[101.66098,2.92381],[101.66061,2.92375],[101.66025,2.92366],[101.65949,2.92347],[101.65871,2.92328],[101.65814,2.92314],[101.65753,2.92299],[101.6567,2.92278],[101.65512,2.9224],[101.65461,2.92226],[101.6538,2.92207],[101.65233,2.92171],[101.65233,2.92171],[101.65179,2.92159],[101.65093,2.92138],[101.65092,2.92176],[101.65092,2.92198],[101.65091,2.92211],[101.65091,2.92227],[101.65181,2.92234],[101.65181,2.92248],[101.6509,2.92247],[101.6509,2.92269],[101.65087,2.92339],[101.6508,2.92449],[101.65078,2.92482],[101.65076,2.9253],[101.65073,2.92589],[101.65071,2.92635],[101.65069,2.9269],[101.65068,2.92724],[101.65067,2.92735],[101.65201,2.92737],[101.65346,2.9268],[101.65448,2.92659],[101.65472,2.9266],[101.65493,2.92651],[101.65482,2.92675],[101.65477,2.92693],[101.65474,2.92711],[101.65471,2.92735],[101.65475,2.92763],[101.6549,2.92812],[101.65536,2.92933],[101.65564,2.9302],[101.65573,2.93045],[101.6558,2.93066],[101.65583,2.9308],[101.65588,2.93104],[101.65591,2.93116],[101.65594,2.9314],[101.65587,2.93141],[101.65577,2.93144],[101.65566,2.93151],[101.65556,2.93162],[101.65549,2.93175],[101.65546,2.93188],[101.65547,2.93203],[101.65551,2.93217],[101.65559,2.93229],[101.65567,2.93237],[101.65581,2.93246],[101.65589,2.93247],[101.65584,2.93268],[101.6558,2.93282],[101.65573,2.9331],[101.65563,2.93336],[101.65553,2.93365],[101.6555,2.93383],[101.65548,2.93399],[101.65548,2.93413],[101.65549,2.93426],[101.65571,2.9346],[101.65582,2.93478],[101.65591,2.93487],[101.65604,2.93496],[101.65617,2.93503],[101.65631,2.93508],[101.65645,2.93511],[101.65663,2.93511],[101.65674,2.9351],[101.65688,2.93505],[101.65702,2.93498],[101.65717,2.93486],[101.65728,2.93473],[101.65767,2.93421],[101.6579,2.93395],[101.65865,2.93281],[101.65883,2.93256],[101.65963,2.9316],[101.66046,2.93074],[101.66077,2.9305],[101.66109,2.93025],[101.66143,2.93002],[101.66181,2.92977],[101.66216,2.92957],[101.66242,2.92944],[101.66266,2.92933],[101.663,2.92918],[101.66316,2.92911],[101.66331,2.92906],[101.66341,2.92902],[101.66365,2.92894],[101.66416,2.92879],[101.6645,2.92869],[101.66564,2.92837],[101.66666,2.92806],[101.66668,2.92805],[101.66854,2.92748],[101.66923,2.92727],[101.66956,2.92717],[101.66945,2.9268],[101.66928,2.92662]]]}},{"type":"Feature","properties":{"fid":178,"nama":"Cyberjaya","pdk_thn":501,"luas_h":28.03,"kpdt":18,"unj_2025":0,"unj_2030":0,"unj_2035":0,"e_blok":"1007B061","pop_share":0.001543509,"recy_annual_t":13.892},"geometry":{"type":"Polygon","coordinates":[[[101.66888,2.91615],[101.66901,2.91522],[101.66918,2.91399],[101.66885,2.91395],[101.66859,2.91393],[101.66837,2.9139],[101.66824,2.9139],[101.66783,2.91393],[101.66771,2.91395],[101.66745,2.91393],[101.6673,2.9139],[101.66704,2.91385],[101.66696,2.9138],[101.66692,2.91388],[101.66679,2.91411],[101.66676,2.91424],[101.66679,2.9148],[101.66671,2.9148],[101.66677,2.91504],[101.66673,2.91529],[101.66666,2.91541],[101.66658,2.91548],[101.66647,2.91555],[101.66634,2.91557],[101.6662,2.91556],[101.66605,2.91551],[101.66603,2.91551],[101.66591,2.91543],[101.66583,2.91534],[101.66576,2.91521],[101.66572,2.91504],[101.66572,2.91495],[101.66536,2.91496],[101.66529,2.91495],[101.6653,2.915],[101.66501,2.91492],[101.66483,2.91466],[101.66484,2.91446],[101.66484,2.91426],[101.66501,2.91403],[101.66411,2.91489],[101.66433,2.91521],[101.66449,2.91548],[101.66458,2.91563],[101.66471,2.91588],[101.66484,2.91617],[101.66496,2.91644],[101.66509,2.91685],[101.66519,2.9172],[101.66525,2.91748],[101.66528,2.91768],[101.66531,2.91814],[101.66532,2.91845],[101.66532,2.91881],[101.66529,2.91919],[101.66524,2.91965],[101.66517,2.9201],[101.66512,2.92036],[101.66503,2.92096],[101.665,2.92135],[101.66496,2.92205],[101.66496,2.92249],[101.66497,2.92288],[101.66541,2.92259],[101.66591,2.92216],[101.66616,2.92188],[101.66631,2.92171],[101.66667,2.9212],[101.66679,2.92099],[101.66699,2.92062],[101.6673,2.91993],[101.66777,2.91889],[101.66786,2.9187],[101.6682,2.91795],[101.66857,2.91716],[101.66878,2.91653],[101.66888,2.91615]]]}},{"type":"Feature","properties":{"fid":179,"nama":"Cyberjaya","pdk_thn":521,"luas_h":39.8,"kpdt":13,"unj_2025":0,"unj_2030":0,"unj_2035":0,"e_blok":"1007B062","pop_share":0.001605127,"recy_annual_t":14.446},"geometry":{"type":"Polygon","coordinates":[[[101.66677,2.91504],[101.66671,2.9148],[101.66679,2.9148],[101.66676,2.91424],[101.66679,2.91411],[101.66692,2.91388],[101.66696,2.9138],[101.66704,2.91385],[101.6673,2.9139],[101.66745,2.91393],[101.66771,2.91395],[101.66783,2.91393],[101.66824,2.9139],[101.66837,2.9139],[101.66859,2.91393],[101.66885,2.91395],[101.66918,2.91399],[101.66951,2.91131],[101.66951,2.91121],[101.66946,2.91091],[101.66939,2.91069],[101.6693,2.91052],[101.66923,2.91043],[101.66907,2.91026],[101.66892,2.91014],[101.6687,2.91003],[101.66841,2.90994],[101.66821,2.90991],[101.6663,2.90976],[101.66581,2.90975],[101.66537,2.9098],[101.66509,2.90984],[101.66485,2.9099],[101.66467,2.90997],[101.66462,2.90998],[101.6645,2.91003],[101.66438,2.91007],[101.66398,2.91024],[101.66251,2.91085],[101.66197,2.9111],[101.66146,2.91132],[101.66076,2.91161],[101.66086,2.9118],[101.66094,2.91189],[101.66124,2.91229],[101.66147,2.91254],[101.66159,2.91268],[101.66203,2.91309],[101.66237,2.91334],[101.66278,2.91364],[101.66306,2.91386],[101.66326,2.91404],[101.66369,2.91443],[101.66395,2.9147],[101.66407,2.91484],[101.66411,2.91489],[101.66501,2.91403],[101.66484,2.91426],[101.66484,2.91446],[101.66483,2.91466],[101.66501,2.91492],[101.6653,2.915],[101.66529,2.91495],[101.66536,2.91496],[101.66552,2.91496],[101.66572,2.91495],[101.66572,2.91504],[101.66576,2.91521],[101.66583,2.91534],[101.66591,2.91543],[101.66603,2.91551],[101.66605,2.91551],[101.6662,2.91556],[101.66634,2.91557],[101.66647,2.91555],[101.66658,2.91548],[101.66666,2.91541],[101.66673,2.91529],[101.66677,2.91504]]]}},{"type":"Feature","properties":{"fid":180,"nama":"Cyberjaya","pdk_thn":877,"luas_h":81.39,"kpdt":11,"unj_2025":0,"unj_2030":0,"unj_2035":0,"e_blok":"1007B063","pop_share":0.002701912,"recy_annual_t":24.317},"geometry":{"type":"Polygon","coordinates":[[[101.66525,2.91748],[101.66519,2.9172],[101.66509,2.91685],[101.66496,2.91644],[101.66484,2.91617],[101.66471,2.91588],[101.66458,2.91563],[101.66449,2.91548],[101.66433,2.91521],[101.66407,2.91484],[101.66395,2.9147],[101.66369,2.91443],[101.66326,2.91404],[101.66306,2.91386],[101.66278,2.91364],[101.66237,2.91334],[101.66203,2.91309],[101.66159,2.91268],[101.66147,2.91254],[101.66124,2.91229],[101.66094,2.91189],[101.66086,2.9118],[101.66076,2.91161],[101.66043,2.91174],[101.66036,2.91177],[101.65971,2.91201],[101.6595,2.91204],[101.65939,2.91205],[101.6591,2.91206],[101.65898,2.91206],[101.65868,2.91202],[101.65853,2.91199],[101.65829,2.91191],[101.65817,2.91186],[101.65774,2.91166],[101.65758,2.91158],[101.65737,2.91149],[101.6572,2.91143],[101.65707,2.91139],[101.65683,2.91131],[101.65663,2.9113],[101.65646,2.91129],[101.65613,2.91129],[101.65588,2.9113],[101.65589,2.9116],[101.65591,2.91177],[101.65595,2.91196],[101.65601,2.91221],[101.65605,2.91235],[101.65613,2.91256],[101.65621,2.91274],[101.65648,2.91328],[101.65678,2.91387],[101.65712,2.91459],[101.65717,2.91471],[101.65723,2.91485],[101.65676,2.91507],[101.65659,2.91516],[101.65645,2.91526],[101.65623,2.91548],[101.6561,2.91564],[101.65595,2.91594],[101.65592,2.91604],[101.65589,2.91629],[101.6559,2.9166],[101.65595,2.91684],[101.65602,2.91708],[101.65615,2.91733],[101.65635,2.91757],[101.65656,2.91775],[101.65679,2.91788],[101.65684,2.9179],[101.65684,2.9179],[101.65704,2.91797],[101.65722,2.918],[101.65733,2.91801],[101.65749,2.91802],[101.65771,2.918],[101.65808,2.91792],[101.65815,2.91791],[101.65854,2.91778],[101.65893,2.91769],[101.6602,2.91731],[101.66045,2.91729],[101.66058,2.9173],[101.66085,2.91736],[101.66113,2.9175],[101.66125,2.9176],[101.6615,2.91786],[101.66186,2.91834],[101.66198,2.91857],[101.66205,2.9188],[101.66213,2.91914],[101.66213,2.91926],[101.66211,2.9196],[101.66203,2.91996],[101.6619,2.92026],[101.66184,2.92035],[101.66167,2.92059],[101.66145,2.92081],[101.66136,2.92092],[101.66127,2.92106],[101.66122,2.92116],[101.66118,2.92128],[101.66116,2.92144],[101.66116,2.9216],[101.66117,2.92171],[101.6612,2.92183],[101.66125,2.92194],[101.66128,2.922],[101.65975,2.92204],[101.65978,2.92303],[101.66026,2.92306],[101.66027,2.92334],[101.66021,2.92347],[101.6601,2.92363],[101.66025,2.92366],[101.66061,2.92375],[101.66098,2.92381],[101.66146,2.92385],[101.66206,2.92385],[101.66263,2.92379],[101.66314,2.92369],[101.66361,2.92355],[101.66401,2.92339],[101.66401,2.92339],[101.66415,2.92334],[101.66447,2.92318],[101.66497,2.92288],[101.66496,2.92249],[101.66496,2.92205],[101.665,2.92135],[101.66503,2.92096],[101.66512,2.92036],[101.66517,2.9201],[101.66524,2.91965],[101.66529,2.91919],[101.66532,2.91881],[101.66532,2.91845],[101.66531,2.91814],[101.66528,2.91768],[101.66525,2.91748]]]}},{"type":"Feature","properties":{"fid":181,"nama":"Cyberjaya","pdk_thn":569,"luas_h":1.26,"kpdt":452,"unj_2025":0,"unj_2030":0,"unj_2035":0,"e_blok":"1007B064","pop_share":0.001753008,"recy_annual_t":15.777},"geometry":{"type":"Polygon","coordinates":[[[101.66116,2.92144],[101.66118,2.9213],[101.66082,2.9213],[101.66023,2.92132],[101.65974,2.92132],[101.65975,2.92204],[101.66128,2.922],[101.66125,2.92194],[101.6612,2.92183],[101.66117,2.92171],[101.66116,2.9216],[101.66116,2.92144]]]}},{"type":"Feature","properties":{"fid":182,"nama":"Cyberjaya","pdk_thn":428,"luas_h":1.94,"kpdt":221,"unj_2025":0,"unj_2030":0,"unj_2035":0,"e_blok":"1007B065","pop_share":0.001318607,"recy_annual_t":11.867},"geometry":{"type":"Polygon","coordinates":[[[101.66023,2.92132],[101.66082,2.9213],[101.66118,2.9213],[101.66118,2.92128],[101.66122,2.92116],[101.66127,2.92106],[101.66136,2.92092],[101.66145,2.92081],[101.66167,2.92059],[101.66184,2.92035],[101.66138,2.92036],[101.66123,2.92036],[101.66106,2.92036],[101.661,2.92036],[101.661,2.92074],[101.6608,2.92074],[101.66076,2.92074],[101.66074,2.92036],[101.65971,2.92036],[101.65974,2.92132],[101.66023,2.92132]]]}},{"type":"Feature","properties":{"fid":183,"nama":"Cyberjaya","pdk_thn":321,"luas_h":0.25,"kpdt":1284,"unj_2025":0,"unj_2030":0,"unj_2035":0,"e_blok":"1007B066","pop_share":0.000988955,"recy_annual_t":8.901},"geometry":{"type":"Polygon","coordinates":[[[101.661,2.92074],[101.661,2.92036],[101.66106,2.92036],[101.66123,2.92036],[101.66123,2.92015],[101.66106,2.92015],[101.6609,2.92014],[101.66074,2.92014],[101.66074,2.92036],[101.66076,2.92074],[101.6608,2.92074],[101.661,2.92074]]]}},{"type":"Feature","properties":{"fid":184,"nama":"Cyberjaya","pdk_thn":477,"luas_h":31.13,"kpdt":15,"unj_2025":0,"unj_2030":0,"unj_2035":0,"e_blok":"1007B067","pop_share":0.001469569,"recy_annual_t":13.226},"geometry":{"type":"Polygon","coordinates":[[[101.65978,2.92303],[101.65971,2.92036],[101.66074,2.92036],[101.66074,2.92014],[101.6609,2.92014],[101.66106,2.92015],[101.66123,2.92015],[101.66123,2.92036],[101.66138,2.92036],[101.66184,2.92035],[101.6619,2.92026],[101.66203,2.91996],[101.66211,2.9196],[101.66213,2.91926],[101.66213,2.91914],[101.66205,2.9188],[101.66198,2.91857],[101.66186,2.91834],[101.6615,2.91786],[101.66125,2.9176],[101.66113,2.9175],[101.66085,2.91736],[101.66058,2.9173],[101.66045,2.91729],[101.6602,2.91731],[101.65893,2.91769],[101.65854,2.91778],[101.65815,2.91791],[101.65808,2.91792],[101.65817,2.91824],[101.6583,2.91872],[101.65833,2.91888],[101.65783,2.91899],[101.65767,2.91899],[101.65768,2.91927],[101.65746,2.91929],[101.65726,2.91925],[101.65727,2.91918],[101.65707,2.91914],[101.65703,2.91914],[101.65687,2.91907],[101.65698,2.9188],[101.65714,2.91887],[101.65731,2.91891],[101.6573,2.91897],[101.65736,2.91898],[101.65736,2.91885],[101.65655,2.91855],[101.65643,2.91883],[101.65604,2.91964],[101.65563,2.92053],[101.65536,2.92133],[101.65528,2.92163],[101.65526,2.92175],[101.65523,2.92187],[101.65513,2.92232],[101.65512,2.9224],[101.6567,2.92278],[101.65753,2.92299],[101.65814,2.92314],[101.65871,2.92328],[101.65949,2.92347],[101.6601,2.92363],[101.66021,2.92347],[101.66027,2.92334],[101.66026,2.92306],[101.65978,2.92303]]]}},{"type":"Feature","properties":{"fid":185,"nama":"Cyberjaya","pdk_thn":583,"luas_h":0.27,"kpdt":2159,"unj_2025":0,"unj_2030":0,"unj_2035":0,"e_blok":"1007B068","pop_share":0.00179614,"recy_annual_t":16.165},"geometry":{"type":"Polygon","coordinates":[[[101.65768,2.91927],[101.65767,2.91899],[101.65748,2.919],[101.65746,2.919],[101.6573,2.91897],[101.65731,2.91891],[101.65714,2.91887],[101.65698,2.9188],[101.65687,2.91907],[101.65703,2.91914],[101.65707,2.91914],[101.65727,2.91918],[101.65726,2.91925],[101.65746,2.91929],[101.65768,2.91927]]]}},{"type":"Feature","properties":{"fid":186,"nama":"Cyberjaya","pdk_thn":407,"luas_h":1.01,"kpdt":403,"unj_2025":0,"unj_2030":0,"unj_2035":0,"e_blok":"1007B069","pop_share":0.001253909,"recy_annual_t":11.285},"geometry":{"type":"Polygon","coordinates":[[[101.65817,2.91824],[101.65808,2.91792],[101.65771,2.918],[101.65749,2.91802],[101.65744,2.91828],[101.65735,2.91843],[101.65735,2.91852],[101.65735,2.91853],[101.65735,2.91861],[101.65735,2.91865],[101.65735,2.91869],[101.65736,2.91877],[101.65736,2.91885],[101.65736,2.91898],[101.65746,2.919],[101.65748,2.919],[101.65767,2.91899],[101.65783,2.91899],[101.65833,2.91888],[101.6583,2.91872],[101.65817,2.91824]]]}},{"type":"Feature","properties":{"fid":187,"nama":"Cyberjaya","pdk_thn":509,"luas_h":0.67,"kpdt":760,"unj_2025":0,"unj_2030":0,"unj_2035":0,"e_blok":"1007B070","pop_share":0.001568156,"recy_annual_t":14.113},"geometry":{"type":"Polygon","coordinates":[[[101.65704,2.91797],[101.65684,2.9179],[101.65665,2.91835],[101.65655,2.91855],[101.65736,2.91885],[101.65736,2.91877],[101.65735,2.91869],[101.65735,2.91865],[101.65735,2.91861],[101.65735,2.91853],[101.65735,2.91852],[101.65735,2.91843],[101.65744,2.91828],[101.65749,2.91802],[101.65733,2.91801],[101.65722,2.918],[101.65704,2.91797]]]}},{"type":"Feature","properties":{"fid":188,"nama":"Cyberjaya","pdk_thn":634,"luas_h":81.89,"kpdt":8,"unj_2025":0,"unj_2030":0,"unj_2035":0,"e_blok":"1007B071","pop_share":0.001953263,"recy_annual_t":17.579},"geometry":{"type":"Polygon","coordinates":[[[101.65536,2.92133],[101.65563,2.92053],[101.65604,2.91964],[101.65643,2.91883],[101.65665,2.91835],[101.65684,2.9179],[101.65684,2.9179],[101.65679,2.91788],[101.65656,2.91775],[101.65635,2.91757],[101.65615,2.91733],[101.65602,2.91708],[101.65595,2.91684],[101.6559,2.9166],[101.65589,2.91629],[101.65592,2.91604],[101.65595,2.91594],[101.6561,2.91564],[101.65623,2.91548],[101.65645,2.91526],[101.65659,2.91516],[101.65676,2.91507],[101.65723,2.91485],[101.65717,2.91471],[101.65712,2.91459],[101.65678,2.91387],[101.65648,2.91328],[101.65638,2.91308],[101.65621,2.91274],[101.65613,2.91256],[101.65605,2.91235],[101.65601,2.91221],[101.65595,2.91196],[101.65591,2.91177],[101.65589,2.9116],[101.65588,2.9113],[101.65512,2.91131],[101.6545,2.91131],[101.65335,2.91131],[101.65233,2.91131],[101.65121,2.91131],[101.65119,2.91131],[101.65115,2.91166],[101.6511,2.91211],[101.65108,2.91275],[101.65113,2.91324],[101.65114,2.91336],[101.65125,2.91382],[101.65144,2.91451],[101.65149,2.91484],[101.6515,2.9152],[101.65149,2.91549],[101.65147,2.91567],[101.65144,2.91584],[101.65136,2.9162],[101.65129,2.91639],[101.65124,2.91638],[101.65118,2.91637],[101.65103,2.91637],[101.65082,2.91642],[101.65071,2.91646],[101.6505,2.91664],[101.65037,2.91685],[101.65031,2.91698],[101.65016,2.91736],[101.64985,2.91822],[101.64981,2.91832],[101.64968,2.91868],[101.6493,2.91851],[101.64868,2.91827],[101.64842,2.91818],[101.64779,2.91797],[101.64762,2.91851],[101.64747,2.91893],[101.6471,2.91991],[101.64696,2.92027],[101.64683,2.92064],[101.64678,2.92098],[101.64676,2.92124],[101.64675,2.92174],[101.64731,2.92155],[101.64788,2.92137],[101.64821,2.92129],[101.64849,2.92124],[101.64867,2.92124],[101.64867,2.92124],[101.64867,2.92124],[101.64879,2.92123],[101.64883,2.92123],[101.64885,2.92123],[101.64903,2.92119],[101.64938,2.92118],[101.64964,2.92118],[101.64992,2.9212],[101.65012,2.92122],[101.65036,2.92126],[101.6509,2.92138],[101.65179,2.92159],[101.65233,2.92171],[101.6538,2.92207],[101.65461,2.92226],[101.65512,2.9224],[101.65513,2.92232],[101.65523,2.92187],[101.65526,2.92175],[101.65528,2.92163],[101.65536,2.92133]],[[101.65407,2.91289],[101.65462,2.91273],[101.65474,2.91293],[101.65478,2.91299],[101.65485,2.9131],[101.65487,2.91314],[101.65496,2.91328],[101.65458,2.91353],[101.65445,2.91336],[101.65431,2.91319],[101.65407,2.91289]]]}},{"type":"Feature","properties":{"fid":189,"nama":"Cyberjaya","pdk_thn":583,"luas_h":0.45,"kpdt":1296,"unj_2025":0,"unj_2030":0,"unj_2035":0,"e_blok":"1007B072","pop_share":0.00179614,"recy_annual_t":16.165},"geometry":{"type":"Polygon","coordinates":[[[101.65474,2.91293],[101.65462,2.91273],[101.65407,2.91289],[101.65431,2.91319],[101.65445,2.91336],[101.65458,2.91353],[101.65496,2.91328],[101.65485,2.9131],[101.65474,2.91293]]]}},{"type":"Feature","properties":{"fid":190,"nama":"Cyberjaya","pdk_thn":784,"luas_h":2.94,"kpdt":267,"unj_2025":0,"unj_2030":0,"unj_2035":0,"e_blok":"1007B073","pop_share":0.002415392,"recy_annual_t":21.739},"geometry":{"type":"Polygon","coordinates":[[[101.64955,2.91714],[101.64959,2.91706],[101.64902,2.91706],[101.64893,2.91706],[101.64893,2.91675],[101.64805,2.91675],[101.64799,2.91708],[101.64795,2.91727],[101.6479,2.91747],[101.64779,2.91797],[101.64842,2.91818],[101.64868,2.91827],[101.6493,2.91851],[101.64968,2.91868],[101.64981,2.91832],[101.64985,2.91822],[101.64981,2.91809],[101.6498,2.91806],[101.64977,2.91804],[101.64957,2.91796],[101.64928,2.91785],[101.64942,2.91747],[101.64953,2.9172],[101.64953,2.91719],[101.64955,2.91714]]]}},{"type":"Feature","properties":{"fid":191,"nama":"Cyberjaya","pdk_thn":642,"luas_h":2.17,"kpdt":296,"unj_2025":0,"unj_2030":0,"unj_2035":0,"e_blok":"1007B074","pop_share":0.00197791,"recy_annual_t":17.801},"geometry":{"type":"Polygon","coordinates":[[[101.65016,2.91736],[101.65031,2.91698],[101.65037,2.91685],[101.65042,2.91677],[101.65026,2.91668],[101.65012,2.91657],[101.64987,2.91639],[101.64992,2.91632],[101.64998,2.91625],[101.64962,2.91625],[101.64962,2.91642],[101.64962,2.91646],[101.64907,2.91646],[101.6481,2.91646],[101.64805,2.91675],[101.64893,2.91675],[101.64893,2.91685],[101.64893,2.91691],[101.64893,2.91692],[101.64893,2.91698],[101.64893,2.91706],[101.64902,2.91706],[101.64959,2.91706],[101.64956,2.91712],[101.64955,2.91714],[101.64953,2.9172],[101.64942,2.91747],[101.64928,2.91785],[101.64957,2.91796],[101.64977,2.91804],[101.6498,2.91806],[101.64981,2.91809],[101.64985,2.91822],[101.65016,2.91736]]]}},{"type":"Feature","properties":{"fid":192,"nama":"Cyberjaya","pdk_thn":535,"luas_h":20.4,"kpdt":26,"unj_2025":0,"unj_2030":0,"unj_2035":0,"e_blok":"1007B075","pop_share":0.001648259,"recy_annual_t":14.834},"geometry":{"type":"Polygon","coordinates":[[[101.65103,2.91637],[101.65118,2.91637],[101.65124,2.91638],[101.65129,2.91639],[101.65136,2.9162],[101.65144,2.91584],[101.65147,2.91567],[101.65149,2.91549],[101.6515,2.9152],[101.65149,2.91484],[101.65144,2.91451],[101.65125,2.91382],[101.65114,2.91336],[101.65113,2.91324],[101.65108,2.91275],[101.6511,2.91211],[101.65115,2.91166],[101.65119,2.91131],[101.65102,2.91132],[101.65024,2.91125],[101.64988,2.91118],[101.64948,2.91108],[101.6493,2.91103],[101.64845,2.91076],[101.64844,2.91078],[101.64832,2.91112],[101.64817,2.91175],[101.64815,2.91194],[101.64813,2.91218],[101.64812,2.91249],[101.64814,2.91291],[101.64823,2.91361],[101.64824,2.9138],[101.64825,2.91431],[101.64823,2.91462],[101.64822,2.91491],[101.64821,2.91534],[101.64819,2.91555],[101.64814,2.91599],[101.64814,2.91599],[101.6481,2.91646],[101.64907,2.91646],[101.64962,2.91646],[101.64962,2.91642],[101.64962,2.91625],[101.64998,2.91625],[101.64992,2.91632],[101.64987,2.91639],[101.65012,2.91657],[101.65026,2.91668],[101.65042,2.91677],[101.6505,2.91664],[101.65071,2.91646],[101.65082,2.91642],[101.65103,2.91637]]]}},{"type":"Feature","properties":{"fid":193,"nama":"Cyberjaya","pdk_thn":523,"luas_h":213.31,"kpdt":2,"unj_2025":0,"unj_2030":0,"unj_2035":0,"e_blok":"1007B076","pop_share":0.001611288,"recy_annual_t":14.502},"geometry":{"type":"Polygon","coordinates":[[[101.66146,2.91132],[101.66197,2.9111],[101.66251,2.91085],[101.66398,2.91024],[101.66438,2.91007],[101.6645,2.91003],[101.66462,2.90998],[101.66467,2.90997],[101.66485,2.9099],[101.66509,2.90984],[101.66537,2.9098],[101.66581,2.90975],[101.6658,2.90953],[101.66579,2.90946],[101.66576,2.90924],[101.66555,2.90918],[101.66556,2.90909],[101.66517,2.9086],[101.66485,2.9084],[101.6642,2.90879],[101.66397,2.90885],[101.66382,2.90868],[101.66356,2.90804],[101.66356,2.90803],[101.66262,2.90817],[101.6626,2.90798],[101.66259,2.90769],[101.66221,2.90772],[101.66217,2.90773],[101.66215,2.90776],[101.66213,2.9078],[101.66213,2.90784],[101.66213,2.90816],[101.662,2.90846],[101.66167,2.90862],[101.66135,2.90862],[101.66132,2.90861],[101.66127,2.90858],[101.66124,2.90855],[101.66117,2.90848],[101.66112,2.90839],[101.66109,2.90827],[101.66103,2.90801],[101.66105,2.90802],[101.66123,2.90807],[101.66128,2.90808],[101.66133,2.90807],[101.66136,2.90804],[101.66138,2.908],[101.66148,2.90722],[101.66148,2.90719],[101.66154,2.9071],[101.66147,2.90682],[101.66171,2.90666],[101.65903,2.90728],[101.65903,2.90726],[101.65873,2.90641],[101.65848,2.90553],[101.6584,2.90517],[101.65825,2.90433],[101.6582,2.90406],[101.65816,2.90365],[101.65811,2.90284],[101.65808,2.90236],[101.65808,2.90155],[101.65807,2.90084],[101.658,2.89983],[101.65799,2.89921],[101.65801,2.89849],[101.65801,2.89803],[101.65807,2.89721],[101.65818,2.89619],[101.65851,2.8944],[101.65855,2.89423],[101.65859,2.89399],[101.65848,2.894],[101.65839,2.89398],[101.65735,2.894],[101.65732,2.8941],[101.65569,2.89422],[101.65545,2.89421],[101.65511,2.89425],[101.65385,2.89431],[101.65366,2.89432],[101.65278,2.89437],[101.6526,2.89437],[101.65195,2.89441],[101.65176,2.89442],[101.65138,2.89444],[101.65096,2.89446],[101.65069,2.89447],[101.65054,2.89448],[101.65029,2.89449],[101.6501,2.8945],[101.64971,2.89452],[101.6494,2.89452],[101.64914,2.89453],[101.64499,2.89467],[101.64483,2.89472],[101.64492,2.89496],[101.64508,2.89637],[101.64526,2.89722],[101.64538,2.89756],[101.64551,2.8979],[101.64567,2.89826],[101.64586,2.89862],[101.64618,2.89907],[101.6465,2.89941],[101.64691,2.89976],[101.64728,2.90001],[101.64899,2.90082],[101.64989,2.90122],[101.65123,2.90178],[101.65138,2.90185],[101.65152,2.90194],[101.65166,2.90205],[101.65189,2.90226],[101.65208,2.90254],[101.65228,2.90298],[101.65233,2.90314],[101.65237,2.90337],[101.6524,2.90369],[101.65241,2.90455],[101.65241,2.90467],[101.65237,2.9049],[101.65222,2.90535],[101.65161,2.90708],[101.65154,2.90733],[101.65152,2.90742],[101.6515,2.9079],[101.65153,2.90928],[101.65149,2.90955],[101.65128,2.91091],[101.65119,2.91131],[101.65121,2.91131],[101.65233,2.91131],[101.65335,2.91131],[101.6545,2.91131],[101.65512,2.91131],[101.65588,2.9113],[101.65613,2.91129],[101.65646,2.91129],[101.65663,2.9113],[101.65683,2.91131],[101.65707,2.91139],[101.6572,2.91143],[101.65737,2.91149],[101.65758,2.91158],[101.65774,2.91166],[101.65817,2.91186],[101.65829,2.91191],[101.65853,2.91199],[101.65868,2.91202],[101.65898,2.91206],[101.6591,2.91206],[101.65939,2.91205],[101.6595,2.91204],[101.65971,2.91201],[101.66036,2.91177],[101.66043,2.91174],[101.66076,2.91161],[101.66146,2.91132]]]}},{"type":"Feature","properties":{"fid":194,"nama":"Cyberjaya","pdk_thn":505,"luas_h":13.76,"kpdt":37,"unj_2025":0,"unj_2030":0,"unj_2035":0,"e_blok":"1007B077","pop_share":0.001555833,"recy_annual_t":14.002},"geometry":{"type":"Polygon","coordinates":[[[101.66213,2.90816],[101.66213,2.90784],[101.66213,2.9078],[101.66215,2.90776],[101.66217,2.90773],[101.66221,2.90772],[101.66259,2.90769],[101.6626,2.90798],[101.66262,2.90817],[101.66356,2.90803],[101.66357,2.90765],[101.66335,2.90614],[101.66355,2.90607],[101.66343,2.90553],[101.66316,2.9043],[101.66289,2.90405],[101.66218,2.90416],[101.66206,2.90417],[101.66215,2.90485],[101.66188,2.90487],[101.66187,2.90501],[101.66181,2.90587],[101.66181,2.90592],[101.66157,2.90594],[101.66141,2.90542],[101.65853,2.90573],[101.65873,2.90641],[101.65903,2.90726],[101.65903,2.90728],[101.66171,2.90666],[101.66147,2.90682],[101.66154,2.9071],[101.66148,2.90719],[101.66148,2.90722],[101.66138,2.908],[101.66136,2.90804],[101.66133,2.90807],[101.66128,2.90808],[101.66123,2.90807],[101.66105,2.90802],[101.66103,2.90801],[101.66109,2.90827],[101.66112,2.90839],[101.66117,2.90848],[101.66124,2.90855],[101.66127,2.90858],[101.66132,2.90861],[101.66135,2.90862],[101.66167,2.90862],[101.662,2.90846],[101.66213,2.90816]]]}},{"type":"Feature","properties":{"fid":195,"nama":"Pinggiran Cyberjaya","pdk_thn":664,"luas_h":90.18,"kpdt":7,"unj_2025":0,"unj_2030":0,"unj_2035":0,"e_blok":"1007B078","pop_share":0.002045689,"recy_annual_t":18.411},"geometry":{"type":"Polygon","coordinates":[[[101.66181,2.90587],[101.66187,2.90501],[101.66188,2.90487],[101.66215,2.90485],[101.66206,2.90417],[101.66218,2.90416],[101.66289,2.90405],[101.66125,2.90251],[101.66119,2.90246],[101.66118,2.90245],[101.66021,2.90154],[101.65984,2.89951],[101.6598,2.89934],[101.66111,2.89426],[101.6612,2.89389],[101.66122,2.89381],[101.66126,2.8938],[101.66127,2.8938],[101.66127,2.8938],[101.66205,2.89058],[101.66273,2.88978],[101.66347,2.88941],[101.66374,2.88906],[101.66374,2.88837],[101.66284,2.88699],[101.66272,2.88568],[101.66276,2.88561],[101.66277,2.88559],[101.66299,2.88529],[101.66371,2.88405],[101.66443,2.88281],[101.66523,2.88101],[101.66558,2.88026],[101.66557,2.88024],[101.66596,2.87956],[101.66604,2.87922],[101.66636,2.87809],[101.66657,2.87716],[101.66679,2.87648],[101.66662,2.87659],[101.66639,2.87676],[101.66587,2.87729],[101.66499,2.8786],[101.66374,2.88043],[101.66257,2.88209],[101.66197,2.88296],[101.66126,2.884],[101.6608,2.88473],[101.66058,2.88518],[101.6604,2.88555],[101.6602,2.88604],[101.65997,2.88669],[101.65981,2.88749],[101.65976,2.88772],[101.65976,2.88773],[101.65976,2.88774],[101.65895,2.89215],[101.65874,2.89324],[101.65859,2.89399],[101.65855,2.89423],[101.65851,2.8944],[101.65818,2.89619],[101.65807,2.89721],[101.65801,2.89803],[101.65801,2.89849],[101.65799,2.89921],[101.658,2.89983],[101.65807,2.90084],[101.65808,2.90155],[101.65808,2.90236],[101.65811,2.90284],[101.65816,2.90365],[101.6582,2.90406],[101.65825,2.90433],[101.6584,2.90517],[101.65848,2.90553],[101.65853,2.90573],[101.66141,2.90542],[101.66157,2.90594],[101.66181,2.90592],[101.66181,2.90587]]]}},{"type":"Feature","properties":{"fid":196,"nama":"Pinggiran Cyberjaya","pdk_thn":1297,"luas_h":1143.2,"kpdt":1,"unj_2025":0,"unj_2030":0,"unj_2035":0,"e_blok":"1007B079","pop_share":0.003995872,"recy_annual_t":35.963},"geometry":{"type":"Polygon","coordinates":[[[101.63459,2.89531],[101.63534,2.89474],[101.63577,2.8948],[101.63678,2.89447],[101.63858,2.89435],[101.63865,2.89439],[101.63868,2.89471],[101.63874,2.89479],[101.63992,2.8948],[101.64291,2.89476],[101.6436,2.89475],[101.64483,2.89472],[101.64499,2.89467],[101.64914,2.89453],[101.6494,2.89452],[101.64971,2.89452],[101.6501,2.8945],[101.65029,2.89449],[101.65054,2.89448],[101.65069,2.89447],[101.65096,2.89446],[101.65138,2.89444],[101.65176,2.89442],[101.65195,2.89441],[101.6526,2.89437],[101.65278,2.89437],[101.65366,2.89432],[101.65385,2.89431],[101.65511,2.89425],[101.65545,2.89421],[101.65569,2.89422],[101.65732,2.8941],[101.65735,2.894],[101.65839,2.89398],[101.65848,2.894],[101.65859,2.89399],[101.65874,2.89324],[101.65895,2.89215],[101.65976,2.88774],[101.65997,2.88669],[101.6602,2.88604],[101.6604,2.88555],[101.66058,2.88518],[101.6608,2.88473],[101.66126,2.884],[101.66197,2.88296],[101.66257,2.88209],[101.66337,2.88097],[101.66239,2.88031],[101.66136,2.87962],[101.66062,2.87919],[101.66046,2.87907],[101.65929,2.87867],[101.65805,2.87815],[101.65633,2.87763],[101.65507,2.87713],[101.6544,2.87673],[101.65454,2.8762],[101.65332,2.8757],[101.65287,2.87551],[101.65106,2.87467],[101.65125,2.87417],[101.65159,2.87333],[101.6519,2.87253],[101.6521,2.87201],[101.65242,2.87109],[101.65271,2.87037],[101.65316,2.86919],[101.65356,2.86813],[101.65402,2.86704],[101.6572,2.86833],[101.65745,2.86836],[101.65892,2.86903],[101.66155,2.87024],[101.66377,2.87125],[101.66516,2.86547],[101.64834,2.86602],[101.64588,2.86543],[101.64342,2.86542],[101.64183,2.86578],[101.64087,2.86537],[101.64058,2.86526],[101.64058,2.86526],[101.64058,2.86526],[101.64058,2.86526],[101.64053,2.86524],[101.64003,2.86601],[101.64003,2.86601],[101.63887,2.86529],[101.63883,2.86527],[101.6386,2.86546],[101.63855,2.86547],[101.63814,2.86553],[101.63807,2.86555],[101.638,2.86557],[101.63793,2.86557],[101.63785,2.86557],[101.63778,2.86556],[101.63771,2.86555],[101.63764,2.86553],[101.63758,2.8655],[101.63751,2.86546],[101.63746,2.86542],[101.6374,2.86538],[101.63735,2.86533],[101.63731,2.86527],[101.63727,2.86521],[101.63723,2.86515],[101.63721,2.86508],[101.63718,2.86501],[101.63717,2.86494],[101.63716,2.86487],[101.63716,2.8648],[101.63717,2.86473],[101.63718,2.86467],[101.63719,2.86466],[101.6373,2.86445],[101.63757,2.86394],[101.63765,2.86379],[101.63776,2.86362],[101.63777,2.86361],[101.63777,2.8636],[101.63779,2.86354],[101.6378,2.86348],[101.63786,2.86337],[101.63787,2.86335],[101.63778,2.86331],[101.63766,2.86321],[101.63759,2.86314],[101.63754,2.8631],[101.63751,2.86306],[101.63748,2.86303],[101.63746,2.86296],[101.63747,2.86288],[101.63752,2.86279],[101.63755,2.86244],[101.63758,2.86211],[101.63752,2.86209],[101.63744,2.86207],[101.63694,2.86214],[101.63689,2.86214],[101.63684,2.86214],[101.63677,2.8621],[101.63646,2.86271],[101.6364,2.86282],[101.63557,2.86439],[101.63453,2.86638],[101.63382,2.86727],[101.63328,2.86832],[101.63095,2.87332],[101.63077,2.8737],[101.63058,2.87408],[101.63039,2.87446],[101.63019,2.87483],[101.62999,2.8752],[101.62978,2.87557],[101.62956,2.87593],[101.62935,2.87629],[101.62912,2.87665],[101.62889,2.87701],[101.6286,2.87753],[101.6283,2.87805],[101.6281,2.87845],[101.6277,2.87922],[101.62519,2.88313],[101.62491,2.88367],[101.62489,2.88372],[101.6246,2.88428],[101.62419,2.88479],[101.62392,2.88506],[101.62392,2.88507],[101.62202,2.88827],[101.6188,2.89435],[101.61878,2.89438],[101.61862,2.89471],[101.62975,2.89512],[101.62978,2.89479],[101.63018,2.89495],[101.63099,2.89503],[101.63277,2.89503],[101.63285,2.89509],[101.63293,2.89522],[101.63311,2.89512],[101.6332,2.89525],[101.63353,2.8957],[101.63459,2.89531]]]}},{"type":"Feature","properties":{"fid":197,"nama":"Pinggiran Cyberjaya","pdk_thn":580,"luas_h":12.22,"kpdt":47,"unj_2025":0,"unj_2030":0,"unj_2035":0,"e_blok":"1007B080","pop_share":0.001786897,"recy_annual_t":16.082},"geometry":{"type":"Polygon","coordinates":[[[101.65605,2.86847],[101.65674,2.86828],[101.6572,2.86833],[101.65402,2.86704],[101.65356,2.86813],[101.65316,2.86919],[101.65271,2.87037],[101.65242,2.87109],[101.655,2.87205],[101.65485,2.8711],[101.65495,2.87002],[101.65506,2.86981],[101.65553,2.86893],[101.65558,2.86889],[101.65605,2.86847]]]}},{"type":"Feature","properties":{"fid":198,"nama":"Pinggiran Cyberjaya","pdk_thn":451,"luas_h":13.72,"kpdt":33,"unj_2025":0,"unj_2030":0,"unj_2035":0,"e_blok":"1007B081","pop_share":0.001389466,"recy_annual_t":12.505},"geometry":{"type":"Polygon","coordinates":[[[101.655,2.87205],[101.65242,2.87109],[101.6521,2.87201],[101.6519,2.87253],[101.65159,2.87333],[101.65125,2.87417],[101.65357,2.87504],[101.65472,2.87549],[101.65479,2.87521],[101.6549,2.87478],[101.65494,2.87456],[101.65511,2.87371],[101.65509,2.8728],[101.65509,2.87258],[101.655,2.87205]]]}},{"type":"Feature","properties":{"fid":199,"nama":"Pinggiran Cyberjaya","pdk_thn":1494,"luas_h":203.42,"kpdt":7,"unj_2025":0,"unj_2030":0,"unj_2035":0,"e_blok":"1007B082","pop_share":0.004602801,"recy_annual_t":41.425},"geometry":{"type":"Polygon","coordinates":[[[101.66697,2.87617],[101.66742,2.87547],[101.66773,2.87497],[101.66875,2.87334],[101.66888,2.87313],[101.66914,2.87272],[101.67049,2.87056],[101.67071,2.87021],[101.67077,2.87011],[101.67199,2.86815],[101.67219,2.86827],[101.67295,2.86895],[101.67344,2.86934],[101.67411,2.86896],[101.67432,2.86866],[101.67479,2.86816],[101.67406,2.86756],[101.67363,2.86718],[101.6731,2.86675],[101.67334,2.86633],[101.67374,2.8659],[101.67414,2.8655],[101.67412,2.86549],[101.67407,2.86539],[101.67403,2.86533],[101.674,2.8653],[101.67393,2.8652],[101.67385,2.86515],[101.67379,2.86512],[101.67288,2.86502],[101.67289,2.86476],[101.67204,2.86464],[101.67179,2.86493],[101.67037,2.86489],[101.67002,2.86477],[101.66965,2.86455],[101.66917,2.86485],[101.66824,2.8662],[101.66756,2.86618],[101.66782,2.86583],[101.66815,2.86538],[101.66815,2.86538],[101.66516,2.86547],[101.66377,2.87125],[101.66155,2.87024],[101.65892,2.86903],[101.65745,2.86836],[101.6572,2.86833],[101.65674,2.86828],[101.65605,2.86847],[101.65558,2.86889],[101.65553,2.86893],[101.65506,2.86981],[101.65495,2.87002],[101.65485,2.8711],[101.655,2.87205],[101.65509,2.87258],[101.65509,2.8728],[101.65511,2.87371],[101.65494,2.87456],[101.6549,2.87478],[101.65479,2.87521],[101.65472,2.87549],[101.65357,2.87504],[101.65125,2.87417],[101.65106,2.87467],[101.65287,2.87551],[101.65332,2.8757],[101.65454,2.8762],[101.6544,2.87673],[101.65507,2.87713],[101.65633,2.87763],[101.65805,2.87815],[101.65929,2.87867],[101.66046,2.87907],[101.66062,2.87919],[101.66136,2.87962],[101.66239,2.88031],[101.66337,2.88097],[101.66374,2.88043],[101.66499,2.8786],[101.66587,2.87729],[101.66639,2.87676],[101.66662,2.87659],[101.66679,2.87648],[101.66697,2.87617]],[[101.67254,2.86725],[101.67287,2.86671],[101.6725,2.86733],[101.67254,2.86725]]]}},{"type":"Feature","properties":{"fid":200,"nama":"Ampar Tenang","pdk_thn":1142,"luas_h":10.87,"kpdt":105,"unj_2025":0,"unj_2030":0,"unj_2035":0,"e_blok":"1007B083","pop_share":0.003518339,"recy_annual_t":31.665},"geometry":{"type":"Polygon","coordinates":[[[101.67228,2.87424],[101.6727,2.87355],[101.67297,2.87375],[101.67306,2.87361],[101.67322,2.87337],[101.67345,2.873],[101.673,2.87266],[101.67244,2.87224],[101.67244,2.87224],[101.67244,2.87223],[101.67244,2.87223],[101.67206,2.87196],[101.67206,2.87196],[101.67185,2.8718],[101.67144,2.87148],[101.67152,2.87135],[101.6714,2.87126],[101.67049,2.87056],[101.66914,2.87272],[101.66914,2.87272],[101.66909,2.8728],[101.66888,2.87313],[101.67028,2.87398],[101.67053,2.87358],[101.67066,2.87365],[101.67093,2.87382],[101.67132,2.87403],[101.6718,2.87413],[101.67228,2.87424]]]}},{"type":"Feature","properties":{"fid":201,"nama":"Ampar Tenang","pdk_thn":743,"luas_h":41.08,"kpdt":18,"unj_2025":0,"unj_2030":0,"unj_2035":0,"e_blok":"1007B084","pop_share":0.002289077,"recy_annual_t":20.602},"geometry":{"type":"Polygon","coordinates":[[[101.66958,2.87961],[101.67061,2.87821],[101.67064,2.87823],[101.67271,2.87578],[101.6749,2.87206],[101.6748,2.87135],[101.67462,2.87096],[101.67376,2.87094],[101.67304,2.87118],[101.6725,2.87143],[101.67237,2.87134],[101.67215,2.87117],[101.67077,2.87011],[101.67071,2.87021],[101.67049,2.87056],[101.6714,2.87126],[101.67152,2.87135],[101.67144,2.87148],[101.67206,2.87196],[101.67244,2.87223],[101.67244,2.87224],[101.67244,2.87224],[101.673,2.87266],[101.67345,2.873],[101.67322,2.87337],[101.67306,2.87361],[101.67297,2.87375],[101.6727,2.87355],[101.67228,2.87424],[101.6718,2.87413],[101.67132,2.87403],[101.67093,2.87382],[101.67066,2.87365],[101.67053,2.87358],[101.67028,2.87398],[101.66888,2.87313],[101.66773,2.87497],[101.66773,2.87497],[101.66767,2.87506],[101.66742,2.87547],[101.66697,2.87617],[101.66679,2.87648],[101.66657,2.87716],[101.66641,2.87787],[101.66636,2.87809],[101.66635,2.87812],[101.6664,2.87814],[101.66653,2.87822],[101.66664,2.87829],[101.66719,2.87872],[101.66816,2.87944],[101.66851,2.8797],[101.66917,2.88017],[101.66927,2.88003],[101.66958,2.87961]]]}},{"type":"Feature","properties":{"fid":202,"nama":"Ampar Tenang","pdk_thn":856,"luas_h":128.55,"kpdt":7,"unj_2025":0,"unj_2030":0,"unj_2035":0,"e_blok":"1007B085","pop_share":0.002637214,"recy_annual_t":23.735},"geometry":{"type":"Polygon","coordinates":[[[101.68776,2.88527],[101.68753,2.88423],[101.68737,2.88369],[101.6866,2.88285],[101.68578,2.88201],[101.68523,2.88134],[101.68454,2.88067],[101.68314,2.87893],[101.6825,2.87791],[101.68138,2.87567],[101.68095,2.87422],[101.68079,2.87375],[101.67757,2.87142],[101.67723,2.87115],[101.67656,2.87059],[101.67618,2.87026],[101.67563,2.8698],[101.67557,2.86978],[101.67552,2.86981],[101.67542,2.86994],[101.67532,2.86986],[101.67412,2.86894],[101.67411,2.86896],[101.67344,2.86934],[101.67295,2.86895],[101.67219,2.86827],[101.67199,2.86815],[101.67077,2.87011],[101.67248,2.87142],[101.6725,2.87143],[101.67304,2.87118],[101.67376,2.87094],[101.67462,2.87096],[101.6748,2.87135],[101.6749,2.87206],[101.67271,2.87578],[101.67292,2.87577],[101.67271,2.87578],[101.67064,2.87823],[101.67061,2.87821],[101.66958,2.87961],[101.66917,2.88017],[101.66851,2.8797],[101.66816,2.87944],[101.66719,2.87872],[101.66664,2.87829],[101.66653,2.87822],[101.6664,2.87814],[101.66635,2.87812],[101.66604,2.87922],[101.6699,2.88219],[101.66991,2.88216],[101.67135,2.8833],[101.67143,2.88295],[101.67174,2.88168],[101.67198,2.88024],[101.67246,2.87941],[101.67463,2.87606],[101.6746,2.87613],[101.67477,2.87743],[101.67478,2.87749],[101.67503,2.87796],[101.67497,2.87841],[101.67517,2.87883],[101.67497,2.87931],[101.67502,2.87975],[101.67539,2.87972],[101.67539,2.87974],[101.67547,2.87973],[101.67547,2.87974],[101.67556,2.87974],[101.67543,2.88084],[101.67542,2.88112],[101.67616,2.88112],[101.6766,2.88112],[101.67663,2.88099],[101.6785,2.87916],[101.67856,2.8791],[101.6796,2.87967],[101.67959,2.88009],[101.6808,2.88006],[101.68071,2.88112],[101.68072,2.88162],[101.68177,2.88163],[101.68262,2.8819],[101.68324,2.8819],[101.68358,2.88181],[101.68415,2.88154],[101.68488,2.88176],[101.68512,2.88322],[101.68521,2.88393],[101.68614,2.88472],[101.68697,2.88468],[101.68708,2.88536],[101.68776,2.88527]]]}},{"type":"Feature","properties":{"fid":203,"nama":"Ampar Tenang","pdk_thn":1362,"luas_h":34.89,"kpdt":39,"unj_2025":0,"unj_2030":0,"unj_2035":0,"e_blok":"1007B086","pop_share":0.004196127,"recy_annual_t":37.765},"geometry":{"type":"Polygon","coordinates":[[[101.68157,2.86978],[101.67941,2.86816],[101.67937,2.86812],[101.67869,2.86754],[101.67898,2.86724],[101.67906,2.86715],[101.67915,2.86706],[101.6793,2.86682],[101.6793,2.86682],[101.67858,2.86621],[101.67788,2.86565],[101.67746,2.86527],[101.67737,2.86539],[101.67712,2.86565],[101.67711,2.86565],[101.67687,2.8659],[101.67676,2.86601],[101.67675,2.86602],[101.67673,2.86606],[101.67657,2.86634],[101.67647,2.86652],[101.67641,2.86662],[101.67631,2.86675],[101.67616,2.86696],[101.67605,2.86708],[101.6759,2.86697],[101.67584,2.86704],[101.67514,2.86779],[101.67479,2.86816],[101.67432,2.86866],[101.67412,2.86894],[101.67532,2.86986],[101.67542,2.86994],[101.67552,2.86981],[101.67557,2.86978],[101.67563,2.8698],[101.67618,2.87026],[101.67656,2.87059],[101.67723,2.87115],[101.67757,2.87142],[101.68079,2.87375],[101.68079,2.87323],[101.68091,2.87239],[101.68097,2.87171],[101.68094,2.87098],[101.68099,2.87069],[101.68123,2.87021],[101.68146,2.87],[101.68157,2.86978]]]}},{"type":"Feature","properties":{"fid":204,"nama":"Ampar Tenang","pdk_thn":1003,"luas_h":536.78,"kpdt":2,"unj_2025":0,"unj_2030":0,"unj_2035":0,"e_blok":"1007B087","pop_share":0.0030901,"recy_annual_t":27.811},"geometry":{"type":"Polygon","coordinates":[[[101.69649,2.89349],[101.69767,2.8929],[101.6988,2.89281],[101.6997,2.89244],[101.6997,2.89244],[101.69958,2.89231],[101.70028,2.89192],[101.70216,2.88988],[101.70217,2.88987],[101.70276,2.88923],[101.70296,2.88902],[101.70283,2.88899],[101.70385,2.88769],[101.70549,2.88607],[101.70561,2.88595],[101.69626,2.8787],[101.69666,2.87789],[101.69666,2.87789],[101.69667,2.87785],[101.69632,2.87761],[101.69607,2.87741],[101.6959,2.87724],[101.69572,2.877],[101.69553,2.8766],[101.69533,2.87609],[101.6952,2.87572],[101.69514,2.87538],[101.69514,2.87518],[101.69519,2.87487],[101.6952,2.87468],[101.69517,2.87452],[101.69511,2.87436],[101.69498,2.87422],[101.6948,2.87407],[101.6947,2.87396],[101.69461,2.87382],[101.69413,2.87242],[101.69393,2.87167],[101.69371,2.8709],[101.69324,2.86882],[101.6932,2.86867],[101.69312,2.86809],[101.69305,2.8676],[101.69253,2.86375],[101.6925,2.86367],[101.69246,2.86354],[101.69243,2.86344],[101.6924,2.86334],[101.69238,2.8633],[101.69235,2.8632],[101.69228,2.86303],[101.69221,2.86286],[101.69213,2.86269],[101.69208,2.86259],[101.69205,2.86253],[101.69205,2.86252],[101.69204,2.86252],[101.69196,2.86236],[101.69189,2.86225],[101.69188,2.86223],[101.69185,2.86218],[101.69175,2.86202],[101.69163,2.86185],[101.69139,2.86152],[101.69138,2.86152],[101.69138,2.86151],[101.69102,2.86112],[101.691,2.86109],[101.69089,2.86099],[101.69084,2.86095],[101.69053,2.86068],[101.69027,2.86047],[101.68796,2.85873],[101.68744,2.85833],[101.68609,2.85729],[101.68587,2.85713],[101.68436,2.85604],[101.68374,2.85561],[101.68348,2.85543],[101.68328,2.85528],[101.68281,2.855],[101.68271,2.85495],[101.6825,2.8549],[101.68238,2.8549],[101.68218,2.85493],[101.6821,2.85496],[101.6818,2.85517],[101.68173,2.85522],[101.68152,2.8554],[101.68152,2.85541],[101.68177,2.85575],[101.68187,2.85588],[101.68201,2.85605],[101.68239,2.8561],[101.68282,2.85616],[101.683,2.85622],[101.68309,2.85626],[101.68365,2.85718],[101.68365,2.85725],[101.68365,2.85725],[101.68365,2.85725],[101.68365,2.85754],[101.68365,2.85832],[101.68365,2.85842],[101.68374,2.85979],[101.68399,2.86066],[101.68417,2.861],[101.68417,2.86101],[101.68434,2.86132],[101.68449,2.86161],[101.68461,2.86199],[101.68472,2.86236],[101.68475,2.86276],[101.68469,2.86308],[101.68466,2.86314],[101.68462,2.86319],[101.68435,2.86363],[101.68421,2.86384],[101.68419,2.86388],[101.68419,2.86393],[101.6842,2.86457],[101.6842,2.86466],[101.68421,2.86493],[101.68412,2.8652],[101.6841,2.86527],[101.68406,2.86532],[101.68367,2.86582],[101.68361,2.86591],[101.68324,2.86622],[101.68314,2.86633],[101.68298,2.86652],[101.6827,2.8673],[101.68235,2.86751],[101.68215,2.8675],[101.68168,2.86775],[101.68151,2.86801],[101.68145,2.86837],[101.68181,2.86921],[101.6816,2.86971],[101.68157,2.86978],[101.68146,2.87],[101.68123,2.87021],[101.68099,2.87069],[101.68094,2.87098],[101.68097,2.87171],[101.68091,2.87239],[101.68079,2.87323],[101.68079,2.87375],[101.68095,2.87422],[101.68138,2.87567],[101.6825,2.87791],[101.68314,2.87893],[101.68454,2.88067],[101.68523,2.88134],[101.68578,2.88201],[101.6866,2.88285],[101.68737,2.88369],[101.68753,2.88423],[101.68776,2.88527],[101.68708,2.88536],[101.68709,2.8854],[101.68745,2.8876],[101.68808,2.88929],[101.68836,2.89176],[101.68992,2.89309],[101.69183,2.89318],[101.69427,2.89301],[101.69649,2.89349]]]}},{"type":"Feature","properties":{"fid":205,"nama":"Ampar Tenang","pdk_thn":1329,"luas_h":35.18,"kpdt":38,"unj_2025":0,"unj_2030":0,"unj_2035":0,"e_blok":"1007B088","pop_share":0.004094459,"recy_annual_t":36.85},"geometry":{"type":"Polygon","coordinates":[[[101.68472,2.86236],[101.68461,2.86199],[101.68456,2.86184],[101.68449,2.86161],[101.68434,2.86132],[101.68417,2.86101],[101.68417,2.861],[101.68399,2.86066],[101.68374,2.85979],[101.68365,2.85842],[101.68365,2.85832],[101.68365,2.85754],[101.68365,2.85725],[101.68365,2.85725],[101.68365,2.85725],[101.68365,2.85718],[101.68309,2.85626],[101.683,2.85622],[101.68282,2.85616],[101.68239,2.8561],[101.68201,2.85605],[101.68187,2.85588],[101.68177,2.85575],[101.68152,2.85541],[101.68152,2.8554],[101.68126,2.85562],[101.68112,2.8558],[101.68105,2.85591],[101.68097,2.85607],[101.68091,2.85627],[101.68089,2.85632],[101.68085,2.85645],[101.68081,2.85658],[101.68077,2.85672],[101.68074,2.85685],[101.68071,2.85699],[101.68069,2.85705],[101.68067,2.85711],[101.68065,2.85717],[101.68065,2.85724],[101.68064,2.8573],[101.68059,2.85743],[101.68059,2.85744],[101.68056,2.8575],[101.68054,2.85755],[101.68053,2.85756],[101.68047,2.85767],[101.68041,2.85779],[101.68035,2.8579],[101.68034,2.85791],[101.68033,2.85793],[101.68029,2.85799],[101.68027,2.85802],[101.68019,2.85813],[101.68011,2.85823],[101.68002,2.85833],[101.67988,2.85845],[101.67947,2.85871],[101.6792,2.85883],[101.67878,2.85935],[101.67867,2.85949],[101.67884,2.85961],[101.67898,2.85971],[101.67922,2.85988],[101.67841,2.86098],[101.67878,2.86126],[101.67922,2.8616],[101.67934,2.86168],[101.67982,2.8621],[101.67994,2.86221],[101.68031,2.86247],[101.68058,2.86217],[101.68058,2.86217],[101.68101,2.86251],[101.68128,2.86221],[101.68141,2.86232],[101.68178,2.86262],[101.68202,2.86217],[101.68246,2.8626],[101.68247,2.86261],[101.68433,2.86362],[101.68435,2.86363],[101.68462,2.86319],[101.68466,2.86314],[101.68469,2.86308],[101.68475,2.86276],[101.68472,2.86236]]]}},{"type":"Feature","properties":{"fid":206,"nama":"Ampar Tenang","pdk_thn":1125,"luas_h":10.05,"kpdt":112,"unj_2025":0,"unj_2030":0,"unj_2035":0,"e_blok":"1007B089","pop_share":0.003465964,"recy_annual_t":31.194},"geometry":{"type":"Polygon","coordinates":[[[101.68421,2.86384],[101.68435,2.86363],[101.68433,2.86362],[101.68246,2.8626],[101.68202,2.86217],[101.68178,2.86262],[101.68141,2.86232],[101.68128,2.86221],[101.68101,2.86251],[101.68058,2.86217],[101.68058,2.86217],[101.68058,2.86218],[101.68053,2.86223],[101.67989,2.86293],[101.67989,2.86293],[101.68033,2.86328],[101.68101,2.86381],[101.68114,2.86391],[101.68118,2.86381],[101.68137,2.86392],[101.68137,2.86398],[101.68133,2.86431],[101.68134,2.86431],[101.68165,2.86449],[101.68236,2.86493],[101.68253,2.86505],[101.68283,2.86525],[101.68322,2.86552],[101.68354,2.86574],[101.68367,2.86582],[101.68406,2.86532],[101.6841,2.86527],[101.68412,2.8652],[101.68421,2.86493],[101.6842,2.86466],[101.6842,2.86457],[101.68419,2.86393],[101.68419,2.86388],[101.68421,2.86384]]]}},{"type":"Feature","properties":{"fid":207,"nama":"Ampar Tenang","pdk_thn":853,"luas_h":23.23,"kpdt":37,"unj_2025":0,"unj_2030":0,"unj_2035":0,"e_blok":"1007B090","pop_share":0.002627971,"recy_annual_t":23.652},"geometry":{"type":"Polygon","coordinates":[[[101.68168,2.86775],[101.68215,2.8675],[101.68235,2.86751],[101.6827,2.8673],[101.68298,2.86652],[101.68314,2.86633],[101.68324,2.86622],[101.68361,2.86591],[101.68367,2.86582],[101.68354,2.86574],[101.68322,2.86552],[101.68283,2.86525],[101.68253,2.86505],[101.68236,2.86493],[101.68165,2.86449],[101.68134,2.86431],[101.68133,2.86431],[101.68137,2.86398],[101.68137,2.86392],[101.68118,2.86381],[101.68114,2.86391],[101.68101,2.86381],[101.68033,2.86328],[101.67989,2.86293],[101.6799,2.86292],[101.68031,2.86247],[101.67994,2.86221],[101.67982,2.8621],[101.67934,2.86168],[101.67922,2.8616],[101.67878,2.86126],[101.67841,2.86098],[101.67922,2.85988],[101.67898,2.85971],[101.67884,2.85961],[101.67867,2.85949],[101.67787,2.8606],[101.67756,2.86104],[101.67716,2.86157],[101.67712,2.86163],[101.67726,2.86174],[101.67771,2.86213],[101.67791,2.8623],[101.67812,2.86247],[101.67824,2.86258],[101.6785,2.8628],[101.67874,2.86298],[101.67895,2.86316],[101.67895,2.86316],[101.67958,2.86365],[101.68001,2.86398],[101.68081,2.86461],[101.68088,2.86467],[101.68093,2.86471],[101.68086,2.8648],[101.68084,2.86483],[101.6808,2.86488],[101.68078,2.86491],[101.68053,2.86528],[101.68051,2.86532],[101.68028,2.86563],[101.68008,2.86588],[101.67975,2.86632],[101.67939,2.86672],[101.6793,2.86682],[101.67915,2.86706],[101.67906,2.86715],[101.67898,2.86724],[101.67869,2.86754],[101.67941,2.86816],[101.68157,2.86978],[101.6816,2.86971],[101.68181,2.86921],[101.68145,2.86837],[101.68151,2.86801],[101.68168,2.86775]]]}},{"type":"Feature","properties":{"fid":208,"nama":"Ampar Tenang","pdk_thn":901,"luas_h":7.56,"kpdt":119,"unj_2025":0,"unj_2030":0,"unj_2035":0,"e_blok":"1007B091","pop_share":0.002775852,"recy_annual_t":24.983},"geometry":{"type":"Polygon","coordinates":[[[101.68081,2.86461],[101.68001,2.86398],[101.67958,2.86365],[101.67948,2.86378],[101.67917,2.86417],[101.67917,2.86417],[101.67916,2.86419],[101.67855,2.86367],[101.67854,2.86368],[101.6785,2.86374],[101.67815,2.86422],[101.67814,2.86422],[101.6781,2.86428],[101.67799,2.86442],[101.67782,2.86462],[101.67765,2.86485],[101.67764,2.86492],[101.67762,2.86503],[101.67746,2.86527],[101.67788,2.86565],[101.67858,2.86621],[101.6793,2.86682],[101.67939,2.86672],[101.67975,2.86632],[101.68008,2.86588],[101.68028,2.86563],[101.68051,2.86532],[101.68053,2.86528],[101.68078,2.86491],[101.6808,2.86488],[101.68084,2.86483],[101.68086,2.8648],[101.68093,2.86471],[101.68088,2.86467],[101.68081,2.86461]]]}},{"type":"Feature","properties":{"fid":209,"nama":"Ampar Tenang","pdk_thn":790,"luas_h":11.37,"kpdt":69,"unj_2025":0,"unj_2030":0,"unj_2035":0,"e_blok":"1007B092","pop_share":0.002433877,"recy_annual_t":21.905},"geometry":{"type":"Polygon","coordinates":[[[101.67854,2.86368],[101.67855,2.86367],[101.67916,2.86419],[101.67917,2.86417],[101.67917,2.86417],[101.67948,2.86378],[101.67958,2.86365],[101.67895,2.86316],[101.67895,2.86316],[101.67874,2.86298],[101.6785,2.8628],[101.67824,2.86258],[101.67812,2.86247],[101.67791,2.8623],[101.67771,2.86213],[101.67726,2.86174],[101.67712,2.86163],[101.67704,2.86174],[101.67703,2.86176],[101.67699,2.8618],[101.67692,2.8619],[101.67631,2.86271],[101.67631,2.86271],[101.6763,2.86272],[101.67626,2.86277],[101.6761,2.86297],[101.67606,2.86303],[101.67599,2.86314],[101.67567,2.86356],[101.6752,2.86412],[101.67495,2.86437],[101.67488,2.86445],[101.67502,2.86458],[101.67529,2.8648],[101.67545,2.86494],[101.67552,2.86499],[101.67591,2.86532],[101.67597,2.86537],[101.67609,2.86547],[101.67639,2.86572],[101.67658,2.86589],[101.67675,2.86602],[101.67676,2.86601],[101.67687,2.8659],[101.67711,2.86565],[101.67712,2.86565],[101.67737,2.86539],[101.67746,2.86527],[101.67762,2.86503],[101.67764,2.86492],[101.67765,2.86485],[101.67782,2.86462],[101.67799,2.86442],[101.6781,2.86428],[101.67814,2.86422],[101.67815,2.86422],[101.6785,2.86374],[101.67854,2.86368]]]}},{"type":"Feature","properties":{"fid":210,"nama":"Ampar Tenang","pdk_thn":994,"luas_h":27.61,"kpdt":36,"unj_2025":0,"unj_2030":0,"unj_2035":0,"e_blok":"1007B093","pop_share":0.003062372,"recy_annual_t":27.561},"geometry":{"type":"Polygon","coordinates":[[[101.67514,2.86779],[101.6759,2.86697],[101.67605,2.86708],[101.67616,2.86696],[101.67641,2.86662],[101.67647,2.86652],[101.67657,2.86634],[101.67673,2.86606],[101.67675,2.86602],[101.67658,2.86589],[101.67639,2.86572],[101.67609,2.86547],[101.67597,2.86537],[101.67591,2.86532],[101.67552,2.86499],[101.67545,2.86494],[101.67529,2.8648],[101.67502,2.86458],[101.67488,2.86445],[101.67495,2.86437],[101.6752,2.86412],[101.67538,2.86391],[101.67567,2.86356],[101.67599,2.86314],[101.67606,2.86303],[101.6761,2.86297],[101.67626,2.86277],[101.6763,2.86272],[101.67631,2.86271],[101.67631,2.86271],[101.67672,2.86216],[101.6754,2.8621],[101.67413,2.86199],[101.6727,2.86172],[101.6723,2.86165],[101.67101,2.86288],[101.67019,2.86363],[101.66992,2.86388],[101.6693,2.86455],[101.66965,2.86455],[101.67002,2.86477],[101.67037,2.86489],[101.67179,2.86493],[101.67204,2.86464],[101.67289,2.86476],[101.67288,2.86502],[101.67379,2.86512],[101.67385,2.86515],[101.67393,2.8652],[101.674,2.8653],[101.67403,2.86533],[101.67407,2.86539],[101.67412,2.86549],[101.67414,2.8655],[101.67374,2.8659],[101.67334,2.86633],[101.6731,2.86675],[101.67363,2.86718],[101.67406,2.86756],[101.67479,2.86816],[101.67514,2.86779]]]}},{"type":"Feature","properties":{"fid":211,"nama":"Ampar Tenang","pdk_thn":1647,"luas_h":24.66,"kpdt":67,"unj_2025":0,"unj_2030":0,"unj_2035":0,"e_blok":"1007B094","pop_share":0.005074172,"recy_annual_t":45.668},"geometry":{"type":"Polygon","coordinates":[[[101.67716,2.86157],[101.67736,2.86131],[101.67736,2.86131],[101.67756,2.86104],[101.67789,2.8606],[101.67868,2.8595],[101.67893,2.85915],[101.6792,2.85883],[101.67895,2.85874],[101.67888,2.85872],[101.67864,2.85862],[101.67783,2.85833],[101.67765,2.85828],[101.67729,2.85819],[101.67717,2.85818],[101.677,2.85815],[101.67686,2.85812],[101.67679,2.8581],[101.67671,2.85808],[101.676,2.85798],[101.67568,2.85792],[101.67496,2.85783],[101.67493,2.85782],[101.67482,2.85781],[101.67402,2.85775],[101.67396,2.85776],[101.67387,2.85777],[101.67369,2.8578],[101.67335,2.85791],[101.6732,2.85793],[101.67296,2.85796],[101.67286,2.85797],[101.67286,2.85797],[101.67286,2.85797],[101.67309,2.85899],[101.67336,2.85938],[101.67353,2.85956],[101.67365,2.85979],[101.6737,2.86004],[101.6736,2.86041],[101.67341,2.86057],[101.67325,2.86081],[101.6723,2.86165],[101.6727,2.86172],[101.67413,2.86199],[101.6754,2.8621],[101.67672,2.86216],[101.67692,2.8619],[101.67699,2.8618],[101.67703,2.86176],[101.67704,2.86174],[101.67712,2.86163],[101.67716,2.86157]]]}},{"type":"Feature","properties":{"fid":212,"nama":"Ampar Tenang","pdk_thn":1373,"luas_h":136.27,"kpdt":10,"unj_2025":0,"unj_2030":0,"unj_2035":0,"e_blok":"1007B095","pop_share":0.004230017,"recy_annual_t":38.07},"geometry":{"type":"Polygon","coordinates":[[[101.68038,2.85785],[101.68045,2.85771],[101.68052,2.85758],[101.68053,2.85756],[101.68056,2.8575],[101.68059,2.85744],[101.68059,2.85744],[101.68064,2.8573],[101.68065,2.85724],[101.68065,2.85717],[101.68067,2.85711],[101.68069,2.85705],[101.68071,2.85699],[101.68074,2.85685],[101.68077,2.85672],[101.68081,2.85658],[101.68085,2.85645],[101.68089,2.85632],[101.68091,2.85627],[101.68097,2.85607],[101.68105,2.85591],[101.68112,2.8558],[101.68126,2.85562],[101.68152,2.8554],[101.68087,2.85429],[101.68084,2.85425],[101.68017,2.85324],[101.67946,2.85236],[101.6789,2.85148],[101.67856,2.85062],[101.67833,2.85062],[101.67815,2.85021],[101.67815,2.8502],[101.67811,2.84983],[101.6782,2.84914],[101.6782,2.84913],[101.67823,2.84881],[101.67784,2.84899],[101.67756,2.84912],[101.67683,2.84942],[101.67638,2.84956],[101.67599,2.84966],[101.67479,2.84995],[101.67359,2.85012],[101.67256,2.85017],[101.67211,2.85017],[101.67132,2.85014],[101.67011,2.84999],[101.66869,2.84967],[101.66819,2.84952],[101.66749,2.8493],[101.66616,2.84887],[101.66489,2.84856],[101.66449,2.84849],[101.66397,2.84844],[101.66289,2.84831],[101.66098,2.84838],[101.66091,2.84839],[101.65978,2.84857],[101.65952,2.84867],[101.65936,2.8487],[101.65914,2.84875],[101.65897,2.8488],[101.65892,2.84882],[101.65867,2.84889],[101.65836,2.849],[101.65805,2.8491],[101.65775,2.84921],[101.65744,2.84933],[101.65714,2.84946],[101.65685,2.84959],[101.65655,2.84972],[101.65626,2.84986],[101.65597,2.85001],[101.65568,2.85016],[101.6554,2.85032],[101.65511,2.85049],[101.65482,2.85067],[101.65453,2.85085],[101.65425,2.85104],[101.65397,2.85123],[101.6537,2.85143],[101.65343,2.85163],[101.65316,2.85184],[101.6529,2.85206],[101.65265,2.85227],[101.65238,2.85251],[101.65215,2.85274],[101.65215,2.85274],[101.65304,2.85364],[101.6533,2.8538],[101.6536,2.85389],[101.6536,2.85389],[101.65388,2.85384],[101.65416,2.85366],[101.65454,2.85332],[101.65492,2.85288],[101.65524,2.85262],[101.65551,2.85243],[101.65596,2.85223],[101.65653,2.85207],[101.65734,2.85188],[101.65801,2.85181],[101.65887,2.85177],[101.65965,2.85176],[101.66011,2.85162],[101.66047,2.85133],[101.6607,2.8511],[101.6611,2.85061],[101.66179,2.85021],[101.66226,2.84996],[101.66337,2.84956],[101.66363,2.84948],[101.66363,2.84948],[101.6659,2.84973],[101.66713,2.84979],[101.6676,2.84987],[101.66807,2.85015],[101.66924,2.85129],[101.66924,2.85129],[101.66925,2.8513],[101.66951,2.8516],[101.66952,2.85161],[101.67018,2.85198],[101.67045,2.85231],[101.67068,2.85284],[101.67086,2.85309],[101.67097,2.8539],[101.67096,2.85441],[101.67085,2.85487],[101.67071,2.85522],[101.67064,2.85548],[101.67065,2.85584],[101.67081,2.85666],[101.67086,2.85705],[101.67099,2.85743],[101.6712,2.85769],[101.67151,2.8579],[101.67203,2.85801],[101.67263,2.858],[101.67286,2.85797],[101.67341,2.85791],[101.67402,2.85775],[101.67482,2.85781],[101.67497,2.85783],[101.67671,2.85808],[101.67679,2.8581],[101.67686,2.85812],[101.67783,2.85833],[101.67895,2.85874],[101.6792,2.85883],[101.67947,2.85871],[101.67988,2.85845],[101.68002,2.85833],[101.68012,2.85822],[101.68021,2.8581],[101.68029,2.85799],[101.6803,2.85797],[101.68033,2.85793],[101.68035,2.8579],[101.68038,2.85785]]]}},{"type":"Feature","properties":{"fid":213,"nama":"Ampar Tenang","pdk_thn":979,"luas_h":447.42,"kpdt":2,"unj_2025":0,"unj_2030":0,"unj_2035":0,"e_blok":"1007B096","pop_share":0.003016159,"recy_annual_t":27.145},"geometry":{"type":"Polygon","coordinates":[[[101.66824,2.8662],[101.66917,2.86485],[101.66965,2.86455],[101.67038,2.86385],[101.67173,2.86258],[101.67293,2.86146],[101.67374,2.86062],[101.67374,2.86062],[101.67353,2.86059],[101.67364,2.86044],[101.6737,2.86028],[101.67374,2.8601],[101.67371,2.85991],[101.67365,2.85975],[101.67349,2.85948],[101.67335,2.85932],[101.6732,2.8591],[101.67309,2.85878],[101.67302,2.85851],[101.67294,2.85826],[101.67286,2.85797],[101.67307,2.85795],[101.67305,2.85789],[101.6729,2.85785],[101.6729,2.85785],[101.67216,2.85793],[101.67216,2.85793],[101.67153,2.85788],[101.67121,2.85786],[101.67081,2.85666],[101.67065,2.85584],[101.67064,2.85548],[101.67071,2.85522],[101.67085,2.85487],[101.67096,2.85441],[101.67097,2.8539],[101.67087,2.85309],[101.67069,2.85284],[101.67045,2.85231],[101.67018,2.85198],[101.66982,2.85177],[101.66951,2.8516],[101.66924,2.85129],[101.66808,2.85015],[101.6676,2.84987],[101.66714,2.84979],[101.6659,2.84973],[101.66363,2.84948],[101.66363,2.84948],[101.66337,2.84956],[101.66226,2.84996],[101.66179,2.85021],[101.6611,2.85061],[101.66071,2.8511],[101.66047,2.85133],[101.66011,2.85162],[101.65965,2.85176],[101.65888,2.85177],[101.65801,2.85181],[101.65734,2.85188],[101.65654,2.85207],[101.65597,2.85223],[101.65551,2.85243],[101.65524,2.85262],[101.65492,2.85288],[101.65454,2.85332],[101.65416,2.85366],[101.65389,2.85384],[101.6536,2.85389],[101.6536,2.85389],[101.6536,2.85389],[101.6533,2.8538],[101.65304,2.85364],[101.65215,2.85274],[101.65214,2.85272],[101.65214,2.85272],[101.65214,2.85272],[101.64993,2.85459],[101.64914,2.8553],[101.64782,2.85655],[101.64728,2.85711],[101.64713,2.85727],[101.64646,2.85796],[101.6458,2.85864],[101.64497,2.85956],[101.64423,2.86037],[101.64397,2.86071],[101.64335,2.8615],[101.64276,2.86226],[101.64205,2.86317],[101.64202,2.86321],[101.64178,2.86351],[101.64175,2.86356],[101.64174,2.86357],[101.64104,2.86446],[101.64053,2.86524],[101.64058,2.86526],[101.64058,2.86526],[101.64058,2.86526],[101.64058,2.86526],[101.64087,2.86537],[101.64183,2.86578],[101.64342,2.86542],[101.64588,2.86543],[101.64834,2.86602],[101.66516,2.86547],[101.66815,2.86538],[101.66782,2.86583],[101.66756,2.86618],[101.66824,2.8662]]]}},{"type":"Feature","properties":{"fid":214,"nama":"Ampar Tenang","pdk_thn":446,"luas_h":100.18,"kpdt":4,"unj_2025":0,"unj_2030":0,"unj_2035":0,"e_blok":"1007B097","pop_share":0.001374062,"recy_annual_t":12.367},"geometry":{"type":"Polygon","coordinates":[[[101.64133,2.85881],[101.64173,2.85808],[101.64256,2.85852],[101.64393,2.85589],[101.64461,2.8556],[101.64725,2.85709],[101.64725,2.85709],[101.64728,2.85711],[101.64782,2.85655],[101.64914,2.8553],[101.64993,2.85459],[101.65214,2.85272],[101.65214,2.85272],[101.65214,2.85272],[101.65198,2.85254],[101.65141,2.85187],[101.6513,2.85175],[101.6494,2.8495],[101.64758,2.84723],[101.64671,2.84615],[101.64574,2.84498],[101.64503,2.84634],[101.64315,2.84992],[101.64119,2.85367],[101.64043,2.85511],[101.63971,2.85648],[101.63949,2.85692],[101.6391,2.85765],[101.64045,2.8583],[101.64089,2.85856],[101.64133,2.85881]]]}},{"type":"Feature","properties":{"fid":215,"nama":"Ampar Tenang","pdk_thn":2602,"luas_h":976.71,"kpdt":3,"unj_2025":0,"unj_2030":0,"unj_2035":0,"e_blok":"1007B098","pop_share":0.00801639,"recy_annual_t":72.148},"geometry":{"type":"MultiPolygon","coordinates":[[[[101.65215,2.85274],[101.65238,2.85251],[101.65265,2.85227],[101.6529,2.85206],[101.65316,2.85184],[101.65343,2.85163],[101.6537,2.85143],[101.65397,2.85123],[101.65425,2.85104],[101.65453,2.85085],[101.65482,2.85067],[101.65511,2.85049],[101.6554,2.85032],[101.65568,2.85016],[101.65597,2.85001],[101.65626,2.84986],[101.65655,2.84972],[101.65685,2.84959],[101.65714,2.84946],[101.65744,2.84933],[101.65775,2.84921],[101.65805,2.8491],[101.65836,2.849],[101.65867,2.84889],[101.65892,2.84882],[101.65897,2.8488],[101.65914,2.84875],[101.65952,2.84867],[101.65978,2.84857],[101.66091,2.84839],[101.66098,2.84838],[101.66289,2.84831],[101.66397,2.84844],[101.66449,2.84849],[101.66489,2.84856],[101.66616,2.84887],[101.66749,2.8493],[101.66819,2.84952],[101.66869,2.84967],[101.67011,2.84999],[101.67132,2.85014],[101.67211,2.85017],[101.67256,2.85017],[101.67359,2.85012],[101.67479,2.84995],[101.67599,2.84966],[101.67638,2.84956],[101.67683,2.84942],[101.67756,2.84912],[101.67784,2.84899],[101.67823,2.84881],[101.67831,2.84877],[101.67849,2.84867],[101.67843,2.84825],[101.67836,2.84767],[101.67833,2.84762],[101.67776,2.84654],[101.6777,2.84572],[101.67787,2.84494],[101.6779,2.84483],[101.67789,2.84476],[101.67782,2.84377],[101.67778,2.84332],[101.67774,2.84286],[101.67788,2.84224],[101.67871,2.84176],[101.67932,2.84117],[101.67922,2.83964],[101.67915,2.83782],[101.67882,2.83644],[101.6775,2.83519],[101.67701,2.83437],[101.67651,2.83362],[101.68348,2.8336],[101.68373,2.83361],[101.68376,2.83353],[101.68383,2.83348],[101.68393,2.83346],[101.68455,2.83346],[101.68569,2.83345],[101.68578,2.83346],[101.68586,2.83347],[101.68809,2.83348],[101.68803,2.83307],[101.68796,2.83259],[101.68792,2.83227],[101.68774,2.83101],[101.68764,2.8288],[101.68762,2.82841],[101.68578,2.82845],[101.68552,2.82866],[101.67971,2.82866],[101.67972,2.82199],[101.67962,2.81912],[101.67961,2.81872],[101.67959,2.81638],[101.67833,2.81722],[101.67682,2.81832],[101.67406,2.82143],[101.6727,2.82231],[101.67154,2.82284],[101.67023,2.8232],[101.66724,2.8232],[101.66673,2.82293],[101.66538,2.82418],[101.66528,2.82344],[101.66499,2.82265],[101.66421,2.82226],[101.66296,2.82233],[101.66175,2.8229],[101.66119,2.82269],[101.6608,2.82464],[101.66065,2.82686],[101.66064,2.82898],[101.65735,2.83218],[101.65497,2.83448],[101.65334,2.83605],[101.65177,2.83757],[101.6494,2.83986],[101.64804,2.84117],[101.64584,2.84479],[101.64574,2.84498],[101.64671,2.84615],[101.64758,2.84723],[101.6494,2.8495],[101.6513,2.85175],[101.65141,2.85187],[101.65198,2.85254],[101.65214,2.85272],[101.65214,2.85272],[101.65214,2.85272],[101.65215,2.85274],[101.65215,2.85274]]],[[[101.64003,2.86601],[101.64104,2.86446],[101.64174,2.86357],[101.64175,2.86356],[101.64178,2.86351],[101.64202,2.86321],[101.64205,2.86317],[101.64276,2.86226],[101.64335,2.8615],[101.64397,2.86071],[101.64423,2.86037],[101.64471,2.85985],[101.64497,2.85956],[101.6458,2.85864],[101.64646,2.85796],[101.64713,2.85727],[101.64728,2.85711],[101.64725,2.85709],[101.64725,2.85709],[101.64461,2.8556],[101.64393,2.85589],[101.64256,2.85852],[101.64173,2.85808],[101.64133,2.85881],[101.64089,2.85856],[101.64045,2.8583],[101.6391,2.85765],[101.63876,2.8583],[101.63835,2.85909],[101.63726,2.86116],[101.63718,2.86132],[101.63677,2.8621],[101.63684,2.86214],[101.63689,2.86214],[101.63694,2.86214],[101.63744,2.86207],[101.63752,2.86209],[101.63758,2.86211],[101.63755,2.86244],[101.63752,2.86279],[101.63747,2.86288],[101.63746,2.86296],[101.63748,2.86303],[101.63751,2.86306],[101.63754,2.8631],[101.63759,2.86314],[101.63766,2.86321],[101.63778,2.86331],[101.63787,2.86335],[101.63786,2.86337],[101.6378,2.86348],[101.63779,2.86354],[101.63777,2.8636],[101.63777,2.86361],[101.63776,2.86362],[101.63765,2.86379],[101.63757,2.86394],[101.6373,2.86445],[101.63719,2.86466],[101.63718,2.86467],[101.63717,2.86473],[101.63716,2.8648],[101.63716,2.86487],[101.63717,2.86494],[101.63718,2.86501],[101.63721,2.86508],[101.63723,2.86515],[101.63727,2.86521],[101.63731,2.86527],[101.63735,2.86533],[101.6374,2.86538],[101.63746,2.86542],[101.63751,2.86546],[101.63758,2.8655],[101.63764,2.86553],[101.63771,2.86555],[101.63778,2.86556],[101.63785,2.86557],[101.63793,2.86557],[101.638,2.86557],[101.63807,2.86555],[101.63814,2.86553],[101.63855,2.86547],[101.6386,2.86546],[101.63883,2.86527],[101.63887,2.86529],[101.64003,2.86601],[101.64003,2.86601],[101.64003,2.86601]]]]}},{"type":"Feature","properties":{"fid":216,"nama":"Ampar Tenang","pdk_thn":713,"luas_h":155.01,"kpdt":5,"unj_2025":0,"unj_2030":0,"unj_2035":0,"e_blok":"1007B099","pop_share":0.002196651,"recy_annual_t":19.77},"geometry":{"type":"Polygon","coordinates":[[[101.68707,2.81944],[101.68706,2.81943],[101.68707,2.81943],[101.69004,2.81941],[101.69347,2.81941],[101.69346,2.81895],[101.69347,2.81778],[101.69347,2.81711],[101.69349,2.81693],[101.69352,2.81637],[101.69361,2.81572],[101.69382,2.81494],[101.694,2.8144],[101.69417,2.81386],[101.69434,2.81331],[101.6945,2.81277],[101.69468,2.81208],[101.69501,2.81113],[101.69526,2.81017],[101.69547,2.80902],[101.69558,2.80792],[101.69558,2.80696],[101.69546,2.80524],[101.6944,2.80511],[101.69131,2.805],[101.69098,2.80499],[101.68733,2.80995],[101.68648,2.81079],[101.68488,2.81267],[101.68312,2.81377],[101.68235,2.8144],[101.68102,2.81542],[101.67959,2.81638],[101.67961,2.81872],[101.67984,2.81827],[101.68028,2.81805],[101.68144,2.81746],[101.68249,2.81703],[101.68336,2.81679],[101.68666,2.81675],[101.68665,2.8174],[101.68665,2.81801],[101.68665,2.81909],[101.6866,2.81909],[101.68655,2.81911],[101.68651,2.81913],[101.68646,2.81915],[101.68642,2.81918],[101.68638,2.81922],[101.68635,2.81926],[101.68633,2.81931],[101.68631,2.81936],[101.6863,2.81941],[101.68629,2.81946],[101.68629,2.81951],[101.6863,2.81956],[101.68632,2.81961],[101.68634,2.81966],[101.68637,2.8197],[101.6864,2.81974],[101.68644,2.81978],[101.68648,2.81981],[101.68653,2.81983],[101.68658,2.81985],[101.68663,2.81986],[101.68668,2.81986],[101.68668,2.81986],[101.68673,2.81986],[101.68678,2.81985],[101.68683,2.81983],[101.68688,2.81981],[101.68692,2.81978],[101.68696,2.81974],[101.68699,2.8197],[101.68702,2.81966],[101.68704,2.81961],[101.68706,2.81956],[101.68707,2.81951],[101.68707,2.81946],[101.68707,2.81944]]]}},{"type":"Feature","properties":{"fid":217,"nama":"Ampar Tenang","pdk_thn":607,"luas_h":12.87,"kpdt":47,"unj_2025":0,"unj_2030":0,"unj_2035":0,"e_blok":"1007B100","pop_share":0.00187008,"recy_annual_t":16.831},"geometry":{"type":"Polygon","coordinates":[[[101.68668,2.82003],[101.68668,2.81986],[101.68663,2.81986],[101.68658,2.81985],[101.68653,2.81983],[101.68648,2.81981],[101.68644,2.81978],[101.6864,2.81974],[101.68637,2.8197],[101.68634,2.81966],[101.68632,2.81961],[101.6863,2.81956],[101.68629,2.81951],[101.68629,2.81946],[101.6863,2.81941],[101.68631,2.81936],[101.68633,2.81931],[101.68635,2.81926],[101.68638,2.81922],[101.68642,2.81918],[101.68646,2.81915],[101.68651,2.81913],[101.68655,2.81911],[101.6866,2.81909],[101.68665,2.81909],[101.68665,2.81801],[101.68665,2.8174],[101.68666,2.81675],[101.68336,2.81679],[101.68336,2.8174],[101.68339,2.81891],[101.68344,2.82002],[101.68421,2.82003],[101.68499,2.82002],[101.68574,2.82002],[101.68635,2.82003],[101.68668,2.82003]]]}},{"type":"Feature","properties":{"fid":218,"nama":"Ampar Tenang","pdk_thn":690,"luas_h":11.23,"kpdt":61,"unj_2025":0,"unj_2030":0,"unj_2035":0,"e_blok":"1007C001","pop_share":0.002125791,"recy_annual_t":19.132},"geometry":{"type":"Polygon","coordinates":[[[101.68668,2.82003],[101.68574,2.82002],[101.68499,2.82002],[101.68421,2.82003],[101.68344,2.82002],[101.68343,2.82281],[101.68422,2.82282],[101.68499,2.82282],[101.68573,2.82282],[101.6867,2.82282],[101.68668,2.82003]]]}},{"type":"Feature","properties":{"fid":219,"nama":"Ampar Tenang","pdk_thn":1070,"luas_h":132.87,"kpdt":8,"unj_2025":0,"unj_2030":0,"unj_2035":0,"e_blok":"1007C002","pop_share":0.003296517,"recy_annual_t":29.669},"geometry":{"type":"Polygon","coordinates":[[[101.68761,2.82654],[101.68763,2.82501],[101.68791,2.82501],[101.68863,2.82501],[101.68972,2.82501],[101.68972,2.82611],[101.68973,2.82651],[101.69081,2.82649],[101.69174,2.82648],[101.69343,2.82649],[101.69347,2.8262],[101.69351,2.82576],[101.69356,2.82532],[101.69358,2.82501],[101.6936,2.82474],[101.69362,2.82445],[101.69364,2.82401],[101.69364,2.82348],[101.69364,2.82334],[101.69364,2.82334],[101.69363,2.82313],[101.69352,2.82093],[101.69347,2.81941],[101.69188,2.81941],[101.69004,2.81941],[101.68707,2.81943],[101.68707,2.81944],[101.68707,2.81946],[101.68707,2.81951],[101.68706,2.81956],[101.68704,2.81961],[101.68702,2.81966],[101.68699,2.8197],[101.68696,2.81974],[101.68692,2.81978],[101.68688,2.81981],[101.68683,2.81983],[101.68678,2.81985],[101.68673,2.81986],[101.68668,2.81986],[101.68668,2.81986],[101.68668,2.82003],[101.6867,2.82282],[101.68573,2.82282],[101.68499,2.82282],[101.68422,2.82282],[101.68343,2.82281],[101.68344,2.8224],[101.68344,2.82063],[101.68344,2.82002],[101.68339,2.81891],[101.68336,2.8174],[101.68336,2.81679],[101.68249,2.81703],[101.68144,2.81746],[101.68028,2.81805],[101.67984,2.81827],[101.67961,2.81872],[101.67962,2.81912],[101.67972,2.82199],[101.67971,2.82866],[101.68552,2.82866],[101.68578,2.82845],[101.68762,2.82841],[101.68762,2.82813],[101.68761,2.82654]]]}},{"type":"Feature","properties":{"fid":220,"nama":"Ampar Tenang","pdk_thn":1649,"luas_h":115.82,"kpdt":14,"unj_2025":0,"unj_2030":0,"unj_2035":0,"e_blok":"1007C003","pop_share":0.005080333,"recy_annual_t":45.723},"geometry":{"type":"Polygon","coordinates":[[[101.69341,2.82664],[101.69343,2.82649],[101.69174,2.82648],[101.69081,2.82649],[101.68973,2.82651],[101.68972,2.82611],[101.68972,2.82501],[101.68863,2.82501],[101.68791,2.82501],[101.68763,2.82501],[101.68761,2.82654],[101.68762,2.82813],[101.68762,2.82841],[101.68764,2.8288],[101.68774,2.83101],[101.68792,2.83227],[101.68792,2.83227],[101.68796,2.83259],[101.68803,2.83307],[101.68809,2.83348],[101.68811,2.83358],[101.68863,2.83515],[101.68863,2.83515],[101.68836,2.8355],[101.68824,2.83576],[101.68824,2.83577],[101.68826,2.83591],[101.68844,2.83734],[101.68845,2.83741],[101.68857,2.83851],[101.68859,2.83871],[101.68873,2.83959],[101.68882,2.84025],[101.68884,2.84027],[101.689,2.84041],[101.689,2.84042],[101.68881,2.84068],[101.68704,2.84147],[101.68704,2.84156],[101.68706,2.84209],[101.68655,2.84354],[101.68563,2.84397],[101.68574,2.84429],[101.68657,2.84388],[101.68684,2.84375],[101.6887,2.84307],[101.68971,2.84271],[101.69007,2.84258],[101.69159,2.84215],[101.69175,2.84212],[101.69383,2.84167],[101.69431,2.8416],[101.6943,2.84154],[101.69416,2.84048],[101.69411,2.83986],[101.69409,2.83953],[101.69401,2.83862],[101.69398,2.83828],[101.69398,2.83787],[101.69398,2.83745],[101.69397,2.83704],[101.69395,2.83663],[101.69392,2.83621],[101.6939,2.8358],[101.69386,2.83539],[101.69381,2.83497],[101.69376,2.83456],[101.69354,2.8335],[101.69331,2.83239],[101.69325,2.83216],[101.6932,2.83193],[101.69316,2.83169],[101.69313,2.83146],[101.6931,2.83122],[101.69308,2.83098],[101.69306,2.83074],[101.69306,2.8305],[101.69306,2.83026],[101.6933,2.82761],[101.69335,2.82707],[101.69341,2.82664]]]}},{"type":"Feature","properties":{"fid":221,"nama":"Ampar Tenang","pdk_thn":1226,"luas_h":148.09,"kpdt":8,"unj_2025":0,"unj_2030":0,"unj_2035":0,"e_blok":"1007C004","pop_share":0.003777131,"recy_annual_t":33.994},"geometry":{"type":"Polygon","coordinates":[[[101.68863,2.83515],[101.68811,2.83358],[101.68809,2.83348],[101.68586,2.83347],[101.68578,2.83346],[101.68569,2.83345],[101.68455,2.83346],[101.68393,2.83346],[101.68383,2.83348],[101.68376,2.83353],[101.68373,2.83361],[101.68348,2.8336],[101.68263,2.8336],[101.67651,2.83362],[101.67701,2.83437],[101.6775,2.83519],[101.67857,2.8362],[101.67882,2.83644],[101.67915,2.83782],[101.67922,2.83964],[101.67932,2.84117],[101.67871,2.84176],[101.67788,2.84224],[101.67774,2.84286],[101.6779,2.84483],[101.6777,2.84572],[101.67776,2.84654],[101.67836,2.84767],[101.67849,2.84867],[101.67879,2.84851],[101.67938,2.84816],[101.68005,2.84774],[101.68112,2.84697],[101.68358,2.84536],[101.68376,2.84527],[101.68513,2.84459],[101.68574,2.84429],[101.68563,2.84397],[101.68655,2.84354],[101.68706,2.84209],[101.68704,2.84147],[101.68881,2.84068],[101.689,2.84041],[101.68882,2.84025],[101.68873,2.83959],[101.68859,2.83871],[101.68857,2.83851],[101.68844,2.83734],[101.68826,2.83591],[101.68824,2.83576],[101.68836,2.8355],[101.68863,2.83515]]]}},{"type":"Feature","properties":{"fid":222,"nama":"Ampar Tenang","pdk_thn":1173,"luas_h":180.65,"kpdt":6,"unj_2025":0,"unj_2030":0,"unj_2035":0,"e_blok":"1007C005","pop_share":0.003613845,"recy_annual_t":32.525},"geometry":{"type":"Polygon","coordinates":[[[101.68756,2.85783],[101.688,2.8578],[101.6882,2.85782],[101.68864,2.85753],[101.6887,2.85749],[101.68857,2.85671],[101.68874,2.85573],[101.68874,2.8554],[101.68882,2.85499],[101.68915,2.85454],[101.69008,2.85457],[101.69008,2.85339],[101.69007,2.85257],[101.68756,2.85241],[101.68726,2.85229],[101.68716,2.85233],[101.68721,2.85081],[101.68719,2.8507],[101.68704,2.85061],[101.68672,2.8506],[101.68486,2.85061],[101.68331,2.85061],[101.68331,2.85016],[101.68699,2.85013],[101.68753,2.85012],[101.6943,2.85017],[101.69477,2.85017],[101.69477,2.84952],[101.69477,2.84886],[101.69476,2.84789],[101.69473,2.84723],[101.69471,2.84656],[101.6947,2.8465],[101.69467,2.8459],[101.69465,2.84539],[101.69457,2.84442],[101.69456,2.84425],[101.69451,2.84359],[101.69445,2.84294],[101.69438,2.84228],[101.69433,2.84193],[101.69432,2.84174],[101.69431,2.8416],[101.69383,2.84167],[101.69175,2.84212],[101.69159,2.84215],[101.69007,2.84258],[101.6887,2.84307],[101.68684,2.84375],[101.68657,2.84388],[101.68513,2.84459],[101.68376,2.84527],[101.68358,2.84536],[101.68112,2.84697],[101.68005,2.84774],[101.67938,2.84816],[101.67879,2.84851],[101.67831,2.84877],[101.67823,2.84881],[101.6782,2.84913],[101.6782,2.84914],[101.67811,2.84983],[101.67815,2.8502],[101.67815,2.85021],[101.67833,2.85062],[101.67856,2.85062],[101.6789,2.85148],[101.67946,2.85236],[101.68017,2.85324],[101.68087,2.85429],[101.68152,2.8554],[101.68173,2.85522],[101.6818,2.85517],[101.6821,2.85496],[101.68218,2.85493],[101.68238,2.8549],[101.6825,2.8549],[101.68271,2.85495],[101.68281,2.855],[101.68328,2.85528],[101.68348,2.85543],[101.68374,2.85561],[101.68436,2.85604],[101.68587,2.85713],[101.68609,2.85729],[101.68678,2.85782],[101.68719,2.85781],[101.68729,2.85782],[101.68756,2.85783]]]}},{"type":"Feature","properties":{"fid":223,"nama":"Ampar Tenang","pdk_thn":837,"luas_h":76.17,"kpdt":11,"unj_2025":0,"unj_2030":0,"unj_2035":0,"e_blok":"1007C006","pop_share":0.002578677,"recy_annual_t":23.208},"geometry":{"type":"Polygon","coordinates":[[[101.69437,2.85793],[101.69444,2.85779],[101.6945,2.85764],[101.69456,2.85748],[101.69461,2.85727],[101.69465,2.85705],[101.69469,2.85682],[101.69472,2.8566],[101.69475,2.85638],[101.69476,2.85615],[101.69477,2.85593],[101.69477,2.85341],[101.69477,2.85338],[101.69477,2.85017],[101.6943,2.85017],[101.68753,2.85012],[101.68699,2.85013],[101.68331,2.85016],[101.68331,2.85061],[101.68486,2.85061],[101.68672,2.8506],[101.68704,2.85061],[101.68719,2.8507],[101.68721,2.85081],[101.68716,2.85233],[101.68726,2.85229],[101.68756,2.85241],[101.69007,2.85257],[101.69008,2.85339],[101.69008,2.85457],[101.68915,2.85454],[101.68882,2.85499],[101.68877,2.85524],[101.68874,2.8554],[101.68874,2.85573],[101.68857,2.85671],[101.6887,2.85749],[101.68864,2.85753],[101.6882,2.85782],[101.688,2.8578],[101.68756,2.85783],[101.68729,2.85782],[101.68719,2.85781],[101.68678,2.85782],[101.68744,2.85833],[101.68796,2.85873],[101.69027,2.86047],[101.69053,2.86068],[101.69084,2.86095],[101.69241,2.85986],[101.69277,2.85961],[101.69309,2.85938],[101.69322,2.85929],[101.69322,2.85929],[101.69327,2.85926],[101.69334,2.8592],[101.69335,2.8592],[101.69341,2.85915],[101.69346,2.8591],[101.69347,2.8591],[101.69354,2.85903],[101.69358,2.859],[101.69358,2.85899],[101.69367,2.85891],[101.69369,2.85889],[101.6937,2.85888],[101.69378,2.85879],[101.6938,2.85877],[101.6938,2.85877],[101.6939,2.85866],[101.69398,2.85855],[101.69406,2.85845],[101.69421,2.85822],[101.69429,2.85808],[101.69437,2.85793]]]}},{"type":"Feature","properties":{"fid":224,"nama":"Ampar Tenang","pdk_thn":977,"luas_h":155.96,"kpdt":6,"unj_2025":0,"unj_2030":0,"unj_2035":0,"e_blok":"1007C007","pop_share":0.003009997,"recy_annual_t":27.09},"geometry":{"type":"Polygon","coordinates":[[[101.69617,2.85865],[101.69496,2.85864],[101.6939,2.85866],[101.69382,2.85874],[101.6938,2.85877],[101.69378,2.85879],[101.69371,2.85886],[101.6937,2.85888],[101.69367,2.85891],[101.6936,2.85898],[101.69358,2.85899],[101.69354,2.85903],[101.69348,2.85909],[101.69347,2.8591],[101.69341,2.85915],[101.69335,2.85919],[101.69335,2.8592],[101.69327,2.85926],[101.69322,2.85929],[101.69322,2.85929],[101.69309,2.85938],[101.69277,2.85961],[101.69241,2.85986],[101.69084,2.86095],[101.69087,2.86097],[101.69088,2.86098],[101.69089,2.86099],[101.69102,2.86112],[101.69102,2.86112],[101.69115,2.86125],[101.69127,2.86139],[101.69138,2.86151],[101.69139,2.86152],[101.69139,2.86153],[101.69149,2.86165],[101.69158,2.86177],[101.69167,2.8619],[101.69176,2.86202],[101.69185,2.86218],[101.69189,2.86224],[101.69189,2.86225],[101.69196,2.86237],[101.69197,2.86238],[101.69204,2.86252],[101.69205,2.86253],[101.69207,2.86256],[101.69208,2.86259],[101.69215,2.86274],[101.69224,2.86293],[101.69231,2.86311],[101.69238,2.8633],[101.69245,2.86349],[101.69246,2.86354],[101.69251,2.86368],[101.69253,2.86375],[101.69305,2.8676],[101.69312,2.86809],[101.69324,2.86882],[101.69371,2.8709],[101.69393,2.87167],[101.69413,2.87242],[101.69461,2.87382],[101.6947,2.87396],[101.6948,2.87407],[101.69498,2.87422],[101.69511,2.87436],[101.69517,2.87452],[101.6952,2.87468],[101.69519,2.87487],[101.69514,2.87518],[101.69514,2.87538],[101.6952,2.87572],[101.69533,2.87609],[101.69553,2.8766],[101.69572,2.877],[101.6959,2.87724],[101.69607,2.87741],[101.69632,2.87761],[101.69667,2.87785],[101.69693,2.87727],[101.69918,2.8722],[101.70239,2.86528],[101.70337,2.86351],[101.70471,2.86166],[101.69811,2.86162],[101.69812,2.86144],[101.6982,2.86026],[101.69818,2.85917],[101.69819,2.85871],[101.69617,2.85865]]]}},{"type":"Feature","properties":{"fid":225,"nama":"Ampar Tenang","pdk_thn":560,"luas_h":304.86,"kpdt":2,"unj_2025":0,"unj_2030":0,"unj_2035":0,"e_blok":"1007C008","pop_share":0.00172528,"recy_annual_t":15.528},"geometry":{"type":"Polygon","coordinates":[[[101.70221,2.8591],[101.70223,2.85718],[101.70287,2.85691],[101.70363,2.85667],[101.70399,2.85622],[101.70438,2.85544],[101.70459,2.85501],[101.70545,2.85473],[101.70567,2.85419],[101.70702,2.85495],[101.70861,2.85586],[101.70902,2.85507],[101.70907,2.85498],[101.70931,2.85444],[101.7096,2.85381],[101.71017,2.85233],[101.71071,2.85071],[101.71089,2.85008],[101.71104,2.84956],[101.71117,2.84905],[101.71126,2.84854],[101.71137,2.84806],[101.71146,2.84755],[101.71153,2.84705],[101.71162,2.84652],[101.71168,2.84601],[101.71174,2.84552],[101.71179,2.84496],[101.71186,2.84444],[101.71196,2.84396],[101.71196,2.84391],[101.71184,2.84386],[101.71127,2.84365],[101.7095,2.84299],[101.70756,2.8424],[101.70739,2.84236],[101.70577,2.84194],[101.70527,2.84184],[101.7041,2.84165],[101.70297,2.84148],[101.70239,2.84139],[101.70198,2.84137],[101.70126,2.84135],[101.69895,2.84125],[101.69804,2.84128],[101.69491,2.84152],[101.69431,2.8416],[101.69432,2.84174],[101.69433,2.84193],[101.69438,2.84227],[101.69438,2.84228],[101.69445,2.84294],[101.69451,2.84359],[101.69456,2.84425],[101.69457,2.84442],[101.69465,2.84539],[101.69467,2.8459],[101.6947,2.8465],[101.69471,2.84656],[101.69473,2.84723],[101.69476,2.84789],[101.69476,2.8482],[101.69477,2.84886],[101.69477,2.84952],[101.69477,2.85017],[101.69477,2.85341],[101.69477,2.85593],[101.69476,2.85615],[101.69475,2.85638],[101.69472,2.8566],[101.69469,2.85682],[101.69465,2.85705],[101.69461,2.85727],[101.69456,2.85748],[101.6945,2.85764],[101.69444,2.85779],[101.69437,2.85793],[101.69429,2.85808],[101.69421,2.85822],[101.69406,2.85845],[101.69398,2.85855],[101.6939,2.85866],[101.69496,2.85864],[101.69617,2.85865],[101.69819,2.85871],[101.69818,2.85917],[101.70221,2.8591]]]}},{"type":"Feature","properties":{"fid":226,"nama":"Ampar Tenang","pdk_thn":90,"luas_h":17.32,"kpdt":5,"unj_2025":0,"unj_2030":0,"unj_2035":0,"e_blok":"1007C009","pop_share":0.000277277,"recy_annual_t":2.495},"geometry":{"type":"Polygon","coordinates":[[[101.70702,2.85495],[101.70567,2.85419],[101.70545,2.85473],[101.70459,2.85501],[101.70438,2.85544],[101.70399,2.85622],[101.70363,2.85667],[101.70362,2.85771],[101.70361,2.85835],[101.70713,2.85827],[101.70762,2.85754],[101.70811,2.8568],[101.70818,2.85667],[101.70861,2.85586],[101.70702,2.85495]]]}},{"type":"Feature","properties":{"fid":227,"nama":"Sungai Merab","pdk_thn":877,"luas_h":241.95,"kpdt":4,"unj_2025":0,"unj_2030":0,"unj_2035":0,"e_blok":"1007C011","pop_share":0.002701912,"recy_annual_t":24.317},"geometry":{"type":"Polygon","coordinates":[[[101.71579,2.88865],[101.71586,2.88842],[101.71583,2.88833],[101.71486,2.88736],[101.71466,2.88737],[101.71427,2.88734],[101.71406,2.88733],[101.71275,2.88711],[101.71213,2.88711],[101.71193,2.88711],[101.71092,2.88688],[101.71091,2.88687],[101.71034,2.8867],[101.71008,2.88656],[101.71007,2.88656],[101.70996,2.8865],[101.70985,2.88635],[101.70955,2.88594],[101.70925,2.88504],[101.7093,2.88493],[101.70946,2.88487],[101.70965,2.88478],[101.70977,2.88467],[101.70985,2.88415],[101.71158,2.88452],[101.7129,2.88354],[101.7129,2.88307],[101.71294,2.88293],[101.71312,2.88296],[101.71449,2.88325],[101.71455,2.88312],[101.71452,2.8819],[101.71622,2.88162],[101.71614,2.8806],[101.71695,2.88001],[101.71721,2.87993],[101.71731,2.87998],[101.71725,2.88115],[101.71738,2.88123],[101.72012,2.88045],[101.7215,2.88016],[101.72289,2.88017],[101.72289,2.87478],[101.72985,2.87478],[101.73073,2.87425],[101.73116,2.8739],[101.73137,2.87342],[101.7314,2.87293],[101.73131,2.87255],[101.73099,2.87162],[101.73102,2.87133],[101.73118,2.87091],[101.73166,2.87019],[101.73167,2.86993],[101.73105,2.86942],[101.73069,2.86894],[101.73063,2.86881],[101.73056,2.86845],[101.73063,2.86805],[101.73063,2.86804],[101.73022,2.86822],[101.72981,2.86841],[101.7298,2.86841],[101.72909,2.86865],[101.72871,2.86879],[101.72862,2.86876],[101.7286,2.86874],[101.72858,2.86871],[101.72856,2.86869],[101.72852,2.86862],[101.72849,2.86854],[101.72837,2.86828],[101.72819,2.86787],[101.72802,2.86749],[101.728,2.86746],[101.72798,2.8674],[101.72791,2.86727],[101.7279,2.86725],[101.7279,2.86725],[101.72789,2.86725],[101.72789,2.86724],[101.72788,2.86723],[101.72787,2.86723],[101.72786,2.86722],[101.72784,2.86722],[101.72782,2.86722],[101.72779,2.86723],[101.72777,2.86724],[101.7277,2.86727],[101.72769,2.86727],[101.72742,2.86738],[101.72728,2.86745],[101.72715,2.86751],[101.72687,2.86763],[101.72646,2.86781],[101.72605,2.868],[101.72605,2.868],[101.72599,2.86803],[101.72592,2.86806],[101.72585,2.8681],[101.72564,2.86818],[101.72544,2.86826],[101.72523,2.86836],[101.72498,2.86847],[101.72493,2.8685],[101.72488,2.86854],[101.72483,2.86857],[101.72482,2.86858],[101.72475,2.86862],[101.72451,2.86888],[101.72448,2.86892],[101.72445,2.86896],[101.7244,2.86901],[101.72435,2.86907],[101.7243,2.86914],[101.72424,2.86921],[101.72422,2.86923],[101.72417,2.8693],[101.72414,2.86934],[101.7241,2.86938],[101.72406,2.86943],[101.72403,2.86947],[101.72399,2.86952],[101.72396,2.86957],[101.72394,2.86958],[101.72392,2.86962],[101.72388,2.86966],[101.72384,2.86971],[101.7238,2.86976],[101.72376,2.86981],[101.72372,2.86986],[101.72368,2.86991],[101.72365,2.86993],[101.72359,2.87001],[101.72355,2.87006],[101.7235,2.87011],[101.72336,2.87028],[101.7232,2.87047],[101.72307,2.87062],[101.72278,2.87097],[101.72269,2.87108],[101.72263,2.87115],[101.7225,2.87132],[101.72221,2.87167],[101.72217,2.87171],[101.72211,2.87179],[101.72205,2.87186],[101.72193,2.87202],[101.72186,2.87211],[101.72181,2.87216],[101.72165,2.8723],[101.7216,2.87232],[101.72123,2.87249],[101.72119,2.87251],[101.72117,2.87252],[101.72111,2.87255],[101.72105,2.87258],[101.72078,2.8727],[101.72038,2.87289],[101.71997,2.87308],[101.71961,2.87326],[101.71956,2.87328],[101.71941,2.87335],[101.71916,2.87347],[101.71885,2.87362],[101.71875,2.87367],[101.71871,2.87369],[101.71841,2.87384],[101.7184,2.87384],[101.71838,2.87385],[101.71837,2.87385],[101.71836,2.87386],[101.71835,2.87386],[101.71834,2.87386],[101.71832,2.87387],[101.71828,2.87388],[101.71826,2.87389],[101.71824,2.87389],[101.71822,2.87389],[101.71809,2.87389],[101.71808,2.87388],[101.71808,2.87388],[101.71807,2.87388],[101.71805,2.87388],[101.71799,2.87387],[101.71795,2.87386],[101.7179,2.87386],[101.71789,2.87385],[101.71781,2.87384],[101.71778,2.87383],[101.71774,2.87382],[101.71771,2.87381],[101.71767,2.8738],[101.71763,2.87379],[101.71758,2.87378],[101.71754,2.87376],[101.7175,2.87375],[101.71747,2.87374],[101.71747,2.87374],[101.71743,2.87372],[101.71709,2.87361],[101.71705,2.87359],[101.71704,2.87359],[101.717,2.87358],[101.71695,2.87356],[101.7169,2.87354],[101.71685,2.87353],[101.7168,2.87351],[101.71675,2.8735],[101.7167,2.8735],[101.71666,2.8735],[101.71661,2.87351],[101.71661,2.87351],[101.71656,2.87352],[101.71651,2.87354],[101.71646,2.87356],[101.71642,2.87358],[101.71636,2.87362],[101.71632,2.87365],[101.71627,2.87368],[101.71622,2.87372],[101.71622,2.87372],[101.71617,2.87376],[101.71613,2.8738],[101.71608,2.87384],[101.71603,2.87388],[101.71598,2.87392],[101.71593,2.87396],[101.71589,2.874],[101.71587,2.87401],[101.71584,2.87405],[101.71579,2.87409],[101.71574,2.87413],[101.71569,2.87417],[101.71564,2.87422],[101.71559,2.87426],[101.71554,2.8743],[101.71553,2.8743],[101.71549,2.87434],[101.71544,2.87438],[101.71539,2.87442],[101.71534,2.87446],[101.7153,2.8745],[101.71525,2.87454],[101.7152,2.87458],[101.71518,2.87459],[101.71515,2.87462],[101.7151,2.87466],[101.71506,2.8747],[101.71501,2.87475],[101.71496,2.87479],[101.71485,2.87489],[101.71477,2.87497],[101.71472,2.87502],[101.71465,2.87508],[101.71459,2.87513],[101.71453,2.87519],[101.71452,2.8752],[101.71446,2.87525],[101.71441,2.8753],[101.71436,2.87535],[101.71429,2.87542],[101.71421,2.87548],[101.71419,2.87551],[101.71413,2.87556],[101.71409,2.87559],[101.71405,2.87563],[101.71401,2.87567],[101.71397,2.87571],[101.71394,2.87575],[101.7139,2.8758],[101.71387,2.87583],[101.71386,2.87584],[101.71383,2.87589],[101.71379,2.87593],[101.71376,2.87598],[101.71373,2.87603],[101.71369,2.87608],[101.71366,2.87612],[101.71363,2.87617],[101.71361,2.8762],[101.71359,2.87622],[101.71356,2.87627],[101.71353,2.87632],[101.7135,2.87636],[101.71346,2.87641],[101.71343,2.87646],[101.7134,2.87651],[101.71337,2.87655],[101.71336,2.87657],[101.71334,2.8766],[101.7133,2.87665],[101.71327,2.8767],[101.71323,2.87675],[101.7132,2.8768],[101.71317,2.87685],[101.7131,2.87694],[101.71297,2.87714],[101.71292,2.87721],[101.71289,2.87728],[101.71286,2.87732],[101.71284,2.87737],[101.71281,2.87742],[101.71279,2.87747],[101.71276,2.87752],[101.71273,2.87758],[101.71271,2.87763],[101.71268,2.87768],[101.71266,2.87773],[101.71266,2.87774],[101.71263,2.87779],[101.71261,2.87784],[101.71258,2.87789],[101.71256,2.87794],[101.71252,2.87804],[101.71248,2.87813],[101.71248,2.87814],[101.71246,2.87823],[101.71245,2.87833],[101.71244,2.87843],[101.71243,2.87849],[101.71243,2.87854],[101.71243,2.87859],[101.71243,2.8786],[101.71243,2.87865],[101.71242,2.87871],[101.71242,2.87877],[101.71241,2.87883],[101.7124,2.87889],[101.7124,2.87895],[101.71239,2.879],[101.71238,2.87904],[101.71238,2.87906],[101.71237,2.87912],[101.71236,2.87918],[101.71235,2.87923],[101.71234,2.87929],[101.71232,2.87934],[101.7123,2.87942],[101.71228,2.87947],[101.71228,2.87948],[101.71224,2.87957],[101.71222,2.87962],[101.71219,2.8797],[101.71216,2.87978],[101.71212,2.87987],[101.71211,2.8799],[101.71209,2.87995],[101.71205,2.88005],[101.71203,2.8801],[101.712,2.88016],[101.71198,2.88021],[101.71196,2.88027],[101.71194,2.88032],[101.71194,2.88033],[101.71191,2.88039],[101.71189,2.88045],[101.71187,2.8805],[101.71185,2.88055],[101.71182,2.88061],[101.7118,2.88066],[101.71178,2.88071],[101.71177,2.88073],[101.71175,2.88076],[101.71172,2.88081],[101.71169,2.88085],[101.71165,2.8809],[101.71162,2.88094],[101.71157,2.88098],[101.71153,2.88102],[101.71149,2.88106],[101.71148,2.88108],[101.71145,2.8811],[101.71141,2.88115],[101.71136,2.88119],[101.71132,2.88123],[101.71128,2.88126],[101.71123,2.8813],[101.71119,2.88134],[101.71115,2.88138],[101.71114,2.88138],[101.71109,2.88142],[101.71105,2.88146],[101.711,2.8815],[101.71095,2.88154],[101.7109,2.88158],[101.71085,2.88161],[101.71079,2.88165],[101.71079,2.88166],[101.71075,2.88169],[101.7107,2.88172],[101.71065,2.88176],[101.7106,2.88179],[101.71055,2.88182],[101.7105,2.88186],[101.71045,2.88189],[101.71042,2.88191],[101.71041,2.88192],[101.71004,2.88217],[101.70997,2.88222],[101.70992,2.88225],[101.70983,2.88231],[101.70975,2.88237],[101.70967,2.88242],[101.70966,2.88243],[101.70961,2.88247],[101.70956,2.8825],[101.70942,2.8826],[101.70938,2.88263],[101.70931,2.88268],[101.70929,2.88269],[101.7092,2.88275],[101.70911,2.88281],[101.70902,2.88286],[101.70898,2.88289],[101.70893,2.88292],[101.70893,2.88292],[101.70888,2.88295],[101.70883,2.88298],[101.70878,2.88301],[101.70874,2.88304],[101.70869,2.88307],[101.70864,2.8831],[101.7086,2.88313],[101.70855,2.88316],[101.70851,2.88319],[101.7082,2.8834],[101.708,2.88317],[101.70764,2.88289],[101.70742,2.88279],[101.70729,2.8828],[101.70715,2.8828],[101.70682,2.88291],[101.70642,2.88306],[101.70627,2.88308],[101.70589,2.88294],[101.70576,2.88277],[101.7055,2.88228],[101.70538,2.88184],[101.70476,2.88074],[101.70476,2.88074],[101.70429,2.87992],[101.70428,2.87991],[101.70394,2.87848],[101.70342,2.87788],[101.70342,2.87788],[101.70304,2.87778],[101.70271,2.8779],[101.70263,2.87793],[101.70231,2.87816],[101.70221,2.87831],[101.70175,2.87882],[101.70155,2.87896],[101.70098,2.87911],[101.69958,2.87937],[101.69909,2.87908],[101.69876,2.87894],[101.69785,2.87851],[101.69737,2.87828],[101.69673,2.87794],[101.69666,2.87789],[101.69666,2.87789],[101.69626,2.8787],[101.70561,2.88595],[101.70836,2.88807],[101.70873,2.8881],[101.70911,2.88809],[101.70933,2.88812],[101.70951,2.88816],[101.70968,2.88821],[101.70981,2.88822],[101.70992,2.88829],[101.71008,2.88831],[101.71031,2.88834],[101.71047,2.88833],[101.7107,2.88839],[101.71107,2.88847],[101.71122,2.88845],[101.7115,2.88854],[101.71177,2.88867],[101.71194,2.88867],[101.71226,2.88875],[101.71256,2.88878],[101.71312,2.88886],[101.71355,2.88897],[101.71384,2.88907],[101.71427,2.88921],[101.71486,2.88932],[101.71519,2.88946],[101.71564,2.88951],[101.71597,2.88952],[101.71602,2.88936],[101.71602,2.8892],[101.71598,2.88905],[101.71587,2.8889],[101.71579,2.88882],[101.71579,2.88865]]]}},{"type":"Feature","properties":{"fid":228,"nama":"Sungai Merab","pdk_thn":751,"luas_h":149.6,"kpdt":5,"unj_2025":0,"unj_2030":0,"unj_2035":0,"e_blok":"1007C012","pop_share":0.002313724,"recy_annual_t":20.824},"geometry":{"type":"Polygon","coordinates":[[[101.71533,2.88715],[101.71674,2.88584],[101.71674,2.88584],[101.71675,2.88583],[101.71722,2.88552],[101.71727,2.88552],[101.7173,2.88547],[101.71731,2.88547],[101.71732,2.88546],[101.7182,2.88519],[101.71873,2.88514],[101.71913,2.8853],[101.72007,2.88546],[101.72017,2.88544],[101.72055,2.88533],[101.72056,2.88533],[101.72131,2.88442],[101.72131,2.8844],[101.72158,2.88448],[101.72159,2.88448],[101.72193,2.88453],[101.7233,2.88476],[101.72568,2.88541],[101.72632,2.88292],[101.72707,2.88262],[101.72801,2.8823],[101.72806,2.88229],[101.72944,2.88147],[101.72987,2.88111],[101.73032,2.88085],[101.73189,2.87982],[101.73186,2.87977],[101.73171,2.87932],[101.73155,2.87894],[101.73123,2.87858],[101.73088,2.87828],[101.73086,2.87826],[101.73061,2.87802],[101.73042,2.87779],[101.73033,2.87753],[101.7303,2.87734],[101.73027,2.87699],[101.73023,2.87673],[101.73013,2.87652],[101.72994,2.87633],[101.72994,2.87632],[101.72984,2.87624],[101.72985,2.87624],[101.72985,2.87624],[101.72982,2.87622],[101.72975,2.87616],[101.72963,2.87601],[101.7295,2.87574],[101.72948,2.87543],[101.72956,2.87508],[101.72969,2.87491],[101.72981,2.87481],[101.72982,2.87479],[101.72985,2.87478],[101.72289,2.87478],[101.72289,2.88017],[101.7215,2.88016],[101.72012,2.88045],[101.71738,2.88123],[101.71725,2.88115],[101.71731,2.87998],[101.71721,2.87993],[101.71695,2.88001],[101.71614,2.8806],[101.71622,2.88162],[101.71452,2.8819],[101.71455,2.88312],[101.71449,2.88325],[101.71312,2.88296],[101.71294,2.88293],[101.7129,2.88307],[101.7129,2.88354],[101.71158,2.88452],[101.70985,2.88415],[101.70977,2.88467],[101.70965,2.88478],[101.70946,2.88487],[101.7093,2.88493],[101.70925,2.88504],[101.70955,2.88594],[101.70958,2.88599],[101.70985,2.88635],[101.70996,2.8865],[101.71007,2.88656],[101.71008,2.88656],[101.71034,2.8867],[101.71091,2.88687],[101.71092,2.88688],[101.71193,2.88711],[101.71275,2.88711],[101.71406,2.88733],[101.71427,2.88734],[101.71466,2.88737],[101.71509,2.88734],[101.71524,2.88726],[101.71533,2.88715]]]}},{"type":"Feature","properties":{"fid":229,"nama":"Sungai Merab","pdk_thn":1361,"luas_h":149.83,"kpdt":9,"unj_2025":0,"unj_2030":0,"unj_2035":0,"e_blok":"1007C013","pop_share":0.004193047,"recy_annual_t":37.737},"geometry":{"type":"Polygon","coordinates":[[[101.73472,2.86397],[101.73345,2.86372],[101.73334,2.86437],[101.73303,2.86523],[101.73281,2.86553],[101.73193,2.86599],[101.73136,2.86683],[101.731,2.86741],[101.73074,2.86783],[101.73063,2.86804],[101.73063,2.86805],[101.73056,2.86845],[101.73063,2.86881],[101.73069,2.86894],[101.73105,2.86942],[101.73167,2.86993],[101.73166,2.87019],[101.73118,2.87091],[101.73102,2.87133],[101.73099,2.87162],[101.73131,2.87255],[101.7314,2.87293],[101.73137,2.87342],[101.73116,2.8739],[101.73073,2.87425],[101.72985,2.87478],[101.72982,2.87479],[101.72981,2.87481],[101.72969,2.87491],[101.72956,2.87508],[101.72948,2.87543],[101.7295,2.87574],[101.72963,2.87601],[101.72975,2.87616],[101.72982,2.87622],[101.72985,2.87624],[101.72985,2.87624],[101.72984,2.87624],[101.72994,2.87632],[101.72994,2.87633],[101.72999,2.87637],[101.73013,2.87652],[101.73023,2.87673],[101.73027,2.87699],[101.7303,2.87734],[101.73033,2.87753],[101.73042,2.87779],[101.73061,2.87802],[101.73086,2.87826],[101.73088,2.87828],[101.73123,2.87858],[101.73155,2.87894],[101.73171,2.87932],[101.73186,2.87977],[101.73276,2.88111],[101.73311,2.88152],[101.73333,2.88169],[101.73344,2.88177],[101.73369,2.88205],[101.73373,2.88213],[101.73394,2.88255],[101.7341,2.8829],[101.73421,2.8833],[101.73446,2.88387],[101.73459,2.88437],[101.73476,2.88473],[101.73506,2.88508],[101.73538,2.88541],[101.73538,2.88541],[101.73538,2.88542],[101.73562,2.88574],[101.73593,2.88639],[101.73601,2.88662],[101.73619,2.88725],[101.73628,2.8875],[101.73637,2.88775],[101.73624,2.88809],[101.73592,2.88819],[101.73643,2.88836],[101.73653,2.88839],[101.73846,2.886],[101.73999,2.8841],[101.73853,2.88205],[101.73688,2.87966],[101.73749,2.87764],[101.73763,2.87721],[101.73795,2.87616],[101.73733,2.87507],[101.73623,2.87309],[101.73683,2.86934],[101.7366,2.8667],[101.73472,2.86397]]]}},{"type":"Feature","properties":{"fid":230,"nama":"Sungai Merab","pdk_thn":1392,"luas_h":84.26,"kpdt":17,"unj_2025":0,"unj_2030":0,"unj_2035":0,"e_blok":"1007C014","pop_share":0.004288553,"recy_annual_t":38.597},"geometry":{"type":"Polygon","coordinates":[[[101.73363,2.89054],[101.73379,2.89038],[101.73394,2.89021],[101.73402,2.89004],[101.73459,2.88778],[101.7346,2.88774],[101.73592,2.88819],[101.73624,2.88809],[101.73637,2.88775],[101.73619,2.88725],[101.73601,2.88662],[101.73593,2.88639],[101.73562,2.88574],[101.73538,2.88542],[101.73538,2.88541],[101.73538,2.88541],[101.73506,2.88508],[101.73476,2.88473],[101.73459,2.88437],[101.73446,2.88387],[101.73421,2.8833],[101.7341,2.8829],[101.73394,2.88255],[101.73373,2.88213],[101.73369,2.88205],[101.73344,2.88177],[101.73333,2.88169],[101.73311,2.88152],[101.73276,2.88111],[101.73189,2.87982],[101.73032,2.88085],[101.72987,2.88111],[101.72944,2.88147],[101.72806,2.88229],[101.72707,2.88262],[101.72632,2.88292],[101.72568,2.88541],[101.72706,2.88579],[101.72738,2.88587],[101.72841,2.88615],[101.72841,2.88615],[101.72833,2.88636],[101.72816,2.88679],[101.72796,2.88731],[101.72776,2.88781],[101.72756,2.88834],[101.72735,2.88887],[101.72712,2.88945],[101.72705,2.88962],[101.72705,2.88976],[101.72718,2.88983],[101.72809,2.89],[101.72832,2.88999],[101.72886,2.89008],[101.72902,2.89005],[101.72915,2.89005],[101.72962,2.89005],[101.72989,2.89008],[101.73006,2.89011],[101.73025,2.89013],[101.73069,2.89027],[101.73109,2.89036],[101.7315,2.89042],[101.73162,2.89022],[101.73182,2.89025],[101.73213,2.88935],[101.73214,2.88932],[101.73216,2.8893],[101.73219,2.88928],[101.73222,2.88926],[101.73225,2.88924],[101.73228,2.88924],[101.73231,2.88923],[101.73235,2.88924],[101.73292,2.88939],[101.73293,2.88941],[101.73295,2.88943],[101.73296,2.88946],[101.73296,2.88948],[101.73296,2.88951],[101.73296,2.88953],[101.73295,2.88956],[101.73278,2.89028],[101.73277,2.89031],[101.73277,2.89034],[101.73277,2.89036],[101.73277,2.89039],[101.73326,2.89049],[101.7334,2.89051],[101.73341,2.8905],[101.73363,2.89054]]]}},{"type":"Feature","properties":{"fid":231,"nama":"Sungai Merab","pdk_thn":1078,"luas_h":246.35,"kpdt":4,"unj_2025":0,"unj_2030":0,"unj_2035":0,"e_blok":"1007C015","pop_share":0.003321164,"recy_annual_t":29.89},"geometry":{"type":"Polygon","coordinates":[[[101.72677,2.89631],[101.72684,2.8962],[101.72692,2.89612],[101.72705,2.89604],[101.72726,2.89597],[101.72761,2.89592],[101.72781,2.89586],[101.72793,2.8958],[101.72812,2.89566],[101.7287,2.89512],[101.73039,2.89355],[101.7304,2.89354],[101.73073,2.89323],[101.73142,2.89259],[101.73228,2.89179],[101.73264,2.89146],[101.73264,2.89146],[101.73349,2.89074],[101.73362,2.89055],[101.73363,2.89054],[101.73341,2.8905],[101.7334,2.89051],[101.73326,2.89049],[101.73277,2.89039],[101.73277,2.89036],[101.73277,2.89034],[101.73277,2.89031],[101.73278,2.89028],[101.73295,2.88956],[101.73296,2.88953],[101.73296,2.88951],[101.73296,2.88948],[101.73296,2.88946],[101.73295,2.88943],[101.73293,2.88941],[101.73292,2.88939],[101.73235,2.88924],[101.73231,2.88923],[101.73228,2.88924],[101.73225,2.88924],[101.73222,2.88926],[101.73219,2.88928],[101.73216,2.8893],[101.73214,2.88932],[101.73213,2.88935],[101.73182,2.89025],[101.73162,2.89022],[101.7315,2.89042],[101.73109,2.89036],[101.73069,2.89027],[101.73025,2.89013],[101.73006,2.89011],[101.72989,2.89008],[101.72962,2.89005],[101.72915,2.89005],[101.72915,2.89005],[101.72902,2.89005],[101.72886,2.89008],[101.72832,2.88999],[101.72809,2.89],[101.72718,2.88983],[101.72705,2.88976],[101.72705,2.88962],[101.72712,2.88945],[101.72735,2.88887],[101.72756,2.88834],[101.72776,2.88781],[101.72796,2.88731],[101.72816,2.88679],[101.72833,2.88636],[101.72841,2.88615],[101.72841,2.88615],[101.72706,2.88579],[101.7233,2.88476],[101.72159,2.88448],[101.72158,2.88448],[101.72131,2.8844],[101.72131,2.88442],[101.72056,2.88533],[101.72055,2.88533],[101.72017,2.88544],[101.72007,2.88546],[101.71913,2.8853],[101.71873,2.88514],[101.7182,2.88519],[101.71732,2.88546],[101.71731,2.88547],[101.7173,2.88547],[101.71727,2.88552],[101.71722,2.88552],[101.71675,2.88583],[101.71674,2.88584],[101.71674,2.88584],[101.71533,2.88715],[101.71524,2.88726],[101.71509,2.88734],[101.71486,2.88736],[101.71583,2.88833],[101.71586,2.88842],[101.71579,2.88865],[101.71579,2.88882],[101.71587,2.8889],[101.71598,2.88905],[101.71602,2.8892],[101.71602,2.88936],[101.71597,2.88952],[101.71564,2.88951],[101.71547,2.88949],[101.71519,2.88946],[101.71486,2.88932],[101.71427,2.88921],[101.71384,2.88907],[101.71355,2.88897],[101.71312,2.88886],[101.71256,2.88878],[101.71226,2.88875],[101.71194,2.88867],[101.71177,2.88867],[101.7115,2.88854],[101.71122,2.88845],[101.71107,2.88847],[101.7107,2.88839],[101.71047,2.88833],[101.71031,2.88834],[101.71008,2.88831],[101.70992,2.88829],[101.70981,2.88822],[101.70968,2.88821],[101.70951,2.88816],[101.70933,2.88812],[101.70911,2.88809],[101.70873,2.8881],[101.70836,2.88807],[101.70561,2.88595],[101.70549,2.88607],[101.70385,2.88769],[101.70283,2.88899],[101.70296,2.88902],[101.70276,2.88923],[101.70217,2.88987],[101.70333,2.89065],[101.7039,2.89038],[101.70439,2.89031],[101.70494,2.89037],[101.70561,2.8905],[101.70641,2.89072],[101.70751,2.89106],[101.70825,2.89118],[101.70961,2.89134],[101.71023,2.89161],[101.71084,2.89198],[101.71236,2.89248],[101.71298,2.89274],[101.71429,2.89364],[101.71543,2.89474],[101.7161,2.89552],[101.71638,2.89569],[101.71723,2.89616],[101.71799,2.89639],[101.71806,2.8964],[101.71839,2.89652],[101.71894,2.89672],[101.71963,2.89682],[101.71966,2.89681],[101.71965,2.89676],[101.71976,2.89676],[101.7199,2.89674],[101.72003,2.89673],[101.72016,2.8967],[101.7203,2.89667],[101.72043,2.89663],[101.72055,2.89659],[101.72068,2.89654],[101.7208,2.89648],[101.72092,2.89642],[101.72101,2.89635],[101.7211,2.89629],[101.7212,2.89623],[101.72129,2.89619],[101.7214,2.89614],[101.7215,2.89611],[101.72161,2.89608],[101.72172,2.89605],[101.72182,2.89604],[101.72194,2.89603],[101.72205,2.89603],[101.72216,2.89603],[101.72227,2.89605],[101.72237,2.89607],[101.72248,2.89609],[101.72259,2.89613],[101.72269,2.89617],[101.72279,2.89622],[101.72288,2.89627],[101.72304,2.89631],[101.7232,2.89634],[101.72337,2.89637],[101.72353,2.89639],[101.72369,2.8964],[101.72385,2.89641],[101.72402,2.89641],[101.72418,2.8964],[101.72435,2.89638],[101.72451,2.89636],[101.72467,2.89633],[101.72478,2.89631],[101.72489,2.8963],[101.725,2.89629],[101.72512,2.89629],[101.72523,2.8963],[101.72534,2.89632],[101.72545,2.89634],[101.72556,2.89637],[101.72566,2.8964],[101.72577,2.89644],[101.72587,2.89648],[101.72597,2.89654],[101.72606,2.89659],[101.72616,2.89666],[101.7262,2.8967],[101.72624,2.89673],[101.72629,2.89676],[101.72634,2.89678],[101.7264,2.8968],[101.72645,2.8968],[101.72651,2.8968],[101.72663,2.89683],[101.72672,2.89649],[101.72675,2.89638],[101.72677,2.89631]]]}},{"type":"Feature","properties":{"fid":232,"nama":"Sungai Merab","pdk_thn":1501,"luas_h":143.69,"kpdt":10,"unj_2025":0,"unj_2030":0,"unj_2035":0,"e_blok":"1007C016","pop_share":0.004624367,"recy_annual_t":41.619},"geometry":{"type":"Polygon","coordinates":[[[101.7095,2.90077],[101.71021,2.90057],[101.7111,2.90059],[101.71176,2.90017],[101.7161,2.89552],[101.71543,2.89474],[101.71429,2.89364],[101.71298,2.89274],[101.71236,2.89248],[101.71084,2.89198],[101.71023,2.89161],[101.70961,2.89134],[101.70825,2.89118],[101.70751,2.89106],[101.70641,2.89072],[101.70561,2.8905],[101.70494,2.89037],[101.70439,2.89031],[101.7039,2.89038],[101.70333,2.89065],[101.70217,2.88987],[101.70216,2.88988],[101.70028,2.89192],[101.69958,2.89231],[101.6997,2.89244],[101.6997,2.89244],[101.6988,2.89281],[101.69767,2.8929],[101.69649,2.89349],[101.69761,2.89405],[101.6976,2.89455],[101.6976,2.89591],[101.6976,2.8966],[101.6976,2.89858],[101.69924,2.8992],[101.69926,2.89907],[101.69942,2.89841],[101.69955,2.89786],[101.69965,2.89744],[101.6997,2.89728],[101.69975,2.89704],[101.6998,2.89684],[101.70011,2.89685],[101.70064,2.89689],[101.70131,2.89714],[101.70208,2.89755],[101.70237,2.89756],[101.70237,2.89708],[101.70238,2.89661],[101.70239,2.89597],[101.70241,2.89597],[101.70313,2.89601],[101.70409,2.89602],[101.7044,2.89602],[101.70507,2.89618],[101.7051,2.89619],[101.70514,2.8962],[101.70594,2.89638],[101.70624,2.89654],[101.70645,2.89681],[101.70709,2.89801],[101.70712,2.89805],[101.70762,2.89897],[101.70769,2.89929],[101.70779,2.90051],[101.70871,2.90039],[101.70891,2.90039],[101.70932,2.9004],[101.70946,2.90049],[101.7095,2.90077]]]}},{"type":"Feature","properties":{"fid":233,"nama":"Sungai Merab","pdk_thn":968,"luas_h":12.65,"kpdt":77,"unj_2025":0,"unj_2030":0,"unj_2035":0,"e_blok":"1007C017","pop_share":0.00298227,"recy_annual_t":26.84},"geometry":{"type":"Polygon","coordinates":[[[101.70189,2.89918],[101.70256,2.89828],[101.70312,2.89858],[101.70362,2.89845],[101.70353,2.89828],[101.70353,2.89809],[101.70356,2.8979],[101.70365,2.89766],[101.70365,2.89765],[101.70387,2.89718],[101.70399,2.89682],[101.70409,2.89643],[101.70409,2.89603],[101.70409,2.89602],[101.70313,2.89601],[101.70241,2.89597],[101.70239,2.89597],[101.70238,2.89661],[101.70237,2.89708],[101.70237,2.89756],[101.70208,2.89755],[101.70194,2.89748],[101.70131,2.89714],[101.70064,2.89689],[101.70011,2.89685],[101.6998,2.89684],[101.69975,2.89704],[101.6997,2.89728],[101.69965,2.89744],[101.69955,2.89786],[101.69942,2.89841],[101.69926,2.89907],[101.69923,2.8992],[101.69936,2.89925],[101.7004,2.89953],[101.70105,2.8997],[101.7012,2.90002],[101.70161,2.89952],[101.70189,2.89918]]]}},{"type":"Feature","properties":{"fid":234,"nama":"Sungai Merab","pdk_thn":841,"luas_h":15.59,"kpdt":54,"unj_2025":0,"unj_2030":0,"unj_2035":0,"e_blok":"1007C018","pop_share":0.002591001,"recy_annual_t":23.319},"geometry":{"type":"Polygon","coordinates":[[[101.7044,2.89602],[101.70409,2.89602],[101.70409,2.89603],[101.70409,2.89643],[101.70399,2.89682],[101.70387,2.89718],[101.70365,2.89765],[101.70356,2.8979],[101.70353,2.89809],[101.70353,2.89828],[101.70362,2.89845],[101.70374,2.89859],[101.70451,2.89909],[101.70474,2.8993],[101.70481,2.89936],[101.70493,2.89948],[101.70509,2.8997],[101.70515,2.8998],[101.70522,2.89994],[101.70531,2.90017],[101.70538,2.90054],[101.70538,2.90055],[101.70639,2.90055],[101.70647,2.90055],[101.70656,2.90055],[101.70658,2.90055],[101.70763,2.90055],[101.70777,2.90052],[101.70779,2.90051],[101.70769,2.89929],[101.70762,2.89897],[101.70712,2.89805],[101.70709,2.89801],[101.70705,2.89793],[101.70645,2.89681],[101.70624,2.89654],[101.70594,2.89638],[101.70522,2.89622],[101.70514,2.8962],[101.7051,2.89619],[101.70507,2.89618],[101.7044,2.89602]]]}},{"type":"Feature","properties":{"fid":235,"nama":"Sungai Merab","pdk_thn":1260,"luas_h":85.61,"kpdt":15,"unj_2025":0,"unj_2030":0,"unj_2035":0,"e_blok":"1007C019","pop_share":0.00388188,"recy_annual_t":34.937},"geometry":{"type":"Polygon","coordinates":[[[101.70231,2.90995],[101.70245,2.90948],[101.70246,2.90945],[101.70248,2.90938],[101.70251,2.90931],[101.70253,2.90928],[101.70256,2.90922],[101.70256,2.90922],[101.7031,2.90911],[101.70311,2.90911],[101.70311,2.90911],[101.70311,2.90911],[101.70312,2.9071],[101.7031,2.90597],[101.70313,2.90568],[101.70317,2.90539],[101.70323,2.90525],[101.70331,2.90511],[101.70349,2.90501],[101.70365,2.90494],[101.70426,2.9048],[101.70574,2.90444],[101.7063,2.90435],[101.70643,2.90434],[101.70651,2.90434],[101.70666,2.90435],[101.7067,2.90436],[101.70688,2.9044],[101.70745,2.90446],[101.70746,2.90443],[101.70769,2.90385],[101.70772,2.90376],[101.70799,2.90387],[101.70919,2.90351],[101.70943,2.90344],[101.70959,2.90339],[101.70991,2.9033],[101.71183,2.90276],[101.71351,2.90235],[101.71378,2.90228],[101.71358,2.90197],[101.71328,2.90158],[101.71304,2.90131],[101.71272,2.90097],[101.71263,2.90089],[101.71254,2.9008],[101.71227,2.90056],[101.71176,2.90017],[101.71164,2.90025],[101.7111,2.90059],[101.71021,2.90057],[101.7095,2.90077],[101.70946,2.90049],[101.70932,2.9004],[101.70891,2.90039],[101.70871,2.90039],[101.70779,2.90051],[101.70777,2.90052],[101.70763,2.90055],[101.70658,2.90055],[101.70656,2.90055],[101.70647,2.90055],[101.70639,2.90055],[101.70538,2.90055],[101.70538,2.90054],[101.70531,2.90017],[101.70522,2.89994],[101.70515,2.8998],[101.70509,2.8997],[101.70493,2.89948],[101.70481,2.89936],[101.70474,2.8993],[101.70451,2.89909],[101.70374,2.89859],[101.70362,2.89845],[101.70312,2.89858],[101.70256,2.89828],[101.70189,2.89918],[101.70161,2.89952],[101.7012,2.90002],[101.7017,2.90105],[101.70183,2.90131],[101.70164,2.90492],[101.70158,2.90541],[101.69755,2.90641],[101.69753,2.9085],[101.69752,2.90953],[101.70059,2.90949],[101.70057,2.91265],[101.7012,2.91112],[101.70157,2.91029],[101.70157,2.91029],[101.70159,2.91013],[101.70176,2.91009],[101.70215,2.90999],[101.70217,2.90999],[101.70228,2.90996],[101.70231,2.90995]]]}},{"type":"Feature","properties":{"fid":236,"nama":"Sungai Merab","pdk_thn":2006,"luas_h":110.94,"kpdt":18,"unj_2025":0,"unj_2030":0,"unj_2035":0,"e_blok":"1007C020","pop_share":0.006180199,"recy_annual_t":55.622},"geometry":{"type":"Polygon","coordinates":[[[101.70736,2.91328],[101.71017,2.91135],[101.71036,2.91159],[101.71037,2.91159],[101.71037,2.91159],[101.71107,2.91157],[101.71106,2.91149],[101.71103,2.91099],[101.71097,2.91003],[101.71093,2.90935],[101.71092,2.90917],[101.71161,2.90916],[101.71227,2.90916],[101.71254,2.90916],[101.71242,2.90807],[101.71222,2.90624],[101.71222,2.90624],[101.71224,2.90623],[101.71296,2.90587],[101.71337,2.90571],[101.71487,2.90522],[101.71495,2.9052],[101.71489,2.90497],[101.71475,2.90454],[101.71444,2.9036],[101.71428,2.9032],[101.71409,2.90283],[101.71391,2.90249],[101.71378,2.90228],[101.71351,2.90235],[101.71183,2.90276],[101.70991,2.9033],[101.70959,2.90339],[101.70943,2.90344],[101.70919,2.90351],[101.70799,2.90387],[101.70772,2.90376],[101.70769,2.90385],[101.70746,2.90443],[101.70745,2.90446],[101.70688,2.9044],[101.7067,2.90436],[101.70666,2.90435],[101.70651,2.90434],[101.70643,2.90434],[101.7063,2.90435],[101.70574,2.90444],[101.70426,2.9048],[101.70365,2.90494],[101.70349,2.90501],[101.70331,2.90511],[101.70323,2.90525],[101.70317,2.90539],[101.70313,2.90568],[101.7031,2.90597],[101.70312,2.9071],[101.70311,2.90911],[101.70311,2.90911],[101.70311,2.90911],[101.7031,2.90911],[101.70256,2.90922],[101.70256,2.90922],[101.70253,2.90928],[101.70251,2.90931],[101.70248,2.90938],[101.70246,2.90945],[101.70245,2.90948],[101.70231,2.90995],[101.70228,2.90996],[101.70217,2.90999],[101.70215,2.90999],[101.70176,2.91009],[101.70159,2.91013],[101.70157,2.91029],[101.70157,2.91029],[101.7012,2.91112],[101.70057,2.91265],[101.70057,2.91314],[101.70298,2.91311],[101.70525,2.91307],[101.70737,2.91304],[101.70736,2.91328]]]}},{"type":"Feature","properties":{"fid":237,"nama":"Sungai Merab","pdk_thn":1282,"luas_h":365.99,"kpdt":4,"unj_2025":0,"unj_2030":0,"unj_2035":0,"e_blok":"1007C021","pop_share":0.003949659,"recy_annual_t":35.547},"geometry":{"type":"Polygon","coordinates":[[[101.72952,2.91275],[101.72966,2.91275],[101.72973,2.91278],[101.72976,2.91285],[101.72987,2.91289],[101.73063,2.91298],[101.73071,2.91293],[101.73092,2.91278],[101.73085,2.91257],[101.73082,2.91209],[101.73077,2.91191],[101.73052,2.91176],[101.73023,2.91156],[101.72956,2.91134],[101.72932,2.91118],[101.72928,2.91104],[101.72935,2.9108],[101.7296,2.9106],[101.72985,2.91033],[101.73002,2.91015],[101.73026,2.90995],[101.73039,2.90985],[101.73053,2.90976],[101.73066,2.90966],[101.73079,2.90952],[101.73085,2.90946],[101.73079,2.90942],[101.73018,2.90895],[101.73141,2.90751],[101.73239,2.90636],[101.73295,2.9057],[101.73359,2.90611],[101.734,2.90602],[101.7381,2.90113],[101.73885,2.90022],[101.73871,2.89999],[101.73834,2.89958],[101.73804,2.89929],[101.73761,2.89894],[101.73705,2.8986],[101.7365,2.89837],[101.73607,2.89792],[101.73561,2.89736],[101.73535,2.89703],[101.73503,2.8965],[101.73469,2.89612],[101.73421,2.89581],[101.73386,2.89566],[101.7336,2.89563],[101.73388,2.89527],[101.73421,2.89483],[101.73464,2.89444],[101.73486,2.89415],[101.73507,2.89371],[101.73519,2.89333],[101.73539,2.89291],[101.73564,2.89252],[101.73594,2.89216],[101.73631,2.8917],[101.73662,2.8914],[101.73684,2.89121],[101.73718,2.891],[101.73741,2.89076],[101.73754,2.89054],[101.73776,2.89036],[101.73807,2.89024],[101.73839,2.89018],[101.73872,2.89018],[101.73919,2.89023],[101.73967,2.89023],[101.73992,2.89022],[101.74041,2.89018],[101.74072,2.89021],[101.74164,2.89046],[101.74218,2.89061],[101.74299,2.89077],[101.74372,2.89097],[101.74444,2.89115],[101.74505,2.89125],[101.74564,2.89145],[101.74606,2.89167],[101.74654,2.8919],[101.74738,2.89216],[101.7479,2.89224],[101.74837,2.89231],[101.74882,2.89233],[101.74927,2.89229],[101.74956,2.89224],[101.74986,2.89214],[101.74959,2.89188],[101.74911,2.8914],[101.74847,2.89079],[101.74835,2.89071],[101.74809,2.89059],[101.74767,2.89047],[101.74731,2.89046],[101.74694,2.89053],[101.74621,2.89079],[101.7459,2.89086],[101.74548,2.89086],[101.74515,2.89082],[101.74476,2.8907],[101.74415,2.89043],[101.74388,2.8903],[101.74348,2.89018],[101.74155,2.8899],[101.74107,2.88979],[101.73974,2.88943],[101.7382,2.88902],[101.73767,2.88882],[101.73692,2.88852],[101.73643,2.88836],[101.73592,2.88819],[101.7346,2.88774],[101.73459,2.88778],[101.73402,2.89004],[101.73394,2.89021],[101.73379,2.89038],[101.73362,2.89055],[101.73349,2.89074],[101.73264,2.89146],[101.73228,2.89179],[101.73142,2.89259],[101.73073,2.89323],[101.73039,2.89355],[101.7287,2.89512],[101.72812,2.89566],[101.72793,2.8958],[101.72781,2.89586],[101.72761,2.89592],[101.72726,2.89597],[101.72705,2.89604],[101.72692,2.89612],[101.72684,2.8962],[101.72677,2.89631],[101.72675,2.89638],[101.72672,2.89649],[101.72663,2.89683],[101.72651,2.8968],[101.72645,2.8968],[101.7264,2.8968],[101.72634,2.89678],[101.72629,2.89676],[101.72624,2.89673],[101.7262,2.8967],[101.72616,2.89666],[101.72606,2.89659],[101.72597,2.89654],[101.72587,2.89648],[101.72577,2.89644],[101.72566,2.8964],[101.72556,2.89637],[101.72545,2.89634],[101.72534,2.89632],[101.72523,2.8963],[101.72512,2.89629],[101.725,2.89629],[101.72489,2.8963],[101.72478,2.89631],[101.72467,2.89633],[101.72451,2.89636],[101.72435,2.89638],[101.72418,2.8964],[101.72402,2.89641],[101.72385,2.89641],[101.72369,2.8964],[101.72353,2.89639],[101.72337,2.89637],[101.7232,2.89634],[101.72304,2.89631],[101.72288,2.89627],[101.72279,2.89622],[101.72269,2.89617],[101.72259,2.89613],[101.72248,2.89609],[101.72237,2.89607],[101.72227,2.89605],[101.72216,2.89603],[101.72205,2.89603],[101.72194,2.89603],[101.72182,2.89604],[101.72172,2.89605],[101.72161,2.89608],[101.7215,2.89611],[101.7214,2.89614],[101.72129,2.89619],[101.7212,2.89623],[101.7211,2.89629],[101.72101,2.89635],[101.72092,2.89642],[101.7208,2.89648],[101.72068,2.89654],[101.72055,2.89659],[101.72043,2.89663],[101.7203,2.89667],[101.72016,2.8967],[101.72003,2.89673],[101.7199,2.89674],[101.71976,2.89676],[101.71965,2.89676],[101.71966,2.89681],[101.71963,2.89682],[101.71894,2.89672],[101.71806,2.8964],[101.71799,2.89639],[101.71723,2.89616],[101.71638,2.89569],[101.7161,2.89552],[101.71176,2.90017],[101.71227,2.90056],[101.71254,2.9008],[101.71263,2.90089],[101.71272,2.90097],[101.71304,2.90131],[101.71328,2.90158],[101.71358,2.90197],[101.71378,2.90228],[101.71391,2.90249],[101.71409,2.90283],[101.71428,2.9032],[101.71444,2.9036],[101.71475,2.90454],[101.71489,2.90497],[101.71495,2.9052],[101.71557,2.90501],[101.71777,2.90428],[101.719,2.90388],[101.72004,2.90355],[101.72037,2.90345],[101.72047,2.90342],[101.72177,2.90425],[101.7234,2.90526],[101.72371,2.90541],[101.72395,2.90546],[101.72401,2.90589],[101.72414,2.90605],[101.72418,2.90716],[101.72426,2.90726],[101.72422,2.90787],[101.72429,2.90907],[101.72429,2.90945],[101.72418,2.91009],[101.72399,2.91052],[101.72359,2.91155],[101.72343,2.91234],[101.72344,2.91234],[101.72356,2.91236],[101.72407,2.91238],[101.72415,2.91237],[101.72577,2.91225],[101.72588,2.91224],[101.72599,2.91223],[101.72603,2.91223],[101.72645,2.9123],[101.72653,2.91231],[101.72699,2.91239],[101.72724,2.91243],[101.72806,2.91279],[101.72905,2.91295],[101.72911,2.91301],[101.72914,2.91303],[101.72915,2.9129],[101.72916,2.91276],[101.72952,2.91275]]]}},{"type":"Feature","properties":{"fid":238,"nama":"Sungai Merab","pdk_thn":1632,"luas_h":275.43,"kpdt":6,"unj_2025":0,"unj_2030":0,"unj_2035":0,"e_blok":"1007C022","pop_share":0.005027959,"recy_annual_t":45.252},"geometry":{"type":"Polygon","coordinates":[[[101.72213,2.922],[101.72228,2.92192],[101.72227,2.92193],[101.72233,2.92189],[101.72242,2.92177],[101.72243,2.92174],[101.72246,2.92152],[101.72248,2.9211],[101.72251,2.92083],[101.72252,2.92073],[101.72253,2.92069],[101.72255,2.92062],[101.72264,2.92038],[101.72279,2.92023],[101.72284,2.92021],[101.72294,2.92016],[101.72313,2.92011],[101.7234,2.92012],[101.72457,2.92072],[101.72465,2.92073],[101.72473,2.92063],[101.72481,2.92055],[101.7249,2.9205],[101.72536,2.92048],[101.72542,2.92046],[101.72551,2.9204],[101.72557,2.92032],[101.72561,2.92021],[101.72558,2.91956],[101.72558,2.91946],[101.72564,2.91906],[101.7256,2.91862],[101.72556,2.91839],[101.7255,2.91812],[101.72545,2.91784],[101.72541,2.91764],[101.72528,2.91673],[101.72529,2.91651],[101.72542,2.91602],[101.72548,2.9154],[101.72555,2.91515],[101.72566,2.91493],[101.72593,2.91461],[101.72603,2.91453],[101.72622,2.91447],[101.72662,2.91436],[101.72669,2.91431],[101.72669,2.91422],[101.72625,2.91367],[101.72608,2.91333],[101.72584,2.91265],[101.72578,2.91228],[101.72577,2.91225],[101.72415,2.91237],[101.72407,2.91238],[101.72356,2.91236],[101.72344,2.91234],[101.72343,2.91234],[101.72359,2.91155],[101.72399,2.91052],[101.72418,2.91009],[101.72429,2.90945],[101.72429,2.90907],[101.72422,2.90787],[101.72426,2.90726],[101.72418,2.90716],[101.72414,2.90605],[101.72401,2.90589],[101.72395,2.90546],[101.72371,2.90541],[101.7234,2.90526],[101.72177,2.90425],[101.72047,2.90342],[101.72037,2.90345],[101.72004,2.90355],[101.719,2.90388],[101.7184,2.90408],[101.71777,2.90428],[101.71557,2.90501],[101.71495,2.9052],[101.71487,2.90522],[101.71337,2.90571],[101.71296,2.90587],[101.71224,2.90623],[101.71222,2.90624],[101.71222,2.90624],[101.71242,2.90807],[101.71254,2.90916],[101.71227,2.90916],[101.71161,2.90916],[101.71092,2.90917],[101.71093,2.90935],[101.71097,2.91003],[101.71103,2.91099],[101.71106,2.91149],[101.71107,2.91157],[101.71037,2.91159],[101.71037,2.91159],[101.71036,2.91159],[101.71017,2.91135],[101.70736,2.91328],[101.70732,2.91491],[101.70732,2.91646],[101.70822,2.91634],[101.70847,2.91631],[101.70864,2.91634],[101.70883,2.9164],[101.7091,2.91655],[101.70969,2.91702],[101.70998,2.91726],[101.71039,2.91761],[101.71047,2.91772],[101.71063,2.91802],[101.71082,2.91863],[101.71088,2.91885],[101.71093,2.91907],[101.71243,2.91816],[101.71294,2.91818],[101.71343,2.91719],[101.71389,2.91653],[101.71445,2.91707],[101.71482,2.91743],[101.71519,2.91779],[101.7153,2.91787],[101.71582,2.91812],[101.71629,2.91846],[101.71673,2.91881],[101.71698,2.91907],[101.71704,2.91935],[101.71706,2.92058],[101.7171,2.92079],[101.71717,2.92092],[101.71805,2.92156],[101.71818,2.92161],[101.71849,2.92162],[101.71881,2.92165],[101.71919,2.92177],[101.7198,2.922],[101.72035,2.92218],[101.72063,2.92224],[101.72099,2.92223],[101.72184,2.9221],[101.72213,2.922]]]}},{"type":"Feature","properties":{"fid":239,"nama":"Sungai Merab","pdk_thn":958,"luas_h":226.83,"kpdt":4,"unj_2025":0,"unj_2030":0,"unj_2035":0,"e_blok":"1007C032","pop_share":0.002951461,"recy_annual_t":26.563},"geometry":{"type":"Polygon","coordinates":[[[101.71851,2.97095],[101.71866,2.97095],[101.7188,2.97096],[101.71895,2.97097],[101.71909,2.97099],[101.71922,2.97101],[101.71923,2.97102],[101.71926,2.97102],[101.71933,2.97104],[101.71937,2.97105],[101.71942,2.97106],[101.71945,2.97107],[101.71952,2.97109],[101.71965,2.97114],[101.71979,2.97119],[101.71992,2.97125],[101.72011,2.97027],[101.72013,2.96907],[101.71997,2.96808],[101.7198,2.96747],[101.71979,2.96745],[101.71979,2.96745],[101.71962,2.96676],[101.71954,2.96645],[101.71945,2.9661],[101.71944,2.96605],[101.71939,2.96587],[101.71923,2.96529],[101.71906,2.96468],[101.71888,2.96403],[101.71878,2.96371],[101.71869,2.96337],[101.71849,2.96272],[101.71829,2.96207],[101.71803,2.96123],[101.71803,2.96123],[101.71796,2.96105],[101.71789,2.96087],[101.71782,2.9607],[101.71773,2.96052],[101.71765,2.96035],[101.71755,2.96019],[101.71745,2.96002],[101.71734,2.95987],[101.71723,2.95971],[101.71711,2.95956],[101.71699,2.95942],[101.71686,2.95927],[101.71683,2.95924],[101.71678,2.95918],[101.7166,2.95898],[101.71649,2.95888],[101.71638,2.95878],[101.71626,2.95868],[101.71613,2.95859],[101.71601,2.9585],[101.71588,2.95842],[101.71574,2.95835],[101.7156,2.95828],[101.71546,2.95822],[101.71538,2.9582],[101.71537,2.96411],[101.71473,2.96385],[101.71468,2.96383],[101.71461,2.9638],[101.71423,2.96415],[101.71392,2.96407],[101.71386,2.96406],[101.71347,2.96329],[101.71299,2.96295],[101.71287,2.96253],[101.71251,2.9622],[101.71143,2.96167],[101.71138,2.96164],[101.71062,2.96164],[101.71012,2.96196],[101.70921,2.96215],[101.7092,2.96215],[101.70884,2.96198],[101.70884,2.96355],[101.70341,2.9635],[101.70339,2.96706],[101.70208,2.96817],[101.69979,2.96848],[101.69991,2.97022],[101.69998,2.97022],[101.69998,2.97024],[101.7001,2.97191],[101.70078,2.97327],[101.70316,2.97542],[101.70307,2.97558],[101.70343,2.97574],[101.70349,2.97576],[101.7053,2.97544],[101.70657,2.97486],[101.70768,2.97386],[101.70916,2.97271],[101.71,2.9721],[101.71057,2.97174],[101.71183,2.97157],[101.71386,2.97153],[101.71533,2.97153],[101.71558,2.97151],[101.71581,2.97147],[101.71604,2.97143],[101.71626,2.97138],[101.71649,2.97133],[101.7168,2.97125],[101.71697,2.97121],[101.71712,2.97118],[101.71744,2.97111],[101.71758,2.97108],[101.71776,2.97105],[101.71804,2.971],[101.71808,2.971],[101.71822,2.97098],[101.71837,2.97096],[101.7185,2.97095],[101.71851,2.97095]],[[101.71277,2.96689],[101.71209,2.96674],[101.71144,2.96671],[101.71078,2.96647],[101.71056,2.96638],[101.71087,2.96568],[101.71077,2.96564],[101.71096,2.96523],[101.71196,2.96568],[101.71238,2.96585],[101.71306,2.96613],[101.71277,2.96689]],[[101.71023,2.9667],[101.70955,2.96677],[101.70953,2.96657],[101.70952,2.96641],[101.7102,2.96633],[101.71022,2.96651],[101.71023,2.9667]]]}},{"type":"Feature","properties":{"fid":240,"nama":"Sungai Merab","pdk_thn":630,"luas_h":2.92,"kpdt":216,"unj_2025":0,"unj_2030":0,"unj_2035":0,"e_blok":"1007C033","pop_share":0.00194094,"recy_annual_t":17.468},"geometry":{"type":"Polygon","coordinates":[[[101.71196,2.96568],[101.71096,2.96523],[101.71077,2.96564],[101.71087,2.96568],[101.71056,2.96638],[101.71078,2.96647],[101.71144,2.96671],[101.71209,2.96674],[101.71277,2.96689],[101.71306,2.96613],[101.71238,2.96585],[101.71196,2.96568]]]}},{"type":"Feature","properties":{"fid":241,"nama":"Sungai Merab","pdk_thn":799,"luas_h":0.31,"kpdt":2577,"unj_2025":0,"unj_2030":0,"unj_2035":0,"e_blok":"1007C034","pop_share":0.002461605,"recy_annual_t":22.154},"geometry":{"type":"Polygon","coordinates":[[[101.71022,2.96651],[101.7102,2.96633],[101.70952,2.96641],[101.70953,2.96657],[101.70955,2.96677],[101.71023,2.9667],[101.71022,2.96651]]]}},{"type":"Feature","properties":{"fid":242,"nama":"Sungai Merab","pdk_thn":2994,"luas_h":165.01,"kpdt":18,"unj_2025":0,"unj_2030":0,"unj_2035":0,"e_blok":"1007C035","pop_share":0.009224086,"recy_annual_t":83.017},"geometry":{"type":"Polygon","coordinates":[[[101.72735,2.9704],[101.72788,2.96998],[101.72819,2.97035],[101.72875,2.97102],[101.72924,2.97143],[101.7299,2.97169],[101.73016,2.97137],[101.73051,2.97099],[101.73095,2.97052],[101.73139,2.97007],[101.73174,2.96991],[101.73204,2.96985],[101.73214,2.96962],[101.73241,2.96961],[101.73252,2.96985],[101.73329,2.96973],[101.73368,2.96983],[101.73409,2.96995],[101.73443,2.96932],[101.73453,2.96845],[101.73437,2.9658],[101.73373,2.96404],[101.7337,2.96391],[101.73367,2.96378],[101.73363,2.96365],[101.73358,2.96352],[101.73353,2.9634],[101.73346,2.96327],[101.7334,2.96315],[101.73333,2.96304],[101.73325,2.96293],[101.73322,2.96288],[101.73317,2.96282],[101.73314,2.96279],[101.73309,2.96272],[101.73308,2.96272],[101.73306,2.96269],[101.733,2.96262],[101.73299,2.96261],[101.73298,2.96261],[101.7329,2.96252],[101.7328,2.96244],[101.73272,2.96237],[101.7327,2.96235],[101.73263,2.9623],[101.73265,2.96374],[101.73178,2.96374],[101.73178,2.96354],[101.73178,2.96356],[101.73178,2.96358],[101.73177,2.96359],[101.73177,2.96359],[101.73176,2.96361],[101.73175,2.96363],[101.73173,2.96364],[101.73172,2.96365],[101.7317,2.96365],[101.73168,2.96366],[101.73166,2.96366],[101.73164,2.96366],[101.73163,2.96365],[101.7301,2.96366],[101.72981,2.96367],[101.7292,2.96367],[101.7292,2.96207],[101.72919,2.9598],[101.72974,2.95922],[101.72987,2.95908],[101.72987,2.95908],[101.72986,2.95908],[101.72986,2.95908],[101.72954,2.95908],[101.72871,2.9591],[101.72871,2.95957],[101.72871,2.96008],[101.72871,2.96046],[101.72871,2.961],[101.72643,2.96187],[101.72506,2.96239],[101.72347,2.96302],[101.72194,2.9636],[101.72233,2.96514],[101.72269,2.96655],[101.72068,2.96719],[101.71979,2.96745],[101.71979,2.96745],[101.7198,2.96747],[101.71996,2.9681],[101.72013,2.96907],[101.72011,2.97027],[101.71992,2.97125],[101.72004,2.97131],[101.72017,2.97138],[101.72029,2.97146],[101.7204,2.97154],[101.72051,2.97162],[101.72058,2.97167],[101.72062,2.97171],[101.72062,2.97171],[101.72063,2.97172],[101.72073,2.97181],[101.72083,2.97191],[101.7209,2.972],[101.72092,2.97201],[101.72166,2.97323],[101.72179,2.9735],[101.72191,2.97378],[101.72214,2.97437],[101.72235,2.97475],[101.72276,2.97517],[101.72305,2.97557],[101.72322,2.97573],[101.72339,2.97588],[101.72357,2.97603],[101.72375,2.97617],[101.72394,2.97631],[101.72413,2.97644],[101.72432,2.97656],[101.72446,2.97666],[101.72461,2.97676],[101.72475,2.97684],[101.7249,2.97693],[101.72506,2.977],[101.72521,2.97708],[101.72537,2.97714],[101.72554,2.9772],[101.7257,2.97725],[101.72587,2.9773],[101.72603,2.97734],[101.7262,2.97738],[101.72637,2.97741],[101.72654,2.97743],[101.7267,2.97747],[101.72667,2.97723],[101.72656,2.97673],[101.72634,2.97635],[101.72648,2.97601],[101.72661,2.9757],[101.72686,2.97548],[101.72714,2.97532],[101.72759,2.97525],[101.72783,2.97506],[101.72801,2.97481],[101.72768,2.97456],[101.72731,2.97392],[101.72696,2.97319],[101.7267,2.97266],[101.72628,2.97181],[101.72601,2.97105],[101.72684,2.97076],[101.72735,2.9704]]]}},{"type":"Feature","properties":{"fid":243,"nama":"Sungai Merab","pdk_thn":2725,"luas_h":871.2,"kpdt":3,"unj_2025":0,"unj_2030":0,"unj_2035":0,"e_blok":"1007C036","pop_share":0.008395336,"recy_annual_t":75.558},"geometry":{"type":"Polygon","coordinates":[[[101.7223,3.0094],[101.72457,3.00554],[101.72574,3.0037],[101.72687,3.00237],[101.72766,3.00161],[101.73161,2.99854],[101.73349,2.99702],[101.73427,2.99622],[101.73613,2.99367],[101.73733,2.99174],[101.73773,2.991],[101.73972,2.98744],[101.74045,2.98604],[101.74161,2.98397],[101.74202,2.98283],[101.74233,2.98159],[101.74241,2.98127],[101.73749,2.98043],[101.7365,2.98037],[101.73507,2.98081],[101.73429,2.98098],[101.73378,2.98098],[101.73272,2.98076],[101.73294,2.97973],[101.73313,2.9788],[101.73311,2.97824],[101.73278,2.97759],[101.73241,2.97717],[101.7322,2.97666],[101.73231,2.97622],[101.73231,2.97621],[101.73261,2.97509],[101.73341,2.97262],[101.73379,2.97078],[101.73409,2.96995],[101.73368,2.96983],[101.73329,2.96973],[101.73252,2.96985],[101.73241,2.96961],[101.73214,2.96962],[101.73204,2.96985],[101.73174,2.96991],[101.73139,2.97007],[101.73095,2.97052],[101.73051,2.97099],[101.73016,2.97137],[101.7299,2.97169],[101.72924,2.97143],[101.72875,2.97102],[101.72819,2.97035],[101.72788,2.96998],[101.72735,2.9704],[101.72684,2.97076],[101.72601,2.97105],[101.72628,2.97181],[101.7267,2.97266],[101.72696,2.97319],[101.72731,2.97392],[101.72768,2.97456],[101.72801,2.97481],[101.72783,2.97506],[101.72759,2.97525],[101.72714,2.97532],[101.72686,2.97548],[101.72661,2.9757],[101.72648,2.97601],[101.72634,2.97635],[101.72656,2.97673],[101.72667,2.97723],[101.7267,2.97747],[101.72654,2.97743],[101.72637,2.97741],[101.7262,2.97738],[101.72603,2.97734],[101.72587,2.9773],[101.7257,2.97725],[101.72554,2.9772],[101.72537,2.97714],[101.72521,2.97708],[101.72506,2.977],[101.7249,2.97693],[101.72475,2.97684],[101.72461,2.97676],[101.72446,2.97666],[101.72432,2.97656],[101.72413,2.97644],[101.72394,2.97631],[101.72375,2.97617],[101.72357,2.97603],[101.72339,2.97588],[101.72322,2.97573],[101.72305,2.97557],[101.72276,2.97517],[101.72235,2.97475],[101.72214,2.97437],[101.72191,2.97378],[101.72179,2.9735],[101.72166,2.97323],[101.72092,2.97201],[101.7209,2.972],[101.72083,2.97191],[101.72073,2.97181],[101.72063,2.97172],[101.72062,2.97171],[101.72062,2.97171],[101.7206,2.9717],[101.72058,2.97167],[101.72051,2.97162],[101.7204,2.97154],[101.72029,2.97146],[101.72017,2.97138],[101.72004,2.97131],[101.71992,2.97125],[101.71979,2.97119],[101.71965,2.97114],[101.71952,2.97109],[101.71945,2.97107],[101.71942,2.97106],[101.71937,2.97105],[101.71933,2.97104],[101.71926,2.97102],[101.71923,2.97102],[101.71922,2.97101],[101.71909,2.97099],[101.71895,2.97097],[101.7188,2.97096],[101.71866,2.97095],[101.71851,2.97095],[101.7185,2.97095],[101.71837,2.97096],[101.71822,2.97098],[101.71808,2.971],[101.71804,2.971],[101.71776,2.97105],[101.71758,2.97108],[101.71744,2.97111],[101.71712,2.97118],[101.71697,2.97121],[101.7168,2.97125],[101.71649,2.97133],[101.71626,2.97138],[101.71604,2.97143],[101.71581,2.97147],[101.71558,2.97151],[101.71533,2.97153],[101.71386,2.97153],[101.71183,2.97157],[101.71057,2.97174],[101.71,2.9721],[101.70916,2.97271],[101.70768,2.97386],[101.70657,2.97486],[101.7053,2.97544],[101.70349,2.97576],[101.70345,2.97577],[101.70364,2.97587],[101.70413,2.9762],[101.7061,2.97753],[101.70755,2.9791],[101.70765,2.97928],[101.70781,2.97959],[101.70828,2.98046],[101.7081,2.9822],[101.70829,2.9824],[101.70869,2.98272],[101.70805,2.9833],[101.71144,2.98362],[101.7117,2.98364],[101.7117,2.98364],[101.71426,2.98388],[101.71358,2.98642],[101.7134,2.98708],[101.71486,2.98747],[101.71736,2.98812],[101.71839,2.98924],[101.71906,2.99205],[101.71914,2.99239],[101.71924,2.99281],[101.71925,2.99633],[101.71913,2.99718],[101.71862,3.00082],[101.71844,3.00214],[101.71844,3.00322],[101.71806,3.00324],[101.71813,3.0038],[101.71824,3.00404],[101.71839,3.00727],[101.71811,3.00726],[101.71788,3.00719],[101.71737,3.00717],[101.71737,3.00733],[101.71739,3.00738],[101.71729,3.00739],[101.7176,3.00839],[101.71969,3.01108],[101.72092,3.0118],[101.72213,3.00969],[101.7223,3.0094]]]}},{"type":"Feature","properties":{"fid":244,"nama":"Sungai Merab","pdk_thn":425,"luas_h":1.53,"kpdt":278,"unj_2025":0,"unj_2030":0,"unj_2035":0,"e_blok":"1007C037","pop_share":0.001309364,"recy_annual_t":11.784},"geometry":{"type":"Polygon","coordinates":[[[101.73901,2.97845],[101.73825,2.97843],[101.73817,2.97849],[101.73813,2.97874],[101.73812,2.97969],[101.73816,2.97984],[101.73826,2.97987],[101.73895,2.97986],[101.73901,2.9798],[101.73901,2.97845]]]}},{"type":"Feature","properties":{"fid":245,"nama":"Sungai Merab","pdk_thn":1541,"luas_h":2.68,"kpdt":575,"unj_2025":0,"unj_2030":0,"unj_2035":0,"e_blok":"1007C038","pop_share":0.004747601,"recy_annual_t":42.728},"geometry":{"type":"Polygon","coordinates":[[[101.74061,2.97561],[101.74058,2.97477],[101.7399,2.97478],[101.73923,2.97479],[101.73923,2.9756],[101.73923,2.97634],[101.73984,2.97636],[101.74064,2.97637],[101.74061,2.97561]]]}},{"type":"Feature","properties":{"fid":246,"nama":"Sungai Merab","pdk_thn":2156,"luas_h":281.5,"kpdt":8,"unj_2025":0,"unj_2030":0,"unj_2035":0,"e_blok":"1007C039","pop_share":0.006642328,"recy_annual_t":59.781},"geometry":{"type":"Polygon","coordinates":[[[101.74257,2.9806],[101.7427,2.9798],[101.7427,2.97891],[101.74271,2.97665],[101.74272,2.9753],[101.74273,2.97404],[101.74268,2.97281],[101.74276,2.97084],[101.74306,2.96875],[101.74381,2.966],[101.7446,2.96402],[101.74516,2.96284],[101.74599,2.9615],[101.74643,2.96079],[101.74691,2.9601],[101.74741,2.95928],[101.74781,2.95864],[101.7475,2.95865],[101.74705,2.95869],[101.74696,2.95868],[101.74678,2.95869],[101.74626,2.9587],[101.74599,2.95868],[101.74558,2.95865],[101.74334,2.95866],[101.7415,2.95867],[101.74083,2.95867],[101.74043,2.95867],[101.74039,2.95868],[101.74005,2.95866],[101.73995,2.95867],[101.73995,2.95867],[101.73956,2.95867],[101.73913,2.95873],[101.73884,2.95879],[101.73778,2.95894],[101.73697,2.95876],[101.73492,2.95877],[101.73478,2.95875],[101.73452,2.95861],[101.73432,2.95835],[101.7327,2.95739],[101.7327,2.95895],[101.7327,2.95897],[101.7327,2.95922],[101.73271,2.96061],[101.73271,2.96093],[101.73271,2.96093],[101.73272,2.96121],[101.73272,2.96135],[101.73272,2.96237],[101.7328,2.96244],[101.7329,2.96252],[101.73298,2.96261],[101.73299,2.96261],[101.733,2.96262],[101.73306,2.96269],[101.73308,2.96272],[101.73309,2.96272],[101.73314,2.96279],[101.73317,2.96282],[101.73322,2.96288],[101.73325,2.96293],[101.73333,2.96304],[101.7334,2.96315],[101.73346,2.96327],[101.73353,2.9634],[101.73358,2.96352],[101.73363,2.96365],[101.73367,2.96378],[101.7337,2.96391],[101.73373,2.96404],[101.73437,2.9658],[101.73453,2.96845],[101.73443,2.96932],[101.73409,2.96995],[101.73379,2.97078],[101.73341,2.97262],[101.73261,2.97509],[101.73231,2.97622],[101.7322,2.97666],[101.73241,2.97717],[101.73278,2.97759],[101.73311,2.97824],[101.73313,2.9788],[101.73294,2.97973],[101.73272,2.98076],[101.73378,2.98098],[101.73429,2.98098],[101.73507,2.98081],[101.7365,2.98037],[101.73749,2.98043],[101.74241,2.98127],[101.74257,2.9806]],[[101.73923,2.97479],[101.74058,2.97477],[101.74064,2.97637],[101.73923,2.97634],[101.73923,2.97479]],[[101.73817,2.97849],[101.73825,2.97843],[101.73901,2.97845],[101.73901,2.9798],[101.73895,2.97986],[101.73826,2.97987],[101.73816,2.97984],[101.73812,2.97969],[101.73813,2.97874],[101.73817,2.97849]]]}},{"type":"Feature","properties":{"fid":247,"nama":"Sungai Merab","pdk_thn":1497,"luas_h":127.28,"kpdt":12,"unj_2025":0,"unj_2030":0,"unj_2035":0,"e_blok":"1007C040","pop_share":0.004612043,"recy_annual_t":41.508},"geometry":{"type":"Polygon","coordinates":[[[101.73996,2.95693],[101.73996,2.95693],[101.73808,2.95693],[101.73739,2.95694],[101.73591,2.95695],[101.73474,2.95695],[101.73366,2.95695],[101.73361,2.95695],[101.7327,2.95696],[101.7327,2.957],[101.7327,2.95739],[101.73432,2.95835],[101.73452,2.95861],[101.73478,2.95875],[101.73492,2.95877],[101.73697,2.95876],[101.73778,2.95894],[101.73884,2.95879],[101.73913,2.95873],[101.73956,2.95867],[101.73995,2.95867],[101.73995,2.95867],[101.74005,2.95866],[101.74039,2.95868],[101.74043,2.95867],[101.74083,2.95867],[101.7415,2.95867],[101.74334,2.95866],[101.74558,2.95865],[101.74599,2.95868],[101.74626,2.9587],[101.74678,2.95869],[101.74696,2.95868],[101.74705,2.95869],[101.7475,2.95865],[101.74781,2.95864],[101.74853,2.95748],[101.74874,2.95714],[101.74891,2.95687],[101.74909,2.95657],[101.74985,2.95536],[101.75029,2.95465],[101.75076,2.95375],[101.75114,2.95288],[101.75153,2.95188],[101.75171,2.95122],[101.74741,2.95122],[101.7474,2.94906],[101.74603,2.94907],[101.74417,2.9491],[101.73973,2.94912],[101.73973,2.94913],[101.73973,2.94913],[101.73973,2.94928],[101.73973,2.94929],[101.73975,2.9529],[101.73994,2.95289],[101.73996,2.95459],[101.73996,2.95692],[101.73996,2.95693]]]}},{"type":"Feature","properties":{"fid":248,"nama":"Sungai Merab","pdk_thn":1373,"luas_h":138.82,"kpdt":10,"unj_2025":0,"unj_2030":0,"unj_2035":0,"e_blok":"1007C041","pop_share":0.004230017,"recy_annual_t":38.07},"geometry":{"type":"Polygon","coordinates":[[[101.74737,2.9428],[101.74736,2.9428],[101.74737,2.9428],[101.74738,2.94239],[101.74738,2.94161],[101.74735,2.94109],[101.74736,2.94094],[101.74731,2.93988],[101.74769,2.93988],[101.74898,2.93989],[101.75057,2.9399],[101.75057,2.93938],[101.75056,2.93938],[101.74977,2.93937],[101.74929,2.93936],[101.74897,2.93937],[101.74896,2.93857],[101.74921,2.93827],[101.74918,2.93794],[101.74918,2.93794],[101.74916,2.93769],[101.74916,2.93768],[101.74787,2.93828],[101.74725,2.93827],[101.74725,2.93827],[101.74725,2.93843],[101.74714,2.93851],[101.74703,2.93858],[101.74694,2.93864],[101.74692,2.93865],[101.7468,2.93871],[101.74668,2.93876],[101.74656,2.93881],[101.74643,2.93885],[101.7463,2.93888],[101.74593,2.93897],[101.74593,2.93897],[101.74555,2.93904],[101.74548,2.93906],[101.74538,2.93908],[101.7452,2.9391],[101.74502,2.93912],[101.74493,2.93912],[101.74489,2.93912],[101.74464,2.93913],[101.74453,2.93913],[101.74441,2.93915],[101.74429,2.93916],[101.74417,2.93916],[101.74404,2.93916],[101.74392,2.93916],[101.7438,2.93914],[101.74368,2.93913],[101.74351,2.93912],[101.74333,2.93911],[101.74315,2.93909],[101.74298,2.93907],[101.74298,2.93908],[101.74299,2.93926],[101.743,2.93944],[101.743,2.93945],[101.74301,2.9396],[101.74301,2.93961],[101.743,2.93967],[101.74299,2.93974],[101.74298,2.93979],[101.74295,2.93986],[101.74295,2.93986],[101.74294,2.93989],[101.74293,2.93992],[101.74291,2.93996],[101.74285,2.94005],[101.7428,2.94014],[101.74268,2.94029],[101.74257,2.94044],[101.74215,2.94087],[101.74202,2.94104],[101.74189,2.9412],[101.74189,2.94121],[101.74187,2.94124],[101.74184,2.94127],[101.74184,2.94128],[101.74177,2.94138],[101.74165,2.94156],[101.74159,2.94164],[101.74153,2.94173],[101.7415,2.94179],[101.74149,2.94181],[101.74148,2.94181],[101.74118,2.94242],[101.74114,2.94253],[101.74097,2.94293],[101.74067,2.94304],[101.74044,2.94318],[101.74021,2.94337],[101.74003,2.94357],[101.73998,2.94364],[101.73991,2.94374],[101.73993,2.94436],[101.73991,2.94522],[101.73991,2.94817],[101.7399,2.94912],[101.74417,2.9491],[101.74603,2.94907],[101.7474,2.94906],[101.74741,2.95122],[101.75082,2.95121],[101.75171,2.95122],[101.75201,2.94988],[101.75217,2.94868],[101.75225,2.94692],[101.75228,2.94425],[101.75249,2.94214],[101.75224,2.94211],[101.75163,2.94214],[101.75012,2.94236],[101.74889,2.94255],[101.74778,2.94273],[101.74737,2.9428]]]}},{"type":"Feature","properties":{"fid":249,"nama":"Sungai Merab","pdk_thn":958,"luas_h":27.86,"kpdt":34,"unj_2025":0,"unj_2030":0,"unj_2035":0,"e_blok":"1007C042","pop_share":0.002951461,"recy_annual_t":26.563},"geometry":{"type":"Polygon","coordinates":[[[101.75163,2.94214],[101.75224,2.94211],[101.75249,2.94214],[101.75251,2.94197],[101.75256,2.9417],[101.75272,2.94084],[101.753,2.93966],[101.75323,2.93897],[101.75378,2.93737],[101.75323,2.93706],[101.75292,2.93753],[101.75258,2.93757],[101.75224,2.93759],[101.75196,2.93761],[101.75173,2.93762],[101.75155,2.93763],[101.75101,2.93764],[101.751,2.93764],[101.75074,2.93763],[101.75032,2.93762],[101.74995,2.9376],[101.74991,2.9376],[101.74985,2.93759],[101.74984,2.93759],[101.74979,2.93758],[101.74975,2.93758],[101.74973,2.93758],[101.74969,2.93758],[101.74966,2.93758],[101.74962,2.93758],[101.74958,2.93758],[101.74956,2.93758],[101.7495,2.93758],[101.74949,2.93758],[101.74948,2.93759],[101.74946,2.93759],[101.74936,2.9376],[101.74916,2.93769],[101.74916,2.93769],[101.74918,2.93794],[101.74918,2.93794],[101.74921,2.93827],[101.74896,2.93857],[101.74897,2.93937],[101.74977,2.93937],[101.75056,2.93938],[101.75057,2.93938],[101.75057,2.9399],[101.74898,2.93989],[101.74769,2.93988],[101.74731,2.93988],[101.74736,2.94094],[101.74735,2.94109],[101.74738,2.94161],[101.74738,2.94239],[101.74737,2.9428],[101.74778,2.94273],[101.74889,2.94255],[101.75012,2.94236],[101.75024,2.94234],[101.75163,2.94214]]]}},{"type":"Feature","properties":{"fid":250,"nama":"Sungai Merab","pdk_thn":1187,"luas_h":33.71,"kpdt":35,"unj_2025":0,"unj_2030":0,"unj_2035":0,"e_blok":"1007C043","pop_share":0.003656977,"recy_annual_t":32.913},"geometry":{"type":"Polygon","coordinates":[[[101.75224,2.93759],[101.75258,2.93757],[101.75292,2.93753],[101.75323,2.93706],[101.75378,2.93737],[101.75401,2.93668],[101.75439,2.93545],[101.75474,2.93471],[101.75495,2.9344],[101.75583,2.93228],[101.7557,2.93222],[101.75511,2.93222],[101.75413,2.93221],[101.75405,2.93222],[101.7536,2.9323],[101.75272,2.93246],[101.7522,2.93256],[101.75128,2.93272],[101.75084,2.9328],[101.75041,2.93288],[101.75032,2.93292],[101.75025,2.93296],[101.75012,2.93311],[101.74964,2.93381],[101.74917,2.9345],[101.74905,2.93462],[101.7489,2.9347],[101.74858,2.93481],[101.74851,2.9364],[101.74961,2.9364],[101.74955,2.93682],[101.74953,2.937],[101.74939,2.9372],[101.74937,2.93728],[101.74939,2.93738],[101.74946,2.93759],[101.74949,2.93758],[101.7495,2.93758],[101.74956,2.93758],[101.74958,2.93758],[101.74962,2.93758],[101.74966,2.93758],[101.74969,2.93758],[101.74973,2.93758],[101.74975,2.93758],[101.74979,2.93758],[101.74984,2.93759],[101.74985,2.93759],[101.74991,2.9376],[101.74995,2.9376],[101.75032,2.93762],[101.75074,2.93763],[101.751,2.93764],[101.75101,2.93764],[101.75155,2.93763],[101.75173,2.93762],[101.75196,2.93761],[101.75224,2.93759]]]}},{"type":"Feature","properties":{"fid":251,"nama":"Sungai Merab","pdk_thn":783,"luas_h":28.73,"kpdt":27,"unj_2025":0,"unj_2030":0,"unj_2035":0,"e_blok":"1007C044","pop_share":0.002412311,"recy_annual_t":21.711},"geometry":{"type":"Polygon","coordinates":[[[101.74441,2.93915],[101.74453,2.93913],[101.74464,2.93913],[101.74489,2.93912],[101.74493,2.93912],[101.74502,2.93912],[101.7452,2.9391],[101.74538,2.93908],[101.74548,2.93906],[101.74555,2.93904],[101.74593,2.93897],[101.74593,2.93897],[101.7463,2.93888],[101.74643,2.93885],[101.74656,2.93881],[101.74668,2.93876],[101.7468,2.93871],[101.74692,2.93865],[101.74694,2.93864],[101.74703,2.93858],[101.74714,2.93851],[101.74724,2.93844],[101.74725,2.93843],[101.74725,2.93827],[101.74725,2.93827],[101.74787,2.93828],[101.74916,2.93768],[101.74916,2.93769],[101.74936,2.9376],[101.74946,2.93759],[101.74939,2.93738],[101.74937,2.93728],[101.74939,2.9372],[101.74953,2.937],[101.74955,2.93682],[101.74961,2.9364],[101.74851,2.9364],[101.74858,2.93481],[101.74813,2.93497],[101.7478,2.93509],[101.74722,2.93529],[101.74722,2.93522],[101.74677,2.93522],[101.74483,2.93514],[101.74308,2.93504],[101.74292,2.93509],[101.74269,2.93509],[101.74254,2.93513],[101.74246,2.93512],[101.74246,2.93554],[101.74246,2.93701],[101.74247,2.93706],[101.74255,2.93727],[101.74263,2.93749],[101.74269,2.93772],[101.74276,2.93794],[101.74281,2.93816],[101.74286,2.93839],[101.74291,2.93862],[101.74294,2.93885],[101.74298,2.93908],[101.74298,2.93908],[101.74298,2.93907],[101.74315,2.93909],[101.74333,2.93911],[101.74351,2.93912],[101.74368,2.93913],[101.7438,2.93914],[101.74392,2.93916],[101.74404,2.93916],[101.74417,2.93916],[101.74429,2.93916],[101.74441,2.93915]]]}},{"type":"Feature","properties":{"fid":252,"nama":"Sungai Merab","pdk_thn":1081,"luas_h":77.73,"kpdt":14,"unj_2025":0,"unj_2030":0,"unj_2035":0,"e_blok":"1007C045","pop_share":0.003330406,"recy_annual_t":29.974},"geometry":{"type":"Polygon","coordinates":[[[101.7478,2.93509],[101.74813,2.93497],[101.7489,2.9347],[101.74905,2.93462],[101.74917,2.9345],[101.74964,2.93381],[101.75012,2.93311],[101.75025,2.93296],[101.75032,2.93292],[101.75041,2.93288],[101.75084,2.9328],[101.75128,2.93272],[101.7522,2.93256],[101.75272,2.93246],[101.7536,2.9323],[101.75405,2.93222],[101.75413,2.93221],[101.75511,2.93222],[101.7557,2.93222],[101.75583,2.93228],[101.75602,2.93185],[101.75623,2.93132],[101.7569,2.92941],[101.75618,2.92941],[101.7559,2.92938],[101.75553,2.92936],[101.75516,2.92935],[101.75478,2.92934],[101.75441,2.92934],[101.75407,2.92934],[101.75404,2.92934],[101.754,2.92934],[101.75397,2.92934],[101.75392,2.92934],[101.75388,2.92933],[101.75384,2.92931],[101.75379,2.92929],[101.75376,2.92926],[101.75375,2.92921],[101.75374,2.92915],[101.75374,2.92915],[101.75372,2.9291],[101.7537,2.92904],[101.75367,2.92899],[101.75364,2.92895],[101.75354,2.92893],[101.75345,2.92891],[101.75335,2.9289],[101.75325,2.9289],[101.75316,2.9289],[101.75122,2.92918],[101.75122,2.92918],[101.75122,2.92912],[101.75121,2.92905],[101.7512,2.92898],[101.75118,2.92892],[101.75116,2.92889],[101.75115,2.92886],[101.7509,2.92892],[101.75059,2.92904],[101.75018,2.92923],[101.74991,2.92943],[101.74974,2.92956],[101.7495,2.92977],[101.74888,2.93036],[101.74842,2.93083],[101.74828,2.93097],[101.74824,2.93101],[101.74819,2.93104],[101.74814,2.93106],[101.74809,2.93108],[101.74804,2.9311],[101.74799,2.9311],[101.74794,2.93111],[101.74722,2.93118],[101.74721,2.9296],[101.74721,2.92927],[101.74484,2.92942],[101.74484,2.92942],[101.74253,2.92964],[101.74224,2.92957],[101.74161,2.92961],[101.74141,2.92975],[101.74145,2.9298],[101.74147,2.93032],[101.74159,2.93093],[101.74181,2.93238],[101.74203,2.93327],[101.74246,2.93503],[101.74246,2.93512],[101.74254,2.93513],[101.74269,2.93509],[101.74292,2.93509],[101.74308,2.93504],[101.74483,2.93514],[101.74677,2.93522],[101.74722,2.93522],[101.74722,2.93529],[101.7478,2.93509]]]}},{"type":"Feature","properties":{"fid":253,"nama":"Sungai Merab","pdk_thn":1164,"luas_h":113.83,"kpdt":10,"unj_2025":0,"unj_2030":0,"unj_2035":0,"e_blok":"1007C046","pop_share":0.003586118,"recy_annual_t":32.275},"geometry":{"type":"Polygon","coordinates":[[[101.7509,2.92892],[101.75115,2.92886],[101.75116,2.92889],[101.75118,2.92892],[101.7512,2.92898],[101.75121,2.92905],[101.75122,2.92912],[101.75122,2.92918],[101.75122,2.92918],[101.75316,2.9289],[101.75325,2.9289],[101.75335,2.9289],[101.75345,2.92891],[101.75354,2.92893],[101.75364,2.92895],[101.75367,2.92899],[101.7537,2.92904],[101.75372,2.9291],[101.75374,2.92915],[101.75374,2.92915],[101.75375,2.92921],[101.75376,2.92926],[101.75379,2.92929],[101.75384,2.92931],[101.75388,2.92933],[101.75392,2.92934],[101.75397,2.92934],[101.754,2.92934],[101.75404,2.92934],[101.75407,2.92934],[101.75441,2.92934],[101.75478,2.92934],[101.75516,2.92935],[101.75553,2.92936],[101.7559,2.92938],[101.75618,2.92941],[101.7569,2.92941],[101.75706,2.92888],[101.75727,2.92809],[101.75739,2.9274],[101.75746,2.92681],[101.7575,2.92603],[101.75746,2.92494],[101.75732,2.92411],[101.7571,2.92314],[101.7568,2.92188],[101.75664,2.92183],[101.75651,2.92169],[101.75635,2.92181],[101.75611,2.9218],[101.7559,2.92169],[101.75556,2.92134],[101.75545,2.92124],[101.75483,2.92131],[101.75393,2.92138],[101.75355,2.92144],[101.75339,2.92097],[101.7532,2.92057],[101.75239,2.91917],[101.75209,2.91868],[101.75207,2.91849],[101.75183,2.91848],[101.75106,2.91832],[101.75083,2.9183],[101.75066,2.91832],[101.75055,2.91838],[101.75045,2.91849],[101.7498,2.91926],[101.74978,2.91923],[101.74887,2.92027],[101.74864,2.92046],[101.74802,2.92101],[101.74764,2.92171],[101.74766,2.92176],[101.74759,2.92184],[101.74721,2.92243],[101.74719,2.9243],[101.7472,2.92548],[101.7472,2.92612],[101.74721,2.92927],[101.74721,2.9296],[101.74722,2.93118],[101.74794,2.93111],[101.74799,2.9311],[101.74804,2.9311],[101.74809,2.93108],[101.74814,2.93106],[101.74819,2.93104],[101.74824,2.93101],[101.74828,2.93097],[101.74842,2.93083],[101.74888,2.93036],[101.7495,2.92977],[101.74974,2.92956],[101.74991,2.92943],[101.75018,2.92923],[101.75059,2.92904],[101.7509,2.92892]]]}},{"type":"Feature","properties":{"fid":254,"nama":"Sungai Merab","pdk_thn":1387,"luas_h":61.76,"kpdt":22,"unj_2025":0,"unj_2030":0,"unj_2035":0,"e_blok":"1007C047","pop_share":0.004273149,"recy_annual_t":38.458},"geometry":{"type":"Polygon","coordinates":[[[101.7568,2.92188],[101.75655,2.92085],[101.75643,2.92004],[101.75636,2.9193],[101.75634,2.91828],[101.75638,2.91807],[101.75623,2.91807],[101.75612,2.91806],[101.756,2.91803],[101.75589,2.918],[101.75577,2.91797],[101.75567,2.91792],[101.75558,2.91791],[101.7555,2.91789],[101.75542,2.91787],[101.75535,2.91783],[101.75527,2.9178],[101.7552,2.91775],[101.75514,2.9177],[101.75507,2.91765],[101.75502,2.91758],[101.75497,2.91752],[101.75492,2.91745],[101.75488,2.91738],[101.75485,2.9173],[101.7548,2.91727],[101.75476,2.91722],[101.75473,2.91718],[101.7547,2.91713],[101.75467,2.91707],[101.75466,2.91702],[101.75465,2.91696],[101.75464,2.9169],[101.75471,2.91677],[101.75477,2.91664],[101.75483,2.91651],[101.75488,2.91638],[101.75492,2.91624],[101.75496,2.9161],[101.75499,2.91596],[101.75501,2.91582],[101.75496,2.91551],[101.75492,2.9152],[101.75488,2.91489],[101.75487,2.91469],[101.7548,2.91395],[101.75478,2.91374],[101.75475,2.91345],[101.75458,2.91243],[101.75453,2.91214],[101.75441,2.91192],[101.75434,2.91143],[101.75385,2.91069],[101.75366,2.91056],[101.75366,2.91055],[101.75244,2.90967],[101.75233,2.90946],[101.75144,2.90914],[101.75111,2.90897],[101.75078,2.9088],[101.75031,2.90839],[101.75012,2.90819],[101.75001,2.90838],[101.74966,2.90894],[101.74935,2.90952],[101.74933,2.90955],[101.7493,2.90958],[101.74927,2.9096],[101.74924,2.90962],[101.74856,2.90981],[101.74872,2.91018],[101.74922,2.91134],[101.74952,2.91198],[101.74986,2.91277],[101.7502,2.91355],[101.75042,2.91403],[101.75069,2.91468],[101.75093,2.9152],[101.75124,2.91592],[101.75135,2.91618],[101.75166,2.91689],[101.75186,2.91741],[101.75214,2.91804],[101.75223,2.91827],[101.75227,2.91849],[101.75207,2.91849],[101.75209,2.91868],[101.75239,2.91917],[101.7532,2.92057],[101.75339,2.92097],[101.75355,2.92144],[101.75393,2.92138],[101.75483,2.92131],[101.75545,2.92124],[101.75556,2.92134],[101.7559,2.92169],[101.75611,2.9218],[101.75635,2.92181],[101.75651,2.92169],[101.75664,2.92183],[101.7568,2.92188]]]}},{"type":"Feature","properties":{"fid":255,"nama":"Sungai Merab","pdk_thn":1405,"luas_h":478.44,"kpdt":3,"unj_2025":0,"unj_2030":0,"unj_2035":0,"e_blok":"1007C048","pop_share":0.004328604,"recy_annual_t":38.957},"geometry":{"type":"Polygon","coordinates":[[[101.76397,2.90845],[101.76465,2.90776],[101.76528,2.90664],[101.76547,2.90628],[101.76096,2.90394],[101.76122,2.90339],[101.7616,2.90279],[101.76229,2.90174],[101.76276,2.90076],[101.76338,2.8996],[101.764,2.89838],[101.764,2.89838],[101.76384,2.89832],[101.76378,2.89835],[101.76371,2.89837],[101.76365,2.89838],[101.76365,2.89839],[101.76359,2.89839],[101.76359,2.89839],[101.76352,2.8984],[101.76346,2.89839],[101.7634,2.89838],[101.76333,2.89837],[101.76327,2.89835],[101.76323,2.89832],[101.76315,2.89828],[101.76306,2.89825],[101.76306,2.89825],[101.76295,2.8982],[101.7629,2.8982],[101.76265,2.89819],[101.76265,2.89819],[101.76265,2.89819],[101.76264,2.89815],[101.76234,2.89829],[101.76201,2.89833],[101.76163,2.89835],[101.76124,2.89832],[101.76076,2.89823],[101.76033,2.89806],[101.76014,2.89801],[101.75993,2.89801],[101.75969,2.89807],[101.75929,2.89822],[101.75905,2.8983],[101.75844,2.89834],[101.75806,2.89836],[101.75766,2.89827],[101.75716,2.89803],[101.75559,2.89707],[101.7549,2.89661],[101.75468,2.89638],[101.75427,2.89578],[101.75332,2.89441],[101.75322,2.89432],[101.75316,2.89427],[101.7529,2.89411],[101.75155,2.89351],[101.75089,2.8931],[101.75014,2.89242],[101.74986,2.89214],[101.74956,2.89224],[101.74927,2.89229],[101.74882,2.89233],[101.74837,2.89231],[101.7479,2.89224],[101.74738,2.89216],[101.74654,2.8919],[101.74606,2.89167],[101.74564,2.89145],[101.74505,2.89125],[101.74444,2.89115],[101.74372,2.89097],[101.74299,2.89077],[101.74218,2.89061],[101.74164,2.89046],[101.74072,2.89021],[101.74041,2.89018],[101.73992,2.89022],[101.73967,2.89023],[101.73919,2.89023],[101.73872,2.89018],[101.73839,2.89018],[101.73807,2.89024],[101.73776,2.89036],[101.73754,2.89054],[101.73741,2.89076],[101.73718,2.891],[101.73684,2.89121],[101.73662,2.8914],[101.73631,2.8917],[101.73594,2.89216],[101.73564,2.89252],[101.73539,2.89291],[101.73519,2.89333],[101.73507,2.89371],[101.73486,2.89415],[101.73464,2.89444],[101.73421,2.89483],[101.73388,2.89527],[101.7336,2.89563],[101.73386,2.89566],[101.73421,2.89581],[101.73469,2.89612],[101.73503,2.8965],[101.73535,2.89703],[101.73561,2.89736],[101.73607,2.89792],[101.7365,2.89837],[101.73705,2.8986],[101.73761,2.89894],[101.73804,2.89929],[101.73834,2.89958],[101.73871,2.89999],[101.73885,2.90022],[101.7391,2.90066],[101.73942,2.90126],[101.73954,2.90143],[101.7397,2.90158],[101.74017,2.90189],[101.74064,2.90212],[101.74116,2.9024],[101.74147,2.90262],[101.74192,2.90314],[101.74221,2.90365],[101.7426,2.90458],[101.74274,2.90479],[101.74336,2.90498],[101.74343,2.905],[101.74354,2.90504],[101.74503,2.90564],[101.74584,2.90603],[101.74614,2.90604],[101.74691,2.90592],[101.74739,2.90595],[101.74773,2.90603],[101.74814,2.90629],[101.74817,2.90632],[101.74834,2.90653],[101.74877,2.90687],[101.74889,2.90696],[101.74923,2.90726],[101.74918,2.90734],[101.74892,2.90763],[101.74873,2.90787],[101.74844,2.90815],[101.74828,2.9083],[101.74813,2.90843],[101.74799,2.90855],[101.74816,2.90892],[101.74827,2.90916],[101.74839,2.90941],[101.74856,2.90981],[101.74924,2.90962],[101.74927,2.9096],[101.7493,2.90958],[101.74933,2.90955],[101.74935,2.90952],[101.74966,2.90894],[101.75001,2.90838],[101.75012,2.90819],[101.75031,2.90839],[101.75078,2.9088],[101.75144,2.90914],[101.75233,2.90946],[101.75244,2.90967],[101.75366,2.91056],[101.75385,2.91069],[101.75434,2.91143],[101.75441,2.91192],[101.75453,2.91214],[101.75458,2.91243],[101.75475,2.91345],[101.7548,2.91395],[101.75487,2.91469],[101.75488,2.91489],[101.75492,2.9152],[101.75496,2.91551],[101.75501,2.91582],[101.75499,2.91596],[101.75496,2.9161],[101.75492,2.91624],[101.75488,2.91638],[101.75483,2.91651],[101.75477,2.91664],[101.75471,2.91677],[101.75464,2.9169],[101.75465,2.91696],[101.75466,2.91702],[101.75467,2.91707],[101.7547,2.91713],[101.75473,2.91718],[101.75476,2.91722],[101.7548,2.91727],[101.75485,2.9173],[101.75488,2.91738],[101.75492,2.91745],[101.75497,2.91752],[101.75502,2.91758],[101.75507,2.91765],[101.75514,2.9177],[101.7552,2.91775],[101.75527,2.9178],[101.75535,2.91783],[101.75542,2.91787],[101.7555,2.91789],[101.75558,2.91791],[101.75567,2.91792],[101.75577,2.91797],[101.75589,2.918],[101.756,2.91803],[101.75612,2.91806],[101.75623,2.91807],[101.7564,2.91806],[101.7565,2.91713],[101.75688,2.91596],[101.75744,2.9147],[101.75782,2.91398],[101.75855,2.91313],[101.75929,2.91233],[101.75947,2.91217],[101.76105,2.91091],[101.76288,2.9095],[101.76358,2.90885],[101.76397,2.90845]]]}},{"type":"Feature","properties":{"fid":256,"nama":"Sungai Merab","pdk_thn":844,"luas_h":0.24,"kpdt":3517,"unj_2025":0,"unj_2030":0,"unj_2035":0,"e_blok":"1007C049","pop_share":0.002600243,"recy_annual_t":23.402},"geometry":{"type":"Polygon","coordinates":[[[101.76303,2.90308],[101.7624,2.90278],[101.76236,2.90287],[101.76232,2.90295],[101.76228,2.90303],[101.76291,2.90333],[101.76295,2.90325],[101.76299,2.90318],[101.76303,2.90308]]]}},{"type":"Feature","properties":{"fid":257,"nama":"Sungai Merab","pdk_thn":1217,"luas_h":0.37,"kpdt":3289,"unj_2025":0,"unj_2030":0,"unj_2035":0,"e_blok":"1007C050","pop_share":0.003749403,"recy_annual_t":33.745},"geometry":{"type":"Polygon","coordinates":[[[101.76404,2.90356],[101.76316,2.90311],[101.76311,2.90321],[101.76306,2.9033],[101.76302,2.90338],[101.7639,2.90383],[101.76394,2.90376],[101.76399,2.90366],[101.76404,2.90356]]]}},{"type":"Feature","properties":{"fid":258,"nama":"Sungai Merab","pdk_thn":915,"luas_h":0.24,"kpdt":3813,"unj_2025":0,"unj_2030":0,"unj_2035":0,"e_blok":"1007C051","pop_share":0.002818984,"recy_annual_t":25.371},"geometry":{"type":"Polygon","coordinates":[[[101.76341,2.9023],[101.76278,2.902],[101.76273,2.90209],[101.7627,2.90217],[101.76266,2.90225],[101.76329,2.90255],[101.76333,2.90248],[101.76337,2.9024],[101.76341,2.9023]]]}},{"type":"Feature","properties":{"fid":259,"nama":"Sungai Merab","pdk_thn":1268,"luas_h":0.37,"kpdt":3427,"unj_2025":0,"unj_2030":0,"unj_2035":0,"e_blok":"1007C052","pop_share":0.003906527,"recy_annual_t":35.159},"geometry":{"type":"Polygon","coordinates":[[[101.76442,2.90282],[101.76354,2.90237],[101.76349,2.90247],[101.76345,2.90256],[101.76341,2.90264],[101.76429,2.90309],[101.76433,2.90302],[101.76437,2.90292],[101.76442,2.90282]]]}},{"type":"Feature","properties":{"fid":260,"nama":"Sungai Merab","pdk_thn":997,"luas_h":0.24,"kpdt":4154,"unj_2025":0,"unj_2030":0,"unj_2035":0,"e_blok":"1007C053","pop_share":0.003071615,"recy_annual_t":27.645},"geometry":{"type":"Polygon","coordinates":[[[101.76373,2.90158],[101.76309,2.90128],[101.76305,2.90137],[101.76302,2.90145],[101.76298,2.90153],[101.76361,2.90183],[101.76365,2.90176],[101.76368,2.90168],[101.76373,2.90158]]]}},{"type":"Feature","properties":{"fid":261,"nama":"Sungai Merab","pdk_thn":1454,"luas_h":0.47,"kpdt":3094,"unj_2025":0,"unj_2030":0,"unj_2035":0,"e_blok":"1007C054","pop_share":0.004479566,"recy_annual_t":40.316},"geometry":{"type":"Polygon","coordinates":[[[101.76477,2.90211],[101.76389,2.90166],[101.76384,2.90176],[101.76379,2.90185],[101.76375,2.90193],[101.76371,2.902],[101.76459,2.90246],[101.76463,2.90238],[101.76467,2.90231],[101.76472,2.90221],[101.76477,2.90211]]]}},{"type":"Feature","properties":{"fid":262,"nama":"Sungai Merab","pdk_thn":880,"luas_h":0.24,"kpdt":3667,"unj_2025":0,"unj_2030":0,"unj_2035":0,"e_blok":"1007C055","pop_share":0.002711154,"recy_annual_t":24.4},"geometry":{"type":"Polygon","coordinates":[[[101.76402,2.90106],[101.76338,2.90076],[101.76334,2.90085],[101.7633,2.90093],[101.76326,2.90101],[101.7639,2.90131],[101.76394,2.90123],[101.76397,2.90116],[101.76402,2.90106]]]}},{"type":"Feature","properties":{"fid":263,"nama":"Sungai Merab","pdk_thn":1281,"luas_h":0.48,"kpdt":2669,"unj_2025":0,"unj_2030":0,"unj_2035":0,"e_blok":"1007C056","pop_share":0.003946578,"recy_annual_t":35.519},"geometry":{"type":"Polygon","coordinates":[[[101.76504,2.90156],[101.76416,2.90111],[101.76411,2.90121],[101.76407,2.90129],[101.76402,2.90138],[101.76398,2.90146],[101.76486,2.90191],[101.7649,2.90183],[101.76494,2.90175],[101.76499,2.90166],[101.76504,2.90156]]]}},{"type":"Feature","properties":{"fid":264,"nama":"Sungai Merab","pdk_thn":1083,"luas_h":510.84,"kpdt":2,"unj_2025":0,"unj_2030":0,"unj_2035":0,"e_blok":"1007C057","pop_share":0.003336568,"recy_annual_t":30.029},"geometry":{"type":"Polygon","coordinates":[[[101.7662,2.90463],[101.76652,2.90347],[101.76684,2.90216],[101.76688,2.90085],[101.76696,2.90016],[101.76695,2.89783],[101.76702,2.8907],[101.76714,2.88979],[101.7674,2.8886],[101.76809,2.88713],[101.76881,2.88606],[101.76976,2.88496],[101.77142,2.88384],[101.77488,2.88215],[101.77856,2.88034],[101.78273,2.8782],[101.78539,2.87623],[101.78644,2.87516],[101.78782,2.87352],[101.78897,2.87175],[101.78974,2.86936],[101.7811,2.8696],[101.77478,2.8698],[101.77478,2.86979],[101.76766,2.86999],[101.76668,2.87002],[101.76659,2.87003],[101.76628,2.87082],[101.76584,2.87181],[101.76561,2.87236],[101.76519,2.87337],[101.76487,2.87436],[101.7646,2.87508],[101.76432,2.87588],[101.76424,2.87638],[101.76449,2.87803],[101.76444,2.879],[101.76572,2.87976],[101.76599,2.87988],[101.76575,2.88065],[101.76535,2.8822],[101.76481,2.88338],[101.76472,2.88371],[101.76466,2.88415],[101.76419,2.88535],[101.76357,2.88607],[101.76306,2.88665],[101.76258,2.8874],[101.76229,2.88781],[101.76152,2.88867],[101.76135,2.88923],[101.76135,2.88947],[101.76177,2.89028],[101.76202,2.89149],[101.7621,2.89202],[101.76006,2.89185],[101.75938,2.89187],[101.75694,2.89128],[101.75581,2.89107],[101.75524,2.89102],[101.7537,2.89184],[101.75231,2.89235],[101.75163,2.89239],[101.75089,2.89222],[101.7503,2.89208],[101.74986,2.89214],[101.75014,2.89242],[101.75089,2.8931],[101.75155,2.89351],[101.7529,2.89411],[101.75316,2.89427],[101.75322,2.89432],[101.75332,2.89441],[101.75427,2.89578],[101.75468,2.89638],[101.7549,2.89661],[101.75559,2.89707],[101.75716,2.89803],[101.75766,2.89827],[101.75806,2.89836],[101.75844,2.89834],[101.75905,2.8983],[101.75929,2.89822],[101.75969,2.89807],[101.75993,2.89801],[101.76014,2.89801],[101.76033,2.89806],[101.76076,2.89823],[101.76124,2.89832],[101.76163,2.89835],[101.76201,2.89833],[101.76234,2.89829],[101.76264,2.89815],[101.76265,2.89819],[101.76265,2.89819],[101.7629,2.8982],[101.76295,2.8982],[101.76306,2.89825],[101.76321,2.89832],[101.76327,2.89834],[101.76327,2.89835],[101.76333,2.89837],[101.7634,2.89838],[101.76346,2.89839],[101.76352,2.8984],[101.76359,2.89839],[101.76359,2.89839],[101.76365,2.89838],[101.76365,2.89838],[101.76371,2.89837],[101.76372,2.89837],[101.76378,2.89835],[101.76384,2.89832],[101.764,2.89838],[101.764,2.89838],[101.76338,2.8996],[101.76276,2.90076],[101.76229,2.90174],[101.7616,2.90279],[101.76122,2.90339],[101.76096,2.90394],[101.76547,2.90628],[101.76584,2.90559],[101.7662,2.90463]],[[101.76486,2.90191],[101.76398,2.90146],[101.76402,2.90138],[101.76416,2.90111],[101.76504,2.90156],[101.7649,2.90183],[101.76486,2.90191]],[[101.76459,2.90246],[101.76371,2.902],[101.76375,2.90193],[101.76389,2.90166],[101.76477,2.90211],[101.76463,2.90238],[101.76459,2.90246]],[[101.76429,2.90309],[101.76341,2.90264],[101.76354,2.90237],[101.76442,2.90282],[101.76429,2.90309]],[[101.76302,2.90338],[101.76316,2.90311],[101.76404,2.90356],[101.7639,2.90383],[101.76302,2.90338]],[[101.76303,2.90308],[101.76291,2.90333],[101.76228,2.90303],[101.7624,2.90278],[101.76303,2.90308]],[[101.76402,2.90106],[101.7639,2.90131],[101.76326,2.90101],[101.76338,2.90076],[101.76402,2.90106]],[[101.76309,2.90128],[101.76373,2.90158],[101.76361,2.90183],[101.76298,2.90153],[101.76309,2.90128]],[[101.76341,2.9023],[101.76329,2.90255],[101.76266,2.90225],[101.76278,2.902],[101.76341,2.9023]]]}},{"type":"Feature","properties":{"fid":265,"nama":"Sungai Merab","pdk_thn":691,"luas_h":544.67,"kpdt":1,"unj_2025":0,"unj_2030":0,"unj_2035":0,"e_blok":"1007C058","pop_share":0.002128872,"recy_annual_t":19.16},"geometry":{"type":"Polygon","coordinates":[[[101.75231,2.89235],[101.7537,2.89184],[101.75524,2.89102],[101.75581,2.89107],[101.75694,2.89128],[101.75938,2.89187],[101.76006,2.89185],[101.7621,2.89202],[101.76202,2.89149],[101.76177,2.89028],[101.76135,2.88947],[101.76135,2.88923],[101.76152,2.88867],[101.76229,2.88781],[101.76258,2.8874],[101.76306,2.88665],[101.76357,2.88607],[101.76419,2.88535],[101.76466,2.88415],[101.76472,2.88371],[101.76481,2.88338],[101.76535,2.8822],[101.76575,2.88065],[101.76599,2.87988],[101.76572,2.87976],[101.76444,2.879],[101.76449,2.87803],[101.76424,2.87638],[101.76432,2.87588],[101.7646,2.87508],[101.76487,2.87436],[101.76519,2.87337],[101.76561,2.87236],[101.76584,2.87181],[101.76628,2.87082],[101.76659,2.87003],[101.75592,2.87037],[101.75135,2.87053],[101.75092,2.87051],[101.7486,2.87329],[101.7474,2.87484],[101.74607,2.87655],[101.74171,2.88196],[101.73846,2.886],[101.73653,2.88839],[101.73692,2.88852],[101.73767,2.88882],[101.7382,2.88902],[101.73974,2.88943],[101.74107,2.88979],[101.74155,2.8899],[101.74348,2.89018],[101.74388,2.8903],[101.74415,2.89043],[101.74476,2.8907],[101.74515,2.89082],[101.74548,2.89086],[101.7459,2.89086],[101.74621,2.89079],[101.74694,2.89053],[101.74731,2.89046],[101.74767,2.89047],[101.74809,2.89059],[101.74835,2.89071],[101.74847,2.89079],[101.74911,2.8914],[101.74959,2.89188],[101.74986,2.89214],[101.7503,2.89208],[101.75089,2.89222],[101.75163,2.89239],[101.75231,2.89235]]]}},{"type":"Feature","properties":{"fid":266,"nama":"Sungai Merab","pdk_thn":311,"luas_h":593.67,"kpdt":1,"unj_2025":0,"unj_2030":0,"unj_2035":0,"e_blok":"1007C059","pop_share":0.000958147,"recy_annual_t":8.623},"geometry":{"type":"Polygon","coordinates":[[[101.7486,2.87329],[101.75092,2.87051],[101.75135,2.87053],[101.7515,2.86786],[101.75159,2.86614],[101.75214,2.85691],[101.75263,2.84921],[101.74942,2.84856],[101.74796,2.84849],[101.74724,2.84845],[101.74651,2.84841],[101.74565,2.84835],[101.7456,2.84834],[101.74524,2.84816],[101.74483,2.84806],[101.74429,2.84806],[101.74342,2.84815],[101.74341,2.84815],[101.74332,2.84818],[101.74321,2.8482],[101.74309,2.84823],[101.74308,2.84823],[101.74306,2.84823],[101.74296,2.84825],[101.74294,2.84825],[101.74293,2.84825],[101.74285,2.84826],[101.7428,2.84826],[101.74279,2.84826],[101.74272,2.84827],[101.74266,2.84827],[101.74257,2.84827],[101.74253,2.84827],[101.74253,2.84827],[101.74239,2.84827],[101.74199,2.84824],[101.74159,2.84821],[101.74141,2.84819],[101.74119,2.84817],[101.74092,2.84814],[101.74065,2.84809],[101.74064,2.84809],[101.74064,2.84809],[101.74051,2.84807],[101.74038,2.84805],[101.74025,2.84803],[101.74012,2.84802],[101.73999,2.84802],[101.73985,2.84804],[101.73975,2.84804],[101.73961,2.84806],[101.73942,2.84807],[101.73922,2.84807],[101.73903,2.84807],[101.73884,2.84806],[101.73861,2.84803],[101.73851,2.84836],[101.73845,2.84878],[101.73836,2.84911],[101.73823,2.84953],[101.73246,2.84955],[101.73246,2.8532],[101.73359,2.85338],[101.73432,2.85351],[101.73505,2.85364],[101.73578,2.85378],[101.73651,2.85392],[101.73724,2.85408],[101.73807,2.85427],[101.73806,2.85427],[101.73802,2.85436],[101.73796,2.85443],[101.73791,2.85451],[101.73784,2.85458],[101.73778,2.85464],[101.7377,2.8547],[101.73763,2.85476],[101.73762,2.85476],[101.73755,2.85481],[101.73753,2.85482],[101.73747,2.85485],[101.7374,2.85488],[101.73733,2.8549],[101.73726,2.85492],[101.73718,2.85493],[101.73712,2.85494],[101.73711,2.85494],[101.73706,2.85493],[101.73704,2.85493],[101.73696,2.85496],[101.73689,2.85499],[101.73682,2.85503],[101.73675,2.85507],[101.73668,2.85512],[101.73662,2.85517],[101.73646,2.85532],[101.73629,2.85546],[101.73621,2.85554],[101.73613,2.85562],[101.73604,2.85569],[101.73595,2.85576],[101.73585,2.85582],[101.73575,2.85589],[101.73565,2.85596],[101.73559,2.856],[101.73554,2.85605],[101.73549,2.8561],[101.73545,2.85615],[101.73538,2.85627],[101.73536,2.85633],[101.73534,2.8564],[101.73533,2.85646],[101.73533,2.85653],[101.73533,2.8566],[101.73535,2.85671],[101.73537,2.85682],[101.73541,2.85693],[101.73544,2.85704],[101.73547,2.85711],[101.73548,2.85719],[101.7355,2.85727],[101.7355,2.85756],[101.73549,2.8576],[101.73548,2.85765],[101.73547,2.85769],[101.73545,2.85773],[101.73543,2.85777],[101.7354,2.8578],[101.73536,2.85783],[101.73529,2.85787],[101.73522,2.85791],[101.73514,2.85793],[101.73506,2.85795],[101.73498,2.85796],[101.73498,2.85796],[101.73494,2.85796],[101.73492,2.85796],[101.73486,2.85797],[101.7348,2.85798],[101.73474,2.85801],[101.73468,2.85803],[101.73463,2.85807],[101.73458,2.85811],[101.73453,2.85815],[101.73449,2.8582],[101.73446,2.85825],[101.73444,2.85831],[101.73442,2.85837],[101.7344,2.85843],[101.7344,2.85866],[101.73443,2.85882],[101.73456,2.85977],[101.73458,2.85992],[101.7346,2.86006],[101.73461,2.8602],[101.73462,2.86035],[101.73464,2.86054],[101.73465,2.86073],[101.73465,2.86092],[101.73465,2.86111],[101.73465,2.8612],[101.73464,2.8613],[101.73463,2.86139],[101.73461,2.86148],[101.73458,2.86157],[101.73454,2.86166],[101.7345,2.86175],[101.73445,2.86183],[101.73439,2.86191],[101.73433,2.86199],[101.73427,2.86206],[101.7342,2.86213],[101.73412,2.86219],[101.73404,2.86225],[101.73396,2.8623],[101.73378,2.86266],[101.7335,2.86349],[101.73345,2.86372],[101.73472,2.86397],[101.7366,2.8667],[101.73683,2.86934],[101.73623,2.87309],[101.73733,2.87507],[101.73795,2.87616],[101.73763,2.87721],[101.73688,2.87966],[101.73853,2.88205],[101.73999,2.8841],[101.74171,2.88196],[101.74607,2.87655],[101.7474,2.87484],[101.7486,2.87329]]]}},{"type":"Feature","properties":{"fid":267,"nama":"Salak Tinggi","pdk_thn":614,"luas_h":202.18,"kpdt":3,"unj_2025":0,"unj_2030":0,"unj_2035":0,"e_blok":"1007C060","pop_share":0.001891646,"recy_annual_t":17.025},"geometry":{"type":"Polygon","coordinates":[[[101.75263,2.84921],[101.75279,2.8468],[101.75323,2.84046],[101.75328,2.83925],[101.75343,2.83726],[101.75203,2.83722],[101.75203,2.83722],[101.75186,2.83721],[101.75168,2.83721],[101.75168,2.83721],[101.75048,2.8372],[101.75063,2.83766],[101.75066,2.83774],[101.75066,2.83775],[101.75071,2.83786],[101.75077,2.83798],[101.75083,2.83809],[101.7509,2.8382],[101.75098,2.83831],[101.75105,2.83841],[101.75114,2.83851],[101.75122,2.8386],[101.75132,2.83869],[101.75133,2.83871],[101.75133,2.83871],[101.75113,2.8391],[101.75112,2.83911],[101.75105,2.83927],[101.75099,2.83942],[101.75096,2.8395],[101.7509,2.83964],[101.75085,2.83979],[101.75084,2.83996],[101.75084,2.84013],[101.75084,2.84031],[101.75085,2.84048],[101.7508,2.84048],[101.75029,2.8405],[101.75016,2.8405],[101.75015,2.8405],[101.75015,2.8405],[101.74991,2.84051],[101.74987,2.84051],[101.74909,2.84053],[101.74897,2.84053],[101.74896,2.84053],[101.74895,2.84053],[101.74779,2.84057],[101.74779,2.84057],[101.74774,2.84056],[101.74772,2.84055],[101.74769,2.84054],[101.74767,2.84052],[101.74765,2.8405],[101.74763,2.84047],[101.74762,2.84044],[101.74762,2.84039],[101.74762,2.83991],[101.74761,2.83938],[101.7476,2.83885],[101.74757,2.83832],[101.74754,2.83779],[101.74751,2.83726],[101.7475,2.83702],[101.74761,2.83597],[101.74738,2.83528],[101.74738,2.83444],[101.74737,2.83443],[101.74735,2.83442],[101.74733,2.83441],[101.74731,2.83441],[101.74729,2.83441],[101.74729,2.83441],[101.74658,2.8344],[101.74283,2.83446],[101.74282,2.83446],[101.74282,2.83446],[101.74084,2.83449],[101.74049,2.83449],[101.74001,2.8345],[101.74001,2.83485],[101.74013,2.8356],[101.74016,2.83608],[101.73997,2.83659],[101.73998,2.83715],[101.73998,2.83739],[101.73999,2.8381],[101.73994,2.83852],[101.73998,2.83894],[101.74006,2.83927],[101.73996,2.84102],[101.73984,2.84132],[101.7396,2.84166],[101.73941,2.84211],[101.73922,2.84249],[101.7391,2.8428],[101.73909,2.84334],[101.73903,2.84374],[101.73884,2.84419],[101.7385,2.8447],[101.73837,2.84504],[101.73837,2.84552],[101.73842,2.84605],[101.73856,2.84648],[101.7387,2.84665],[101.73887,2.84691],[101.73894,2.84718],[101.73889,2.84742],[101.7388,2.84767],[101.73861,2.84803],[101.73884,2.84806],[101.73903,2.84807],[101.73922,2.84807],[101.73942,2.84807],[101.73961,2.84806],[101.73975,2.84804],[101.73985,2.84804],[101.73999,2.84802],[101.74012,2.84802],[101.74025,2.84803],[101.74038,2.84805],[101.74051,2.84807],[101.74064,2.84809],[101.74064,2.84809],[101.74065,2.84809],[101.74092,2.84814],[101.74119,2.84817],[101.74141,2.84819],[101.74159,2.84821],[101.74199,2.84824],[101.74239,2.84827],[101.74253,2.84827],[101.74253,2.84827],[101.74257,2.84827],[101.74266,2.84827],[101.74272,2.84827],[101.74279,2.84826],[101.7428,2.84826],[101.74285,2.84826],[101.74293,2.84825],[101.74294,2.84825],[101.74296,2.84825],[101.74306,2.84823],[101.74308,2.84823],[101.74309,2.84823],[101.74321,2.8482],[101.74332,2.84818],[101.74341,2.84815],[101.74342,2.84815],[101.74429,2.84806],[101.74483,2.84806],[101.74524,2.84816],[101.7456,2.84834],[101.7456,2.84834],[101.74565,2.84835],[101.74565,2.84835],[101.74651,2.84841],[101.74724,2.84845],[101.74796,2.84849],[101.74942,2.84856],[101.75263,2.84921]]]}},{"type":"Feature","properties":{"fid":268,"nama":"Salak Tinggi","pdk_thn":862,"luas_h":13.59,"kpdt":63,"unj_2025":0,"unj_2030":0,"unj_2035":0,"e_blok":"1007C061","pop_share":0.002655699,"recy_annual_t":23.901},"geometry":{"type":"Polygon","coordinates":[[[101.75063,2.83766],[101.75048,2.8372],[101.74969,2.8372],[101.74967,2.8372],[101.74942,2.8372],[101.74908,2.8372],[101.74908,2.8372],[101.749,2.8372],[101.74802,2.83722],[101.74751,2.83726],[101.74754,2.83779],[101.74757,2.83832],[101.7476,2.83885],[101.74761,2.83938],[101.74762,2.83991],[101.74762,2.84039],[101.74762,2.84044],[101.74763,2.84047],[101.74765,2.8405],[101.74767,2.84052],[101.74769,2.84054],[101.74772,2.84055],[101.74774,2.84056],[101.74779,2.84057],[101.74779,2.84057],[101.74895,2.84053],[101.74896,2.84053],[101.74897,2.84053],[101.74909,2.84053],[101.74987,2.84051],[101.74991,2.84051],[101.75015,2.8405],[101.75015,2.8405],[101.75016,2.8405],[101.75029,2.8405],[101.7508,2.84048],[101.75085,2.84048],[101.75084,2.84031],[101.75084,2.84013],[101.75084,2.83996],[101.75085,2.83979],[101.7509,2.83964],[101.75096,2.8395],[101.75099,2.83942],[101.75105,2.83927],[101.75112,2.83911],[101.75113,2.8391],[101.75133,2.83871],[101.75133,2.83871],[101.75132,2.83869],[101.75122,2.8386],[101.75114,2.83851],[101.75105,2.83841],[101.75098,2.83831],[101.7509,2.8382],[101.75083,2.83809],[101.75077,2.83798],[101.75071,2.83786],[101.75066,2.83775],[101.75066,2.83774],[101.75063,2.83766]]]}},{"type":"Feature","properties":{"fid":269,"nama":"Salak Tinggi","pdk_thn":769,"luas_h":400.99,"kpdt":2,"unj_2025":0,"unj_2030":0,"unj_2035":0,"e_blok":"1007C062","pop_share":0.002369179,"recy_annual_t":21.323},"geometry":{"type":"Polygon","coordinates":[[[101.74969,2.8372],[101.75048,2.8372],[101.75168,2.83721],[101.75168,2.83721],[101.75186,2.83721],[101.75203,2.83722],[101.75203,2.83722],[101.75343,2.83726],[101.75371,2.83295],[101.75415,2.82634],[101.75426,2.82459],[101.75528,2.80866],[101.75547,2.80632],[101.75201,2.80642],[101.75025,2.80641],[101.74991,2.80635],[101.74911,2.80599],[101.74816,2.80555],[101.7477,2.80543],[101.74731,2.80539],[101.74694,2.80538],[101.74685,2.80538],[101.74669,2.80537],[101.74668,2.80537],[101.74664,2.80537],[101.74664,2.80537],[101.74667,2.80552],[101.7467,2.80573],[101.74673,2.80592],[101.74674,2.80606],[101.74676,2.80621],[101.74677,2.80633],[101.74678,2.80641],[101.74679,2.80662],[101.7468,2.80682],[101.7468,2.80706],[101.7468,2.8073],[101.74678,2.80775],[101.74676,2.80786],[101.74659,2.80911],[101.74658,2.80922],[101.74658,2.80933],[101.74658,2.80937],[101.74658,2.80945],[101.74659,2.80957],[101.74663,2.80978],[101.74666,2.80994],[101.74667,2.80999],[101.74671,2.81021],[101.74676,2.81042],[101.74679,2.81058],[101.74682,2.81074],[101.74684,2.8109],[101.74686,2.81101],[101.74686,2.81106],[101.74686,2.81117],[101.74686,2.81126],[101.74686,2.81128],[101.74685,2.81142],[101.74684,2.81163],[101.74683,2.81168],[101.74681,2.81184],[101.74678,2.81204],[101.74674,2.81225],[101.74669,2.81245],[101.74665,2.81262],[101.74663,2.81269],[101.74656,2.81294],[101.74656,2.81296],[101.74649,2.81318],[101.74642,2.81342],[101.74633,2.81365],[101.74625,2.81394],[101.74613,2.81434],[101.74592,2.81503],[101.74588,2.81519],[101.74583,2.81535],[101.74581,2.81545],[101.74577,2.81563],[101.74575,2.81572],[101.74573,2.81581],[101.74571,2.81591],[101.74571,2.81594],[101.7457,2.81596],[101.74567,2.81606],[101.74566,2.8161],[101.74566,2.81611],[101.74565,2.81614],[101.74561,2.81626],[101.74556,2.81641],[101.7455,2.81655],[101.74549,2.81666],[101.74548,2.8167],[101.74547,2.81676],[101.74547,2.81686],[101.74547,2.81697],[101.74548,2.81707],[101.74548,2.81713],[101.74548,2.81723],[101.74548,2.81733],[101.74548,2.81737],[101.74548,2.81747],[101.74547,2.81753],[101.74547,2.81753],[101.74545,2.81771],[101.74542,2.81793],[101.74539,2.81823],[101.74534,2.81845],[101.74529,2.81866],[101.74523,2.81888],[101.74516,2.81909],[101.74509,2.8193],[101.74497,2.81969],[101.74494,2.81977],[101.74493,2.8198],[101.74491,2.81985],[101.74488,2.81992],[101.74485,2.81999],[101.74481,2.82005],[101.7448,2.82008],[101.74476,2.82015],[101.74474,2.8202],[101.7447,2.82027],[101.74467,2.82034],[101.74459,2.82048],[101.74458,2.82048],[101.74458,2.82049],[101.74453,2.82055],[101.74448,2.82062],[101.74444,2.82069],[101.7444,2.82076],[101.74429,2.82101],[101.7442,2.82119],[101.74413,2.82134],[101.7441,2.8214],[101.74407,2.82145],[101.74406,2.82147],[101.74404,2.82149],[101.74404,2.8215],[101.74403,2.82151],[101.744,2.82156],[101.74395,2.82161],[101.7439,2.82166],[101.74385,2.8217],[101.74379,2.82174],[101.74372,2.8218],[101.74364,2.82185],[101.74363,2.82187],[101.7436,2.82189],[101.74357,2.82191],[101.7435,2.82198],[101.74344,2.8221],[101.74341,2.82215],[101.74337,2.82223],[101.74329,2.82235],[101.74322,2.82245],[101.74315,2.82255],[101.74313,2.82257],[101.74312,2.82258],[101.74307,2.82265],[101.74298,2.82274],[101.74289,2.82283],[101.74282,2.8229],[101.74278,2.82295],[101.74267,2.82308],[101.74256,2.82321],[101.74246,2.82334],[101.74236,2.82348],[101.74236,2.82349],[101.74227,2.82362],[101.74219,2.82374],[101.74211,2.82386],[101.74202,2.82402],[101.74201,2.82403],[101.74192,2.82418],[101.74188,2.82427],[101.74183,2.82435],[101.74135,2.82542],[101.74118,2.82581],[101.74115,2.82592],[101.74111,2.82603],[101.74107,2.82613],[101.74102,2.82623],[101.74102,2.82624],[101.74096,2.82633],[101.74089,2.82644],[101.74082,2.82656],[101.74073,2.82667],[101.74062,2.82681],[101.74051,2.82693],[101.7405,2.82694],[101.74038,2.82708],[101.74032,2.82718],[101.74032,2.82718],[101.74032,2.82718],[101.74026,2.82729],[101.74022,2.82741],[101.74022,2.82741],[101.74017,2.82752],[101.74014,2.82764],[101.7401,2.82776],[101.74008,2.82786],[101.74005,2.82808],[101.74002,2.82831],[101.73996,2.82847],[101.73989,2.82864],[101.73989,2.82864],[101.73985,2.82876],[101.73982,2.82889],[101.73979,2.82901],[101.73977,2.82913],[101.73975,2.82925],[101.73975,2.82928],[101.73974,2.82938],[101.73971,2.82948],[101.73971,2.82948],[101.7397,2.82957],[101.73969,2.8297],[101.73969,2.82983],[101.73969,2.82994],[101.7397,2.83005],[101.73971,2.83016],[101.73973,2.83027],[101.73976,2.83038],[101.73978,2.83049],[101.73979,2.83051],[101.73982,2.83059],[101.73982,2.8306],[101.73981,2.83061],[101.73985,2.83075],[101.73988,2.83088],[101.73991,2.83102],[101.73995,2.83119],[101.73999,2.83136],[101.74002,2.83153],[101.74005,2.8317],[101.74007,2.83187],[101.74008,2.83202],[101.74008,2.83204],[101.74008,2.8322],[101.74008,2.8323],[101.74008,2.83231],[101.74008,2.83237],[101.74007,2.83244],[101.74007,2.83248],[101.74007,2.83253],[101.74006,2.83258],[101.74005,2.83264],[101.74005,2.83269],[101.74005,2.8327],[101.74003,2.83285],[101.74,2.83301],[101.73996,2.83317],[101.73996,2.83318],[101.73993,2.83327],[101.73993,2.83327],[101.73991,2.83337],[101.73991,2.83338],[101.73991,2.8334],[101.7399,2.83347],[101.7399,2.83348],[101.7399,2.83351],[101.73989,2.83357],[101.73989,2.83359],[101.73989,2.83362],[101.73989,2.83368],[101.73989,2.8337],[101.73989,2.83372],[101.73989,2.83376],[101.7399,2.8338],[101.73991,2.83391],[101.73993,2.83403],[101.74001,2.8345],[101.74049,2.83449],[101.74084,2.83449],[101.74282,2.83446],[101.74282,2.83446],[101.74283,2.83446],[101.74658,2.8344],[101.74729,2.83441],[101.74729,2.83441],[101.74731,2.83441],[101.74733,2.83441],[101.74735,2.83442],[101.74737,2.83443],[101.74738,2.83444],[101.74738,2.83528],[101.74761,2.83597],[101.7475,2.83702],[101.74751,2.83726],[101.74802,2.83722],[101.749,2.8372],[101.74908,2.8372],[101.74942,2.8372],[101.74967,2.8372],[101.74969,2.8372]]]}},{"type":"Feature","properties":{"fid":270,"nama":"Salak Tinggi","pdk_thn":1331,"luas_h":486.32,"kpdt":3,"unj_2025":0,"unj_2030":0,"unj_2035":0,"e_blok":"1007C063","pop_share":0.004100621,"recy_annual_t":36.906},"geometry":{"type":"Polygon","coordinates":[[[101.73922,2.84249],[101.73941,2.84211],[101.7396,2.84166],[101.73984,2.84132],[101.73996,2.84102],[101.74006,2.83927],[101.73998,2.83894],[101.73994,2.83852],[101.73999,2.8381],[101.73998,2.83715],[101.73997,2.83659],[101.74016,2.83608],[101.74013,2.8356],[101.74001,2.83485],[101.74001,2.8345],[101.73993,2.83403],[101.73991,2.83391],[101.7399,2.8338],[101.73989,2.83376],[101.73989,2.83372],[101.73989,2.8337],[101.73989,2.83368],[101.73989,2.83362],[101.73989,2.83359],[101.73989,2.83357],[101.7399,2.83351],[101.7399,2.83348],[101.7399,2.83347],[101.73991,2.8334],[101.73991,2.83338],[101.73991,2.83337],[101.73993,2.83327],[101.73993,2.83327],[101.73996,2.83318],[101.73996,2.83317],[101.74,2.83301],[101.74003,2.83285],[101.74005,2.8327],[101.74005,2.83269],[101.74005,2.83264],[101.74006,2.83258],[101.74007,2.83253],[101.74007,2.83248],[101.74007,2.83244],[101.74008,2.83237],[101.74008,2.83231],[101.74008,2.8323],[101.74008,2.8322],[101.74008,2.83204],[101.74008,2.83202],[101.74007,2.83187],[101.74005,2.8317],[101.74002,2.83153],[101.73999,2.83136],[101.73995,2.83119],[101.73991,2.83102],[101.73988,2.83088],[101.73985,2.83075],[101.73981,2.83061],[101.7397,2.83064],[101.73959,2.83066],[101.73954,2.83067],[101.73947,2.83069],[101.73935,2.8307],[101.73924,2.83071],[101.73912,2.83071],[101.739,2.83071],[101.73888,2.8307],[101.73876,2.83068],[101.73865,2.83066],[101.73853,2.83063],[101.73842,2.83059],[101.73831,2.83055],[101.7382,2.83051],[101.73809,2.83045],[101.73799,2.83039],[101.73789,2.83033],[101.73678,2.82972],[101.7367,2.82968],[101.7367,2.82968],[101.73658,2.82992],[101.7366,2.83409],[101.73498,2.83418],[101.72957,2.83449],[101.728,2.83457],[101.72763,2.83459],[101.72679,2.83463],[101.7265,2.83465],[101.72634,2.83465],[101.72603,2.83467],[101.72596,2.83467],[101.72546,2.8347],[101.72522,2.83471],[101.72531,2.83703],[101.72535,2.83858],[101.72357,2.8386],[101.72307,2.83916],[101.72313,2.84012],[101.72346,2.84013],[101.72687,2.84005],[101.72687,2.84164],[101.72647,2.84162],[101.72647,2.84227],[101.72537,2.84229],[101.72535,2.84197],[101.72356,2.84203],[101.72352,2.84114],[101.72327,2.84114],[101.72266,2.84114],[101.72217,2.84115],[101.72205,2.84014],[101.722,2.83877],[101.72254,2.83817],[101.72206,2.83776],[101.72204,2.83707],[101.72197,2.83571],[101.72193,2.83488],[101.72055,2.83493],[101.72021,2.83493],[101.71813,2.83511],[101.71802,2.83511],[101.71766,2.8351],[101.71765,2.8351],[101.71751,2.83511],[101.71263,2.83525],[101.71256,2.83609],[101.71248,2.83695],[101.71244,2.83735],[101.71231,2.83846],[101.71218,2.83965],[101.71209,2.84049],[101.71207,2.84089],[101.71201,2.84263],[101.71196,2.84396],[101.71224,2.84407],[101.71271,2.8443],[101.71319,2.84453],[101.71366,2.84477],[101.71413,2.84502],[101.7146,2.84527],[101.71506,2.84552],[101.71552,2.84579],[101.71598,2.84606],[101.71643,2.84633],[101.71688,2.84661],[101.71732,2.8469],[101.71776,2.84719],[101.7182,2.84748],[101.71875,2.84786],[101.71931,2.84822],[101.71986,2.84859],[101.72042,2.84894],[101.72099,2.8493],[101.72155,2.84964],[101.72212,2.84998],[101.72269,2.85032],[101.72324,2.85063],[101.72327,2.85065],[101.72348,2.85079],[101.72369,2.85092],[101.7239,2.85104],[101.72412,2.85116],[101.72434,2.85128],[101.72456,2.85139],[101.72478,2.85149],[101.72501,2.85159],[101.72524,2.85168],[101.72548,2.85177],[101.72571,2.85185],[101.72595,2.85192],[101.72619,2.85198],[101.72643,2.85204],[101.72691,2.85215],[101.7274,2.85227],[101.72889,2.8526],[101.72988,2.85279],[101.73038,2.85287],[101.73246,2.8532],[101.73246,2.84955],[101.73823,2.84953],[101.73836,2.84911],[101.73845,2.84878],[101.73851,2.84836],[101.73861,2.84803],[101.7388,2.84767],[101.73889,2.84742],[101.73894,2.84718],[101.73887,2.84691],[101.7387,2.84665],[101.73856,2.84648],[101.73842,2.84605],[101.73837,2.84552],[101.73837,2.84504],[101.7385,2.8447],[101.73884,2.84419],[101.73903,2.84374],[101.73909,2.84334],[101.7391,2.8428],[101.73922,2.84249]]]}},{"type":"Feature","properties":{"fid":271,"nama":"Salak Tinggi","pdk_thn":795,"luas_h":9.85,"kpdt":81,"unj_2025":0,"unj_2030":0,"unj_2035":0,"e_blok":"1007C064","pop_share":0.002449281,"recy_annual_t":22.044},"geometry":{"type":"Polygon","coordinates":[[[101.72647,2.84227],[101.72647,2.84162],[101.72687,2.84164],[101.72687,2.84005],[101.72346,2.84013],[101.72313,2.84012],[101.72263,2.84013],[101.72205,2.84014],[101.72217,2.84115],[101.72266,2.84114],[101.72327,2.84114],[101.72352,2.84114],[101.72356,2.84203],[101.72535,2.84197],[101.72537,2.84229],[101.72647,2.84227]]]}},{"type":"Feature","properties":{"fid":272,"nama":"Salak Tinggi","pdk_thn":1115,"luas_h":17.29,"kpdt":64,"unj_2025":0,"unj_2030":0,"unj_2035":0,"e_blok":"1007C065","pop_share":0.003435156,"recy_annual_t":30.916},"geometry":{"type":"Polygon","coordinates":[[[101.72531,2.83703],[101.72522,2.83471],[101.72372,2.83479],[101.72365,2.83479],[101.72346,2.8348],[101.72327,2.83481],[101.72321,2.83482],[101.72314,2.83482],[101.72304,2.83482],[101.72291,2.83483],[101.72255,2.83485],[101.72233,2.83485],[101.72204,2.83488],[101.72193,2.83488],[101.72197,2.83571],[101.72204,2.83707],[101.72206,2.83776],[101.72254,2.83817],[101.722,2.83877],[101.72205,2.84014],[101.72313,2.84012],[101.72307,2.83916],[101.72357,2.8386],[101.72535,2.83858],[101.72531,2.83703]]]}},{"type":"Feature","properties":{"fid":273,"nama":"Salak Tinggi","pdk_thn":1104,"luas_h":20.25,"kpdt":55,"unj_2025":0,"unj_2030":0,"unj_2035":0,"e_blok":"1007C066","pop_share":0.003401266,"recy_annual_t":30.611},"geometry":{"type":"Polygon","coordinates":[[[101.72317,2.83426],[101.72293,2.83181],[101.72293,2.8318],[101.72277,2.83182],[101.72208,2.83189],[101.72181,2.83191],[101.72156,2.83194],[101.72156,2.83195],[101.72035,2.83207],[101.72034,2.83207],[101.72034,2.83206],[101.71918,2.83218],[101.718,2.83229],[101.7178,2.83231],[101.71756,2.83233],[101.71733,2.83235],[101.71732,2.83255],[101.71732,2.83255],[101.71731,2.83269],[101.71735,2.83308],[101.71751,2.83505],[101.71751,2.8351],[101.71751,2.83511],[101.71765,2.8351],[101.71766,2.8351],[101.71802,2.83511],[101.71813,2.83511],[101.72021,2.83493],[101.72055,2.83493],[101.72204,2.83488],[101.72233,2.83485],[101.72255,2.83485],[101.72291,2.83483],[101.72304,2.83482],[101.72314,2.83482],[101.72321,2.83482],[101.72317,2.83426]]]}},{"type":"Feature","properties":{"fid":274,"nama":"Salak Tinggi","pdk_thn":787,"luas_h":13.32,"kpdt":59,"unj_2025":0,"unj_2030":0,"unj_2035":0,"e_blok":"1007C067","pop_share":0.002424634,"recy_annual_t":21.822},"geometry":{"type":"Polygon","coordinates":[[[101.72693,2.83219],[101.7269,2.83151],[101.72611,2.83158],[101.7254,2.83164],[101.72539,2.83164],[101.72537,2.83165],[101.72526,2.83165],[101.72525,2.83165],[101.7251,2.83165],[101.72498,2.83164],[101.7248,2.83164],[101.72463,2.83162],[101.72454,2.83163],[101.72453,2.83164],[101.72423,2.83167],[101.72417,2.83168],[101.72405,2.83168],[101.72394,2.8317],[101.72324,2.83177],[101.72311,2.83178],[101.72293,2.8318],[101.72293,2.83181],[101.72317,2.83426],[101.72321,2.83482],[101.72327,2.83481],[101.72346,2.8348],[101.72365,2.83479],[101.72372,2.83479],[101.72546,2.8347],[101.72596,2.83467],[101.72603,2.83467],[101.72634,2.83465],[101.7265,2.83465],[101.72648,2.83372],[101.72642,2.83243],[101.72642,2.83232],[101.72694,2.83231],[101.72693,2.83219]]]}},{"type":"Feature","properties":{"fid":275,"nama":"Salak Tinggi","pdk_thn":1113,"luas_h":13.64,"kpdt":82,"unj_2025":0,"unj_2030":0,"unj_2035":0,"e_blok":"1007C068","pop_share":0.003428994,"recy_annual_t":30.861},"geometry":{"type":"Polygon","coordinates":[[[101.73027,2.83148],[101.73022,2.83122],[101.72971,2.83127],[101.72961,2.83128],[101.72833,2.83139],[101.72744,2.83146],[101.72743,2.83147],[101.72742,2.83147],[101.72734,2.83147],[101.7269,2.83151],[101.72693,2.83219],[101.72694,2.83231],[101.72642,2.83232],[101.72642,2.83243],[101.72648,2.83372],[101.7265,2.83465],[101.72679,2.83463],[101.72763,2.83459],[101.728,2.83457],[101.72957,2.83449],[101.72956,2.83429],[101.72953,2.83358],[101.72953,2.83358],[101.72959,2.83355],[101.72971,2.83348],[101.72977,2.83344],[101.72987,2.83338],[101.72994,2.83333],[101.72999,2.8333],[101.73004,2.83327],[101.73011,2.83322],[101.7302,2.83315],[101.73027,2.83311],[101.73029,2.83309],[101.73037,2.83303],[101.73041,2.833],[101.73043,2.83298],[101.73046,2.83296],[101.73047,2.83292],[101.73049,2.83289],[101.73049,2.83286],[101.73049,2.83282],[101.73049,2.83279],[101.73046,2.83271],[101.73042,2.83263],[101.73038,2.83256],[101.73033,2.83192],[101.73031,2.83177],[101.73027,2.83148]]]}},{"type":"Feature","properties":{"fid":276,"nama":"Salak Tinggi","pdk_thn":897,"luas_h":24.94,"kpdt":36,"unj_2025":0,"unj_2030":0,"unj_2035":0,"e_blok":"1007C069","pop_share":0.002763529,"recy_annual_t":24.872},"geometry":{"type":"Polygon","coordinates":[[[101.7254,2.83164],[101.72611,2.83158],[101.7269,2.83151],[101.72734,2.83147],[101.72742,2.83147],[101.72743,2.83147],[101.72744,2.83146],[101.72833,2.83139],[101.72961,2.83128],[101.72971,2.83127],[101.73022,2.83122],[101.73092,2.83114],[101.73075,2.82922],[101.73072,2.82877],[101.72999,2.82844],[101.72889,2.82788],[101.72872,2.8282],[101.72869,2.82817],[101.72863,2.82812],[101.72857,2.82808],[101.72851,2.82805],[101.72844,2.82802],[101.72843,2.82802],[101.72841,2.82801],[101.72834,2.82798],[101.72826,2.82797],[101.7275,2.82804],[101.72647,2.82813],[101.72507,2.82825],[101.72501,2.82826],[101.7245,2.8283],[101.72462,2.83023],[101.72462,2.83025],[101.72462,2.83047],[101.72465,2.83147],[101.72464,2.83151],[101.72462,2.83155],[101.7246,2.83158],[101.72457,2.83161],[101.72457,2.83161],[101.72454,2.83163],[101.72463,2.83162],[101.7248,2.83164],[101.72498,2.83164],[101.7251,2.83165],[101.72525,2.83165],[101.72526,2.83165],[101.72537,2.83165],[101.72539,2.83164],[101.7254,2.83164]]]}},{"type":"Feature","properties":{"fid":277,"nama":"Salak Tinggi","pdk_thn":669,"luas_h":2.84,"kpdt":236,"unj_2025":0,"unj_2030":0,"unj_2035":0,"e_blok":"1007C070","pop_share":0.002061093,"recy_annual_t":18.55},"geometry":{"type":"Polygon","coordinates":[[[101.72462,2.83023],[101.7245,2.8283],[101.72407,2.82834],[101.72332,2.82841],[101.72302,2.82843],[101.72301,2.82843],[101.72312,2.82958],[101.72322,2.82957],[101.72346,2.82972],[101.72396,2.83],[101.72435,2.83019],[101.72449,2.83025],[101.72462,2.83025],[101.72462,2.83023]]]}},{"type":"Feature","properties":{"fid":278,"nama":"Salak Tinggi","pdk_thn":781,"luas_h":46.17,"kpdt":17,"unj_2025":0,"unj_2030":0,"unj_2035":0,"e_blok":"1007C071","pop_share":0.002406149,"recy_annual_t":21.655},"geometry":{"type":"Polygon","coordinates":[[[101.71918,2.83218],[101.72034,2.83206],[101.72034,2.83207],[101.72035,2.83207],[101.72156,2.83195],[101.72156,2.83194],[101.72181,2.83191],[101.72208,2.83189],[101.72277,2.83182],[101.72293,2.8318],[101.72311,2.83178],[101.72324,2.83177],[101.72394,2.8317],[101.72405,2.83168],[101.72417,2.83168],[101.72423,2.83167],[101.72453,2.83164],[101.72454,2.83163],[101.72457,2.83161],[101.72457,2.83161],[101.7246,2.83158],[101.72462,2.83155],[101.72464,2.83151],[101.72465,2.83147],[101.72462,2.83047],[101.72462,2.83025],[101.72462,2.83025],[101.72449,2.83025],[101.72435,2.83019],[101.72396,2.83],[101.72346,2.82972],[101.72322,2.82957],[101.72312,2.82958],[101.72301,2.82843],[101.72295,2.82777],[101.72294,2.82765],[101.72293,2.82752],[101.72292,2.82739],[101.72291,2.82727],[101.72287,2.82689],[101.72284,2.82648],[101.72281,2.82612],[101.7228,2.82606],[101.72279,2.82602],[101.72278,2.82598],[101.72275,2.82595],[101.72272,2.82591],[101.72269,2.82589],[101.72266,2.82586],[101.72207,2.82575],[101.72165,2.82566],[101.72132,2.8256],[101.7211,2.82555],[101.72093,2.82552],[101.72076,2.82548],[101.72046,2.82542],[101.72007,2.82534],[101.72007,2.82534],[101.71993,2.82612],[101.71783,2.82627],[101.71756,2.82629],[101.71752,2.82629],[101.7175,2.8263],[101.7175,2.8263],[101.71748,2.82631],[101.71746,2.82631],[101.71745,2.82632],[101.71744,2.82633],[101.71743,2.82633],[101.71743,2.82633],[101.71742,2.82634],[101.71741,2.82635],[101.71741,2.82635],[101.71739,2.82637],[101.71739,2.82638],[101.71739,2.82638],[101.71738,2.8264],[101.71737,2.82641],[101.71737,2.82641],[101.71736,2.82644],[101.71736,2.82645],[101.71736,2.82645],[101.71735,2.82648],[101.71738,2.82722],[101.71734,2.82825],[101.71733,2.82843],[101.71733,2.82862],[101.71733,2.8288],[101.71734,2.82899],[101.71734,2.82913],[101.71735,2.82926],[101.71736,2.8294],[101.71738,2.82954],[101.71739,2.82963],[101.7174,2.82969],[101.7174,2.82969],[101.7174,2.82969],[101.7174,2.82969],[101.71739,2.8297],[101.71741,2.82989],[101.71742,2.83031],[101.71743,2.83039],[101.71747,2.83047],[101.71751,2.83055],[101.71753,2.83061],[101.71752,2.83094],[101.71754,2.83128],[101.71749,2.83133],[101.71749,2.83133],[101.71733,2.83235],[101.71756,2.83233],[101.7178,2.83231],[101.718,2.83229],[101.71918,2.83218]]]}},{"type":"Feature","properties":{"fid":279,"nama":"Ampar Tenang","pdk_thn":658,"luas_h":250.16,"kpdt":3,"unj_2025":0,"unj_2030":0,"unj_2035":0,"e_blok":"1007C072","pop_share":0.002027204,"recy_annual_t":18.245},"geometry":{"type":"Polygon","coordinates":[[[101.71993,2.82612],[101.72007,2.82534],[101.72007,2.82534],[101.72032,2.82407],[101.72036,2.82384],[101.72004,2.82387],[101.71986,2.82388],[101.71884,2.82402],[101.71754,2.82419],[101.71749,2.82419],[101.71738,2.8242],[101.71709,2.82422],[101.7168,2.82422],[101.71677,2.82423],[101.7161,2.82423],[101.71408,2.82426],[101.71353,2.82427],[101.71363,2.82311],[101.71371,2.82205],[101.71371,2.82191],[101.71387,2.8196],[101.71384,2.81818],[101.71373,2.81702],[101.71356,2.81613],[101.71355,2.81607],[101.7117,2.81613],[101.7072,2.81621],[101.70619,2.81625],[101.70412,2.81632],[101.70036,2.81629],[101.70038,2.81672],[101.70038,2.81707],[101.70041,2.81736],[101.70049,2.81797],[101.7005,2.81797],[101.70246,2.81766],[101.70298,2.81758],[101.70344,2.8176],[101.70372,2.8177],[101.70396,2.81781],[101.70418,2.81791],[101.70437,2.81806],[101.70458,2.81829],[101.70483,2.81861],[101.70501,2.81892],[101.70508,2.8193],[101.70509,2.8197],[101.70508,2.82006],[101.70501,2.82053],[101.70497,2.82073],[101.70481,2.82115],[101.70466,2.82139],[101.70439,2.82167],[101.70412,2.82188],[101.70397,2.82204],[101.70392,2.82209],[101.70366,2.8223],[101.70347,2.82258],[101.70333,2.82284],[101.70321,2.82315],[101.70395,2.82347],[101.70405,2.82353],[101.70416,2.82362],[101.70426,2.82374],[101.70432,2.82388],[101.70436,2.8242],[101.70436,2.8242],[101.70436,2.8243],[101.70437,2.82441],[101.70437,2.82453],[101.70441,2.8253],[101.70441,2.8253],[101.70441,2.82535],[101.70441,2.82542],[101.70441,2.82544],[101.70441,2.82544],[101.70441,2.82544],[101.70653,2.82538],[101.70673,2.82537],[101.70793,2.82533],[101.70803,2.82532],[101.70804,2.82591],[101.70804,2.826],[101.70803,2.82632],[101.70803,2.82669],[101.70803,2.82676],[101.70803,2.82717],[101.70803,2.82756],[101.70803,2.8279],[101.70804,2.82801],[101.70806,2.82836],[101.70807,2.82836],[101.70807,2.82837],[101.70808,2.82886],[101.70808,2.82886],[101.70817,2.82954],[101.7081,2.82964],[101.70807,2.83016],[101.70804,2.83067],[101.70802,2.83119],[101.70801,2.83171],[101.70801,2.83222],[101.70801,2.83274],[101.70801,2.83298],[101.70802,2.83325],[101.70803,2.83377],[101.70805,2.83429],[101.70808,2.8348],[101.70811,2.83532],[101.70818,2.83601],[101.70819,2.83605],[101.70819,2.83612],[101.7082,2.83621],[101.7082,2.83642],[101.70824,2.83672],[101.70823,2.83732],[101.71244,2.83735],[101.71248,2.83695],[101.71256,2.83609],[101.71263,2.83525],[101.71751,2.83511],[101.71751,2.8351],[101.71751,2.83505],[101.71735,2.83308],[101.71731,2.83269],[101.71732,2.83255],[101.71733,2.83235],[101.71749,2.83133],[101.71749,2.83133],[101.71754,2.83128],[101.71752,2.83094],[101.71753,2.83061],[101.71751,2.83055],[101.71747,2.83047],[101.71743,2.83039],[101.71742,2.83031],[101.71741,2.82989],[101.71739,2.8297],[101.7174,2.82969],[101.7174,2.82969],[101.71739,2.82963],[101.71738,2.82954],[101.71736,2.8294],[101.71735,2.82926],[101.71734,2.82913],[101.71734,2.82899],[101.71733,2.8288],[101.71733,2.82862],[101.71733,2.82843],[101.71734,2.82825],[101.71738,2.82722],[101.71735,2.82648],[101.71736,2.82645],[101.71736,2.82645],[101.71736,2.82644],[101.71737,2.82641],[101.71737,2.82641],[101.71738,2.8264],[101.71739,2.82638],[101.71739,2.82638],[101.71739,2.82637],[101.71741,2.82635],[101.71741,2.82635],[101.71742,2.82634],[101.71743,2.82633],[101.71743,2.82633],[101.71744,2.82633],[101.71745,2.82632],[101.71746,2.82631],[101.71748,2.82631],[101.7175,2.8263],[101.7175,2.8263],[101.71752,2.82629],[101.71756,2.82629],[101.71783,2.82627],[101.71993,2.82612]]]}},{"type":"Feature","properties":{"fid":280,"nama":"Ampar Tenang","pdk_thn":0,"luas_h":21.24,"kpdt":0,"unj_2025":0,"unj_2030":0,"unj_2035":0,"e_blok":"1007C073","pop_share":0.0,"recy_annual_t":0.0},"geometry":{"type":"Polygon","coordinates":[[[101.71244,2.83735],[101.70823,2.83732],[101.70823,2.83751],[101.70823,2.83751],[101.70823,2.83751],[101.70822,2.83786],[101.70806,2.83847],[101.70799,2.83869],[101.70799,2.83872],[101.70847,2.83895],[101.70879,2.83919],[101.70897,2.8396],[101.70898,2.83966],[101.70903,2.83989],[101.70903,2.84019],[101.70893,2.8406],[101.70876,2.84087],[101.70874,2.8409],[101.70838,2.8412],[101.70902,2.84168],[101.71201,2.84263],[101.71207,2.84089],[101.71209,2.84049],[101.71218,2.83965],[101.71231,2.83846],[101.71244,2.83735]]]}},{"type":"Feature","properties":{"fid":281,"nama":"Ampar Tenang","pdk_thn":56,"luas_h":83.88,"kpdt":1,"unj_2025":0,"unj_2030":0,"unj_2035":0,"e_blok":"1007C074","pop_share":0.000172528,"recy_annual_t":1.553},"geometry":{"type":"Polygon","coordinates":[[[101.70902,2.84168],[101.70838,2.8412],[101.70874,2.8409],[101.70876,2.84087],[101.70893,2.8406],[101.70903,2.84019],[101.70903,2.83989],[101.70898,2.83966],[101.70897,2.8396],[101.70879,2.83919],[101.70847,2.83895],[101.70799,2.83872],[101.70639,2.83844],[101.70599,2.83841],[101.70578,2.83846],[101.70575,2.83846],[101.70439,2.83732],[101.70434,2.83643],[101.69994,2.83643],[101.69925,2.83643],[101.69925,2.83643],[101.69877,2.8365],[101.69877,2.8365],[101.69821,2.83662],[101.69745,2.83671],[101.69671,2.83691],[101.69541,2.83758],[101.69398,2.83828],[101.69401,2.83862],[101.69409,2.83953],[101.69411,2.83986],[101.69416,2.84048],[101.6943,2.84154],[101.69431,2.8416],[101.69491,2.84152],[101.69804,2.84128],[101.69895,2.84125],[101.70126,2.84135],[101.70198,2.84137],[101.70239,2.84139],[101.70297,2.84148],[101.7041,2.84165],[101.70527,2.84184],[101.70577,2.84194],[101.70739,2.84236],[101.70756,2.8424],[101.7095,2.84299],[101.71127,2.84365],[101.71184,2.84386],[101.71196,2.84391],[101.71201,2.84263],[101.70902,2.84168]],[[101.70166,2.83742],[101.70163,2.83752],[101.70102,2.83735],[101.70105,2.83725],[101.70108,2.83716],[101.70168,2.83733],[101.70166,2.83742]],[[101.70236,2.83752],[101.70175,2.83735],[101.70177,2.83726],[101.70238,2.83743],[101.70236,2.83752]]]}},{"type":"Feature","properties":{"fid":282,"nama":"Ampar Tenang","pdk_thn":45,"luas_h":0.23,"kpdt":196,"unj_2025":0,"unj_2030":0,"unj_2035":0,"e_blok":"1007C075","pop_share":0.000138639,"recy_annual_t":1.248},"geometry":{"type":"MultiPolygon","coordinates":[[[[101.70168,2.83733],[101.70108,2.83716],[101.70105,2.83725],[101.70102,2.83735],[101.70163,2.83752],[101.70166,2.83742],[101.70168,2.83733]]],[[[101.70238,2.83743],[101.70177,2.83726],[101.70175,2.83735],[101.70236,2.83752],[101.70238,2.83743]]]]}},{"type":"Feature","properties":{"fid":283,"nama":"Ampar Tenang","pdk_thn":183,"luas_h":16.66,"kpdt":11,"unj_2025":0,"unj_2030":0,"unj_2035":0,"e_blok":"1007C076","pop_share":0.000563797,"recy_annual_t":5.074},"geometry":{"type":"Polygon","coordinates":[[[101.70806,2.83847],[101.70822,2.83786],[101.70823,2.83751],[101.70823,2.83751],[101.70823,2.83751],[101.70823,2.83732],[101.70824,2.83672],[101.7082,2.83642],[101.7082,2.83642],[101.7082,2.83621],[101.70819,2.83612],[101.70819,2.83605],[101.70818,2.83601],[101.70811,2.83532],[101.7081,2.83503],[101.70767,2.83503],[101.70728,2.83503],[101.7072,2.83496],[101.70709,2.83485],[101.70701,2.83472],[101.70689,2.83459],[101.70681,2.83447],[101.7067,2.83437],[101.70677,2.83432],[101.70678,2.83409],[101.7067,2.83391],[101.7067,2.83389],[101.70644,2.83363],[101.70601,2.83349],[101.70573,2.8334],[101.70513,2.83341],[101.70513,2.83411],[101.70513,2.8347],[101.7053,2.83523],[101.70535,2.83535],[101.70553,2.83549],[101.70559,2.83643],[101.70434,2.83643],[101.70439,2.83732],[101.70575,2.83846],[101.70578,2.83846],[101.70599,2.83841],[101.70639,2.83844],[101.70799,2.83872],[101.70799,2.83869],[101.70806,2.83847]]]}},{"type":"Feature","properties":{"fid":284,"nama":"Ampar Tenang","pdk_thn":623,"luas_h":78.46,"kpdt":8,"unj_2025":0,"unj_2030":0,"unj_2035":0,"e_blok":"1007C077","pop_share":0.001919374,"recy_annual_t":17.274},"geometry":{"type":"Polygon","coordinates":[[[101.69925,2.83643],[101.69994,2.83643],[101.70434,2.83643],[101.70559,2.83643],[101.70553,2.83549],[101.70535,2.83535],[101.7053,2.83523],[101.70513,2.8347],[101.70513,2.83411],[101.70513,2.83341],[101.70573,2.8334],[101.70644,2.83363],[101.7067,2.83389],[101.7067,2.83391],[101.70678,2.83409],[101.70677,2.83432],[101.7067,2.83437],[101.70681,2.83447],[101.70689,2.83459],[101.70701,2.83472],[101.70709,2.83485],[101.7072,2.83496],[101.70728,2.83503],[101.70767,2.83503],[101.7081,2.83503],[101.70808,2.8348],[101.70805,2.83429],[101.70803,2.83377],[101.70802,2.83341],[101.70802,2.83325],[101.70801,2.83298],[101.70801,2.83274],[101.70801,2.83222],[101.70801,2.83171],[101.70802,2.83119],[101.70804,2.83067],[101.70807,2.83016],[101.7081,2.82964],[101.70817,2.82954],[101.70813,2.82922],[101.70782,2.82918],[101.70623,2.82916],[101.70582,2.82915],[101.70575,2.82915],[101.70541,2.82915],[101.705,2.82916],[101.70458,2.82918],[101.70418,2.8292],[101.70376,2.82922],[101.70336,2.82926],[101.70295,2.8293],[101.70254,2.82935],[101.70213,2.8294],[101.70173,2.82946],[101.70134,2.82948],[101.7009,2.82953],[101.70036,2.8296],[101.6999,2.8297],[101.69964,2.82977],[101.69938,2.82985],[101.69906,2.82999],[101.69877,2.83021],[101.69851,2.83041],[101.69825,2.83065],[101.69788,2.831],[101.6977,2.83132],[101.69768,2.8316],[101.69762,2.83193],[101.69758,2.83225],[101.69756,2.83255],[101.6976,2.83284],[101.69764,2.83302],[101.69767,2.8332],[101.69776,2.83339],[101.69811,2.8343],[101.69862,2.83547],[101.69884,2.83598],[101.69895,2.83623],[101.69911,2.83645],[101.69925,2.83643],[101.69925,2.83643]]]}},{"type":"Feature","properties":{"fid":285,"nama":"Ampar Tenang","pdk_thn":16,"luas_h":91.93,"kpdt":0,"unj_2025":0,"unj_2030":0,"unj_2035":0,"e_blok":"1007C078","pop_share":4.9294e-05,"recy_annual_t":0.444},"geometry":{"type":"Polygon","coordinates":[[[101.70704,2.82836],[101.70704,2.82848],[101.70704,2.82885],[101.70704,2.82885],[101.70704,2.82848],[101.70704,2.82841],[101.70704,2.82836],[101.70687,2.82836],[101.70684,2.82836],[101.70669,2.82836],[101.70602,2.82837],[101.7027,2.82839],[101.69948,2.8284],[101.69948,2.82829],[101.69947,2.82712],[101.69927,2.82709],[101.69874,2.82703],[101.69856,2.82694],[101.69837,2.82676],[101.69822,2.8265],[101.6981,2.82628],[101.69803,2.82608],[101.69801,2.82589],[101.698,2.8257],[101.69799,2.82558],[101.69799,2.82555],[101.69799,2.82555],[101.69799,2.82531],[101.698,2.82506],[101.69801,2.82493],[101.69802,2.82479],[101.69803,2.82474],[101.69805,2.82455],[101.69808,2.82436],[101.69812,2.82417],[101.69816,2.82398],[101.69772,2.82392],[101.69772,2.82392],[101.69752,2.82389],[101.69725,2.82386],[101.69697,2.82384],[101.6967,2.82383],[101.69659,2.82382],[101.6965,2.82382],[101.69642,2.82382],[101.69615,2.82381],[101.69587,2.82382],[101.6956,2.82383],[101.69532,2.82385],[101.69505,2.82387],[101.69477,2.8239],[101.6945,2.82393],[101.69423,2.82398],[101.69396,2.82402],[101.69365,2.82401],[101.69365,2.82401],[101.69364,2.82401],[101.69362,2.82445],[101.6936,2.82474],[101.69358,2.82501],[101.69356,2.82532],[101.69351,2.82576],[101.69347,2.8262],[101.69341,2.82664],[101.69335,2.82707],[101.69306,2.83026],[101.69306,2.8305],[101.69306,2.83074],[101.69308,2.83098],[101.6931,2.83122],[101.69313,2.83146],[101.69316,2.83169],[101.6932,2.83193],[101.69325,2.83216],[101.69331,2.83239],[101.69354,2.8335],[101.69376,2.83456],[101.69381,2.83497],[101.69386,2.83539],[101.6939,2.8358],[101.69392,2.83621],[101.69395,2.83663],[101.69397,2.83704],[101.69398,2.83745],[101.69398,2.83787],[101.69398,2.83828],[101.69541,2.83758],[101.69671,2.83691],[101.69745,2.83671],[101.69821,2.83662],[101.69877,2.8365],[101.69877,2.8365],[101.69911,2.83645],[101.69895,2.83623],[101.69884,2.83598],[101.69862,2.83547],[101.69811,2.8343],[101.69776,2.83339],[101.69767,2.8332],[101.69764,2.83302],[101.6976,2.83284],[101.69756,2.83255],[101.69758,2.83225],[101.69762,2.83193],[101.69768,2.8316],[101.6977,2.83132],[101.69788,2.831],[101.69825,2.83065],[101.69851,2.83041],[101.69877,2.83021],[101.69906,2.82999],[101.69938,2.82985],[101.69964,2.82977],[101.6999,2.8297],[101.70036,2.8296],[101.7009,2.82953],[101.70134,2.82948],[101.70173,2.82946],[101.70213,2.8294],[101.70254,2.82935],[101.70295,2.8293],[101.70336,2.82926],[101.70376,2.82922],[101.70418,2.8292],[101.70458,2.82918],[101.705,2.82916],[101.70541,2.82915],[101.70582,2.82915],[101.70623,2.82916],[101.70782,2.82918],[101.70813,2.82922],[101.70808,2.82886],[101.70808,2.82886],[101.70807,2.82837],[101.70807,2.82836],[101.70806,2.82836],[101.70794,2.82835],[101.70779,2.82836],[101.70757,2.82836],[101.70757,2.82841],[101.70757,2.82885],[101.70739,2.82885],[101.70722,2.82885],[101.70722,2.82841],[101.70722,2.82836],[101.70704,2.82836]]]}},{"type":"Feature","properties":{"fid":286,"nama":"Ampar Tenang","pdk_thn":325,"luas_h":0.73,"kpdt":445,"unj_2025":0,"unj_2030":0,"unj_2035":0,"e_blok":"1007C079","pop_share":0.001001279,"recy_annual_t":9.012},"geometry":{"type":"Polygon","coordinates":[[[101.70757,2.82841],[101.70757,2.82836],[101.70779,2.82836],[101.70794,2.82835],[101.70806,2.82836],[101.70804,2.82801],[101.70794,2.82801],[101.70684,2.82801],[101.70684,2.82836],[101.70687,2.82836],[101.70704,2.82836],[101.70722,2.82836],[101.70722,2.82841],[101.70722,2.82885],[101.70739,2.82885],[101.70757,2.82885],[101.70757,2.82841]]]}},{"type":"Feature","properties":{"fid":287,"nama":"Ampar Tenang","pdk_thn":1294,"luas_h":2.37,"kpdt":546,"unj_2025":0,"unj_2030":0,"unj_2035":0,"e_blok":"1007C080","pop_share":0.003986629,"recy_annual_t":35.88},"geometry":{"type":"Polygon","coordinates":[[[101.70684,2.82836],[101.70684,2.82801],[101.70794,2.82801],[101.70804,2.82801],[101.70803,2.8279],[101.70803,2.82756],[101.70803,2.82717],[101.70793,2.82717],[101.70685,2.82717],[101.70684,2.82726],[101.70663,2.82726],[101.70649,2.82726],[101.70601,2.82725],[101.70601,2.82752],[101.70601,2.82761],[101.70601,2.8277],[101.70601,2.82783],[101.70601,2.82783],[101.70602,2.82801],[101.70602,2.82837],[101.70669,2.82836],[101.70684,2.82836]]]}},{"type":"Feature","properties":{"fid":288,"nama":"Ampar Tenang","pdk_thn":858,"luas_h":2.08,"kpdt":413,"unj_2025":0,"unj_2030":0,"unj_2035":0,"e_blok":"1007C081","pop_share":0.002643375,"recy_annual_t":23.79},"geometry":{"type":"Polygon","coordinates":[[[101.70685,2.82717],[101.70793,2.82717],[101.70803,2.82717],[101.70803,2.82676],[101.70803,2.82669],[101.70803,2.82632],[101.70794,2.82632],[101.70687,2.82632],[101.70687,2.82644],[101.706,2.82645],[101.706,2.82676],[101.706,2.82684],[101.70601,2.82703],[101.70601,2.82725],[101.70649,2.82726],[101.70663,2.82726],[101.70684,2.82726],[101.70685,2.82717]]]}},{"type":"Feature","properties":{"fid":289,"nama":"Ampar Tenang","pdk_thn":974,"luas_h":2.0,"kpdt":487,"unj_2025":0,"unj_2030":0,"unj_2035":0,"e_blok":"1007C082","pop_share":0.003000755,"recy_annual_t":27.007},"geometry":{"type":"Polygon","coordinates":[[[101.70687,2.82644],[101.70687,2.82632],[101.70794,2.82632],[101.70803,2.82632],[101.70804,2.82591],[101.70803,2.82532],[101.70793,2.82533],[101.70673,2.82537],[101.70673,2.8259],[101.70674,2.82598],[101.70649,2.82598],[101.706,2.82599],[101.706,2.82645],[101.70687,2.82644]]]}},{"type":"Feature","properties":{"fid":290,"nama":"Ampar Tenang","pdk_thn":926,"luas_h":9.41,"kpdt":98,"unj_2025":0,"unj_2030":0,"unj_2035":0,"e_blok":"1007C083","pop_share":0.002852874,"recy_annual_t":25.676},"geometry":{"type":"Polygon","coordinates":[[[101.70601,2.82703],[101.706,2.82684],[101.706,2.82676],[101.706,2.82645],[101.706,2.82599],[101.70649,2.82598],[101.70674,2.82598],[101.70674,2.82598],[101.70673,2.8259],[101.70673,2.82537],[101.70653,2.82538],[101.70441,2.82544],[101.70441,2.82544],[101.70445,2.82624],[101.70445,2.82631],[101.70444,2.82638],[101.70443,2.82645],[101.70441,2.82651],[101.70439,2.82657],[101.70436,2.82663],[101.70434,2.82666],[101.70433,2.82667],[101.7043,2.82672],[101.70427,2.82676],[101.70422,2.82681],[101.70417,2.82685],[101.70411,2.82689],[101.70405,2.82692],[101.70399,2.82694],[101.70393,2.82696],[101.70386,2.82696],[101.7027,2.82696],[101.7027,2.82697],[101.70272,2.82747],[101.70273,2.82759],[101.7027,2.82809],[101.7027,2.82816],[101.7027,2.82839],[101.70602,2.82837],[101.70602,2.82801],[101.70601,2.82783],[101.70601,2.82783],[101.70601,2.82783],[101.70601,2.8277],[101.70601,2.82761],[101.70601,2.82759],[101.70601,2.82752],[101.70601,2.82745],[101.70601,2.82725],[101.70601,2.82703]]]}},{"type":"Feature","properties":{"fid":291,"nama":"Ampar Tenang","pdk_thn":818,"luas_h":26.45,"kpdt":31,"unj_2025":0,"unj_2030":0,"unj_2035":0,"e_blok":"1007C084","pop_share":0.002520141,"recy_annual_t":22.681},"geometry":{"type":"Polygon","coordinates":[[[101.7027,2.82697],[101.7027,2.82696],[101.70386,2.82696],[101.70393,2.82696],[101.70399,2.82694],[101.70405,2.82692],[101.70411,2.82689],[101.70417,2.82685],[101.70422,2.82681],[101.70427,2.82676],[101.7043,2.82672],[101.70433,2.82667],[101.70434,2.82666],[101.70436,2.82663],[101.70439,2.82657],[101.70441,2.82651],[101.70443,2.82645],[101.70444,2.82638],[101.70445,2.82631],[101.70445,2.82624],[101.70441,2.82544],[101.70441,2.82542],[101.70441,2.82535],[101.70441,2.8253],[101.70437,2.82453],[101.70437,2.82441],[101.70436,2.8243],[101.70436,2.8242],[101.70235,2.82443],[101.70229,2.82444],[101.70182,2.82446],[101.7012,2.82446],[101.70099,2.82443],[101.70039,2.82436],[101.70035,2.82436],[101.7001,2.82434],[101.69888,2.82412],[101.69867,2.82408],[101.69816,2.82398],[101.69812,2.82417],[101.69808,2.82436],[101.69805,2.82455],[101.69803,2.82474],[101.69802,2.82479],[101.69801,2.82493],[101.698,2.82506],[101.698,2.82516],[101.69799,2.82531],[101.69799,2.82555],[101.69799,2.82558],[101.698,2.8257],[101.69801,2.82589],[101.69803,2.82608],[101.6981,2.82628],[101.69822,2.8265],[101.69837,2.82676],[101.69856,2.82694],[101.69874,2.82703],[101.69927,2.82709],[101.69947,2.82712],[101.69948,2.82829],[101.69948,2.8284],[101.7027,2.82839],[101.7027,2.82809],[101.70273,2.82759],[101.70272,2.82747],[101.7027,2.82697],[101.7027,2.82697]]]}},{"type":"Feature","properties":{"fid":292,"nama":"Ampar Tenang","pdk_thn":644,"luas_h":30.99,"kpdt":21,"unj_2025":0,"unj_2030":0,"unj_2035":0,"e_blok":"1007C085","pop_share":0.001984072,"recy_annual_t":17.857},"geometry":{"type":"Polygon","coordinates":[[[101.70347,2.82258],[101.70366,2.8223],[101.70392,2.82209],[101.70397,2.82204],[101.70412,2.82188],[101.70439,2.82167],[101.70466,2.82139],[101.70481,2.82115],[101.70497,2.82073],[101.70501,2.82053],[101.70508,2.82006],[101.70509,2.8197],[101.70508,2.8193],[101.70501,2.81892],[101.70483,2.81861],[101.70458,2.81829],[101.70437,2.81806],[101.70418,2.81791],[101.70396,2.81781],[101.70372,2.8177],[101.70344,2.8176],[101.70298,2.81758],[101.70246,2.81766],[101.7005,2.81797],[101.70049,2.81797],[101.70043,2.81826],[101.70031,2.8186],[101.70019,2.81896],[101.70013,2.81917],[101.70014,2.81944],[101.7002,2.81962],[101.70029,2.81981],[101.70048,2.81996],[101.70081,2.82004],[101.70093,2.82015],[101.70097,2.82027],[101.70098,2.82058],[101.70102,2.82152],[101.70101,2.82153],[101.70102,2.82153],[101.70104,2.82258],[101.70096,2.82258],[101.70096,2.82271],[101.70097,2.82294],[101.70097,2.823],[101.70098,2.82329],[101.70029,2.82336],[101.70038,2.82423],[101.70039,2.82436],[101.7012,2.82446],[101.70182,2.82446],[101.70229,2.82444],[101.70235,2.82443],[101.70436,2.8242],[101.70436,2.8242],[101.70432,2.82388],[101.70426,2.82374],[101.70416,2.82362],[101.70405,2.82353],[101.70395,2.82347],[101.70321,2.82315],[101.70333,2.82284],[101.70347,2.82258]]]}},{"type":"Feature","properties":{"fid":293,"nama":"Ampar Tenang","pdk_thn":1044,"luas_h":11.62,"kpdt":90,"unj_2025":0,"unj_2030":0,"unj_2035":0,"e_blok":"1007C086","pop_share":0.003216415,"recy_annual_t":28.948},"geometry":{"type":"Polygon","coordinates":[[[101.70096,2.82271],[101.70096,2.82258],[101.70104,2.82258],[101.70103,2.82181],[101.69921,2.82182],[101.69923,2.82152],[101.69726,2.82155],[101.6972,2.82163],[101.69679,2.82224],[101.69711,2.82246],[101.6971,2.82249],[101.69685,2.82318],[101.69659,2.82382],[101.6967,2.82383],[101.69697,2.82384],[101.69725,2.82386],[101.69752,2.82389],[101.69772,2.82392],[101.69772,2.82392],[101.69816,2.82398],[101.69888,2.82412],[101.7001,2.82434],[101.70039,2.82436],[101.70029,2.82336],[101.70098,2.82329],[101.70097,2.823],[101.70097,2.82294],[101.70096,2.82271]]]}},{"type":"Feature","properties":{"fid":294,"nama":"Ampar Tenang","pdk_thn":505,"luas_h":55.13,"kpdt":9,"unj_2025":0,"unj_2030":0,"unj_2035":0,"e_blok":"1007C087","pop_share":0.001555833,"recy_annual_t":14.002},"geometry":{"type":"Polygon","coordinates":[[[101.69587,2.82382],[101.69615,2.82381],[101.69642,2.82382],[101.6965,2.82382],[101.69659,2.82382],[101.69685,2.82318],[101.6971,2.82249],[101.69711,2.82246],[101.69679,2.82224],[101.6972,2.82163],[101.69726,2.82155],[101.69923,2.82152],[101.69921,2.82182],[101.70103,2.82181],[101.70102,2.82153],[101.70098,2.82058],[101.70097,2.82027],[101.70093,2.82015],[101.70081,2.82004],[101.70048,2.81996],[101.70029,2.81981],[101.7002,2.81962],[101.70014,2.81944],[101.70013,2.81917],[101.70019,2.81896],[101.70031,2.8186],[101.70043,2.81826],[101.70049,2.81797],[101.70041,2.81736],[101.70038,2.81707],[101.70038,2.81672],[101.70036,2.81629],[101.70002,2.81628],[101.69946,2.81635],[101.69749,2.81642],[101.69522,2.81636],[101.69393,2.81636],[101.69352,2.81637],[101.69349,2.81693],[101.69347,2.81711],[101.69347,2.81778],[101.69346,2.81895],[101.69347,2.81941],[101.69352,2.82093],[101.69363,2.82313],[101.69364,2.82334],[101.69364,2.82334],[101.69364,2.82348],[101.69364,2.82401],[101.69396,2.82402],[101.69423,2.82398],[101.6945,2.82393],[101.69477,2.8239],[101.69505,2.82387],[101.69532,2.82385],[101.6956,2.82383],[101.69587,2.82382]]]}},{"type":"Feature","properties":{"fid":295,"nama":"Ampar Tenang","pdk_thn":1466,"luas_h":426.37,"kpdt":3,"unj_2025":0,"unj_2030":0,"unj_2035":0,"e_blok":"1007C088","pop_share":0.004516537,"recy_annual_t":40.649},"geometry":{"type":"Polygon","coordinates":[[[101.72372,2.82274],[101.72372,2.82274],[101.72374,2.82274],[101.72376,2.82274],[101.72376,2.82274],[101.72378,2.82274],[101.7238,2.82275],[101.7238,2.82275],[101.72382,2.82276],[101.72384,2.82276],[101.72384,2.82276],[101.72387,2.82278],[101.72424,2.82308],[101.72446,2.82323],[101.72447,2.82322],[101.7258,2.82068],[101.72603,2.82026],[101.72635,2.81964],[101.72635,2.81964],[101.7259,2.8194],[101.72584,2.81936],[101.72584,2.81936],[101.72581,2.81933],[101.7258,2.81932],[101.7258,2.81932],[101.72579,2.81931],[101.72578,2.8193],[101.72573,2.81926],[101.72573,2.81926],[101.72572,2.81925],[101.72569,2.81921],[101.72569,2.8192],[101.72567,2.81918],[101.72565,2.81915],[101.72565,2.81914],[101.72564,2.81912],[101.72563,2.81911],[101.72561,2.81908],[101.72558,2.81902],[101.72557,2.819],[101.72557,2.81897],[101.72555,2.81892],[101.72554,2.81887],[101.72553,2.81882],[101.72553,2.81876],[101.72553,2.81815],[101.72554,2.81707],[101.72554,2.81693],[101.72555,2.8165],[101.72554,2.8161],[101.72555,2.81502],[101.72555,2.81377],[101.71686,2.81379],[101.71686,2.81063],[101.71677,2.80979],[101.71652,2.80983],[101.71651,2.80954],[101.71648,2.80878],[101.71647,2.80843],[101.71646,2.80809],[101.71645,2.80786],[101.71644,2.80772],[101.71644,2.80763],[101.71644,2.80755],[101.71643,2.80729],[101.71502,2.80726],[101.71478,2.80725],[101.71467,2.80725],[101.71454,2.80724],[101.71453,2.80699],[101.71453,2.80692],[101.71453,2.80652],[101.71453,2.80644],[101.71453,2.80595],[101.71452,2.80581],[101.71452,2.8057],[101.71452,2.80556],[101.71452,2.80555],[101.71452,2.80555],[101.71437,2.80556],[101.71429,2.80555],[101.71379,2.80555],[101.71295,2.80553],[101.71288,2.80553],[101.71225,2.80551],[101.71117,2.80549],[101.71108,2.80549],[101.71063,2.80548],[101.70995,2.80545],[101.70946,2.80544],[101.70791,2.80541],[101.70686,2.8054],[101.70607,2.80537],[101.70606,2.80553],[101.70606,2.80553],[101.70606,2.8054],[101.70607,2.80537],[101.70607,2.80534],[101.70606,2.80534],[101.70567,2.80533],[101.70464,2.80531],[101.70219,2.80528],[101.70027,2.8053],[101.69767,2.80517],[101.69546,2.80524],[101.69558,2.80696],[101.69558,2.80792],[101.69547,2.80902],[101.69526,2.81017],[101.69501,2.81113],[101.69468,2.81208],[101.6945,2.81277],[101.69434,2.81331],[101.69417,2.81386],[101.694,2.8144],[101.69382,2.81494],[101.69361,2.81572],[101.69352,2.81637],[101.69393,2.81636],[101.69522,2.81636],[101.69749,2.81642],[101.69946,2.81635],[101.70002,2.81628],[101.70036,2.81629],[101.70412,2.81632],[101.70619,2.81625],[101.7072,2.81621],[101.7117,2.81613],[101.71355,2.81607],[101.71373,2.81702],[101.71384,2.81818],[101.71387,2.8196],[101.71371,2.82191],[101.71371,2.82205],[101.71363,2.82311],[101.71353,2.82427],[101.71408,2.82426],[101.7161,2.82423],[101.71677,2.82423],[101.7168,2.82422],[101.71709,2.82422],[101.71738,2.8242],[101.71749,2.82419],[101.71754,2.82419],[101.71884,2.82402],[101.71986,2.82388],[101.72004,2.82387],[101.72036,2.82384],[101.72036,2.82384],[101.72281,2.82367],[101.72288,2.82365],[101.72294,2.82363],[101.72301,2.8236],[101.72306,2.82356],[101.72312,2.82352],[101.72313,2.82349],[101.72313,2.82349],[101.72315,2.82348],[101.72316,2.82346],[101.7235,2.82289],[101.72351,2.82287],[101.72353,2.82284],[101.72354,2.82283],[101.72354,2.82282],[101.72356,2.82281],[101.72357,2.8228],[101.72359,2.82278],[101.7236,2.82277],[101.72362,2.82276],[101.72364,2.82275],[101.72364,2.82275],[101.72366,2.82275],[101.72368,2.82274],[101.72368,2.82274],[101.7237,2.82274],[101.72372,2.82274]]]}},{"type":"Feature","properties":{"fid":296,"nama":"Salak Tinggi","pdk_thn":1933,"luas_h":48.21,"kpdt":40,"unj_2025":0,"unj_2030":0,"unj_2035":0,"e_blok":"1007C089","pop_share":0.005955297,"recy_annual_t":53.598},"geometry":{"type":"Polygon","coordinates":[[[101.73206,2.83021],[101.73238,2.82952],[101.73318,2.8279],[101.73139,2.82695],[101.72968,2.82605],[101.72968,2.82605],[101.72934,2.82588],[101.72873,2.82558],[101.72789,2.82516],[101.72665,2.82453],[101.72596,2.82418],[101.72579,2.82409],[101.72579,2.82409],[101.72565,2.82401],[101.72562,2.824],[101.72561,2.82399],[101.72549,2.82392],[101.72546,2.8239],[101.72543,2.82389],[101.72534,2.82383],[101.72529,2.82381],[101.72528,2.8238],[101.72477,2.82345],[101.72468,2.82339],[101.7246,2.82332],[101.72456,2.82329],[101.72451,2.82326],[101.72446,2.82323],[101.72424,2.82308],[101.72387,2.82278],[101.72384,2.82276],[101.72384,2.82276],[101.72382,2.82276],[101.7238,2.82275],[101.7238,2.82275],[101.72378,2.82274],[101.72376,2.82274],[101.72376,2.82274],[101.72374,2.82274],[101.72372,2.82274],[101.72372,2.82274],[101.7237,2.82274],[101.72368,2.82274],[101.72368,2.82274],[101.72366,2.82275],[101.72364,2.82275],[101.72364,2.82275],[101.72362,2.82276],[101.7236,2.82277],[101.72359,2.82278],[101.72357,2.8228],[101.72356,2.82281],[101.72354,2.82282],[101.72354,2.82283],[101.72353,2.82284],[101.72351,2.82287],[101.7235,2.82289],[101.72316,2.82346],[101.72315,2.82348],[101.72313,2.82349],[101.72313,2.82349],[101.72312,2.82352],[101.72306,2.82356],[101.72301,2.8236],[101.72294,2.82363],[101.72288,2.82365],[101.72281,2.82367],[101.72036,2.82384],[101.72036,2.82384],[101.72032,2.82407],[101.72007,2.82534],[101.72046,2.82542],[101.72076,2.82548],[101.72093,2.82552],[101.7211,2.82555],[101.72132,2.8256],[101.72165,2.82566],[101.72207,2.82575],[101.72266,2.82586],[101.72269,2.82589],[101.72272,2.82591],[101.72275,2.82595],[101.72278,2.82598],[101.72279,2.82602],[101.7228,2.82606],[101.72281,2.82612],[101.72284,2.82648],[101.72287,2.82689],[101.72291,2.82727],[101.72292,2.82739],[101.72293,2.82752],[101.72294,2.82765],[101.72295,2.82777],[101.72301,2.82843],[101.72302,2.82843],[101.72332,2.82841],[101.72407,2.82834],[101.72478,2.82828],[101.72501,2.82826],[101.72507,2.82825],[101.72647,2.82813],[101.7275,2.82804],[101.72826,2.82797],[101.72834,2.82798],[101.72841,2.82801],[101.72843,2.82802],[101.72844,2.82802],[101.72851,2.82805],[101.72857,2.82808],[101.72863,2.82812],[101.72869,2.82817],[101.72872,2.8282],[101.72889,2.82788],[101.72999,2.82844],[101.73072,2.82877],[101.73075,2.82922],[101.73082,2.82998],[101.73153,2.82998],[101.73206,2.83021]]]}},{"type":"Feature","properties":{"fid":297,"nama":"Salak Tinggi","pdk_thn":1196,"luas_h":48.51,"kpdt":25,"unj_2025":0,"unj_2030":0,"unj_2035":0,"e_blok":"1007C090","pop_share":0.003684705,"recy_annual_t":33.162},"geometry":{"type":"Polygon","coordinates":[[[101.7366,2.83409],[101.73658,2.82992],[101.7367,2.82968],[101.7367,2.82968],[101.73678,2.82972],[101.73789,2.83033],[101.73799,2.83039],[101.73809,2.83045],[101.7382,2.83051],[101.73831,2.83055],[101.73842,2.83059],[101.73853,2.83063],[101.73865,2.83066],[101.73876,2.83068],[101.73888,2.8307],[101.739,2.83071],[101.73912,2.83071],[101.73924,2.83071],[101.73935,2.8307],[101.73947,2.83069],[101.73954,2.83067],[101.73959,2.83066],[101.7397,2.83064],[101.73981,2.83061],[101.73982,2.8306],[101.73982,2.83059],[101.73979,2.83051],[101.73978,2.83049],[101.73976,2.83038],[101.73973,2.83027],[101.73971,2.83016],[101.7397,2.83005],[101.73969,2.82994],[101.73969,2.82983],[101.73969,2.8297],[101.7397,2.82957],[101.73971,2.82948],[101.73971,2.82948],[101.73974,2.82938],[101.73975,2.82928],[101.73975,2.82925],[101.73977,2.82913],[101.73979,2.82901],[101.73982,2.82889],[101.73985,2.82876],[101.73989,2.82864],[101.73979,2.82864],[101.73955,2.82865],[101.73933,2.82865],[101.73923,2.82865],[101.73914,2.82864],[101.73896,2.82864],[101.73896,2.82896],[101.73882,2.82923],[101.73769,2.82865],[101.73809,2.8279],[101.73814,2.82781],[101.73697,2.82727],[101.73631,2.82853],[101.73631,2.82853],[101.73594,2.82926],[101.73593,2.82926],[101.73408,2.82835],[101.73339,2.82801],[101.73318,2.8279],[101.73238,2.82952],[101.73206,2.83021],[101.73153,2.82998],[101.73082,2.82998],[101.73092,2.83114],[101.73022,2.83122],[101.73027,2.83148],[101.73031,2.83177],[101.73033,2.83192],[101.73038,2.83256],[101.73042,2.83263],[101.73046,2.83271],[101.73049,2.83279],[101.73049,2.83282],[101.73049,2.83286],[101.73049,2.83289],[101.73047,2.83292],[101.73046,2.83296],[101.73043,2.83298],[101.73041,2.833],[101.73037,2.83303],[101.73029,2.83309],[101.73027,2.83311],[101.7302,2.83315],[101.73011,2.83322],[101.73004,2.83327],[101.72999,2.8333],[101.72994,2.83333],[101.72987,2.83338],[101.72977,2.83344],[101.72971,2.83348],[101.72959,2.83355],[101.72953,2.83358],[101.72953,2.83358],[101.72956,2.83429],[101.72957,2.83449],[101.73498,2.83418],[101.7366,2.83409]]]}},{"type":"Feature","properties":{"fid":298,"nama":"Salak Tinggi","pdk_thn":1015,"luas_h":241.88,"kpdt":4,"unj_2025":0,"unj_2030":0,"unj_2035":0,"e_blok":"1007C091","pop_share":0.00312707,"recy_annual_t":28.144},"geometry":{"type":"Polygon","coordinates":[[[101.73631,2.82853],[101.73697,2.82727],[101.73814,2.82781],[101.73809,2.8279],[101.73769,2.82865],[101.73882,2.82923],[101.73896,2.82896],[101.73896,2.82864],[101.73914,2.82864],[101.73923,2.82865],[101.73933,2.82865],[101.73955,2.82865],[101.73979,2.82864],[101.73989,2.82864],[101.73989,2.82864],[101.73996,2.82847],[101.74002,2.82831],[101.74005,2.82808],[101.74008,2.82786],[101.7401,2.82776],[101.74014,2.82764],[101.74017,2.82752],[101.74022,2.82741],[101.74022,2.82741],[101.74026,2.82729],[101.74032,2.82718],[101.74032,2.82718],[101.74032,2.82718],[101.74038,2.82708],[101.7405,2.82694],[101.74051,2.82693],[101.74062,2.82681],[101.74073,2.82667],[101.74082,2.82656],[101.74089,2.82644],[101.74096,2.82633],[101.74102,2.82624],[101.74102,2.82623],[101.74107,2.82613],[101.74111,2.82603],[101.74115,2.82592],[101.74118,2.82581],[101.74135,2.82542],[101.74183,2.82435],[101.74188,2.82427],[101.74192,2.82418],[101.74201,2.82403],[101.74202,2.82402],[101.74211,2.82386],[101.74219,2.82374],[101.74227,2.82362],[101.74236,2.82349],[101.74236,2.82348],[101.74246,2.82334],[101.74256,2.82321],[101.74267,2.82308],[101.74278,2.82295],[101.74282,2.8229],[101.74289,2.82283],[101.74298,2.82274],[101.74307,2.82265],[101.74312,2.82258],[101.74313,2.82257],[101.74315,2.82255],[101.74322,2.82245],[101.74329,2.82235],[101.74337,2.82223],[101.74341,2.82215],[101.74344,2.8221],[101.7435,2.82198],[101.74357,2.82191],[101.7436,2.82189],[101.74363,2.82187],[101.74364,2.82185],[101.74372,2.8218],[101.74379,2.82174],[101.74385,2.8217],[101.7439,2.82166],[101.74395,2.82161],[101.744,2.82156],[101.74403,2.82151],[101.74404,2.8215],[101.74404,2.82149],[101.74406,2.82147],[101.74407,2.82145],[101.7441,2.8214],[101.74413,2.82134],[101.7442,2.82119],[101.74429,2.82101],[101.7444,2.82076],[101.74444,2.82069],[101.74448,2.82062],[101.74453,2.82055],[101.74458,2.82049],[101.74458,2.82048],[101.74459,2.82048],[101.74467,2.82034],[101.7447,2.82027],[101.74474,2.8202],[101.74476,2.82015],[101.7448,2.82008],[101.74481,2.82005],[101.74485,2.81999],[101.74488,2.81992],[101.74491,2.81985],[101.74493,2.8198],[101.74494,2.81977],[101.74497,2.81969],[101.74509,2.8193],[101.74516,2.81909],[101.74523,2.81888],[101.74529,2.81866],[101.74534,2.81845],[101.74539,2.81823],[101.74542,2.81793],[101.74545,2.81771],[101.74547,2.81753],[101.74547,2.81753],[101.74548,2.81747],[101.74548,2.81737],[101.74548,2.81733],[101.74548,2.81723],[101.74548,2.81713],[101.74548,2.81707],[101.74547,2.81697],[101.74547,2.81686],[101.74547,2.81676],[101.74548,2.8167],[101.74549,2.81666],[101.7455,2.81655],[101.74556,2.81641],[101.74561,2.81626],[101.74565,2.81614],[101.74566,2.81611],[101.74566,2.8161],[101.74567,2.81606],[101.7457,2.81596],[101.74571,2.81594],[101.74571,2.81591],[101.74573,2.81581],[101.74575,2.81572],[101.74577,2.81563],[101.74581,2.81545],[101.74583,2.81535],[101.74588,2.81519],[101.74592,2.81503],[101.74613,2.81434],[101.74625,2.81394],[101.74633,2.81365],[101.74642,2.81342],[101.74649,2.81318],[101.74656,2.81296],[101.74656,2.81294],[101.74663,2.81269],[101.74665,2.81262],[101.74669,2.81245],[101.74674,2.81225],[101.74678,2.81204],[101.74681,2.81184],[101.74683,2.81168],[101.74684,2.81163],[101.74685,2.81142],[101.74686,2.81128],[101.74441,2.81142],[101.74278,2.81121],[101.74253,2.81121],[101.74245,2.81121],[101.74241,2.81121],[101.74241,2.81121],[101.74238,2.81129],[101.74235,2.81136],[101.74221,2.81162],[101.74207,2.81188],[101.74202,2.81197],[101.74124,2.81339],[101.74115,2.81352],[101.74105,2.81364],[101.74095,2.81377],[101.74084,2.81388],[101.74082,2.8139],[101.74073,2.814],[101.74061,2.81411],[101.74053,2.81417],[101.74026,2.8144],[101.74022,2.81443],[101.74019,2.81445],[101.73988,2.8147],[101.73979,2.81477],[101.73959,2.81493],[101.7395,2.81498],[101.73957,2.81701],[101.73812,2.817],[101.73812,2.81722],[101.73622,2.81726],[101.73577,2.81727],[101.73538,2.81727],[101.73548,2.81767],[101.73552,2.81778],[101.73549,2.8179],[101.73538,2.81808],[101.73522,2.81821],[101.73504,2.81828],[101.73481,2.81832],[101.73446,2.81838],[101.73395,2.81845],[101.73382,2.81847],[101.73332,2.81857],[101.73283,2.81859],[101.73229,2.81854],[101.73229,2.81854],[101.73165,2.81854],[101.73139,2.81854],[101.73119,2.81854],[101.73052,2.81852],[101.73008,2.81851],[101.72886,2.81847],[101.72822,2.81845],[101.72812,2.81845],[101.72802,2.81845],[101.72791,2.81846],[101.72787,2.81846],[101.72783,2.81847],[101.72778,2.81848],[101.72771,2.81849],[101.72767,2.8185],[101.72759,2.81852],[101.72756,2.81853],[101.72748,2.81856],[101.72745,2.81857],[101.72737,2.8186],[101.72735,2.81861],[101.72726,2.81865],[101.72725,2.81865],[101.72724,2.81866],[101.72722,2.81867],[101.72716,2.8187],[101.72714,2.81871],[101.72707,2.81876],[101.72704,2.81878],[101.72698,2.81882],[101.72695,2.81884],[101.72694,2.81885],[101.72693,2.81886],[101.7269,2.81889],[101.72684,2.81893],[101.72676,2.81901],[101.72674,2.81903],[101.72668,2.8191],[101.72661,2.81919],[101.72654,2.81928],[101.72635,2.81964],[101.72635,2.81964],[101.72635,2.81964],[101.72635,2.81964],[101.72603,2.82026],[101.7258,2.82068],[101.72447,2.82322],[101.72446,2.82323],[101.72451,2.82326],[101.72456,2.82329],[101.7246,2.82332],[101.72468,2.82339],[101.72477,2.82345],[101.72528,2.8238],[101.72529,2.82381],[101.72534,2.82383],[101.72543,2.82389],[101.72546,2.8239],[101.72549,2.82392],[101.72561,2.82399],[101.72562,2.824],[101.72565,2.82401],[101.72579,2.82409],[101.72579,2.82409],[101.72596,2.82418],[101.72665,2.82453],[101.72789,2.82516],[101.72873,2.82558],[101.72934,2.82588],[101.72968,2.82605],[101.72968,2.82605],[101.73139,2.82695],[101.73318,2.8279],[101.73339,2.82801],[101.73408,2.82835],[101.73581,2.8292],[101.73593,2.82926],[101.73631,2.82853]]]}},{"type":"Feature","properties":{"fid":299,"nama":"Salak Tinggi","pdk_thn":840,"luas_h":81.56,"kpdt":10,"unj_2025":0,"unj_2030":0,"unj_2035":0,"e_blok":"1007C092","pop_share":0.00258792,"recy_annual_t":23.291},"geometry":{"type":"Polygon","coordinates":[[[101.74241,2.81121],[101.74241,2.81121],[101.74245,2.81121],[101.74253,2.81121],[101.74278,2.81121],[101.74441,2.81142],[101.74686,2.81128],[101.74686,2.81127],[101.74686,2.81126],[101.74686,2.81117],[101.74686,2.81106],[101.74686,2.81101],[101.74684,2.8109],[101.74682,2.81074],[101.74679,2.81058],[101.74676,2.81042],[101.74671,2.81021],[101.74667,2.80999],[101.74666,2.80994],[101.74663,2.80978],[101.74659,2.80957],[101.74658,2.80945],[101.74658,2.80937],[101.74658,2.80933],[101.74658,2.80922],[101.74659,2.80911],[101.74676,2.80786],[101.74678,2.80775],[101.7468,2.8073],[101.7468,2.80706],[101.7468,2.80682],[101.74679,2.80662],[101.74678,2.80641],[101.74677,2.80633],[101.74676,2.80621],[101.74674,2.80606],[101.74673,2.80592],[101.7467,2.80573],[101.74667,2.80552],[101.74664,2.80537],[101.74664,2.80537],[101.74643,2.80536],[101.74629,2.80535],[101.74594,2.80534],[101.74559,2.80533],[101.74525,2.80533],[101.74524,2.80533],[101.74509,2.80533],[101.74495,2.80533],[101.74493,2.80533],[101.74488,2.80534],[101.74471,2.80534],[101.74462,2.80534],[101.74453,2.80535],[101.74435,2.80535],[101.7441,2.80537],[101.74385,2.80539],[101.74383,2.80539],[101.74368,2.8054],[101.74359,2.80541],[101.74342,2.80546],[101.74329,2.80549],[101.74325,2.8055],[101.74307,2.80555],[101.74289,2.80561],[101.74271,2.80568],[101.74271,2.80568],[101.74254,2.80575],[101.7424,2.8058],[101.74227,2.80585],[101.74213,2.80589],[101.74201,2.80592],[101.74189,2.80595],[101.74177,2.80598],[101.74163,2.806],[101.74149,2.80602],[101.74136,2.80603],[101.74123,2.80604],[101.74123,2.80604],[101.74122,2.80604],[101.74117,2.80604],[101.74115,2.80604],[101.74113,2.80604],[101.7411,2.80605],[101.74103,2.80605],[101.74099,2.80605],[101.74098,2.80605],[101.74085,2.80604],[101.73962,2.80602],[101.73902,2.80601],[101.7379,2.80599],[101.73667,2.8075],[101.73707,2.80785],[101.73743,2.80816],[101.73614,2.80974],[101.73609,2.80979],[101.73604,2.80985],[101.736,2.80991],[101.73597,2.80998],[101.73594,2.81005],[101.73592,2.81012],[101.73591,2.81019],[101.73591,2.81027],[101.73591,2.81034],[101.73592,2.81042],[101.73753,2.81046],[101.73753,2.81055],[101.73753,2.81063],[101.73753,2.81072],[101.73754,2.8108],[101.73756,2.81112],[101.73779,2.81112],[101.73851,2.81113],[101.73885,2.81114],[101.73898,2.81115],[101.73933,2.81115],[101.73914,2.81145],[101.73905,2.81158],[101.73862,2.81222],[101.73824,2.81279],[101.73762,2.8138],[101.7375,2.81398],[101.73715,2.81519],[101.73715,2.81519],[101.73776,2.81519],[101.73799,2.81519],[101.73822,2.81519],[101.73845,2.81518],[101.73868,2.81516],[101.73871,2.81516],[101.73877,2.81515],[101.73902,2.81513],[101.73904,2.81513],[101.73904,2.81513],[101.73913,2.81511],[101.73921,2.81509],[101.7393,2.81506],[101.73936,2.81504],[101.73942,2.81501],[101.73943,2.81501],[101.7395,2.81498],[101.73959,2.81493],[101.73979,2.81477],[101.73988,2.8147],[101.74019,2.81445],[101.74022,2.81443],[101.74026,2.8144],[101.74053,2.81417],[101.74061,2.81411],[101.74073,2.814],[101.74082,2.8139],[101.74084,2.81388],[101.74095,2.81377],[101.74105,2.81364],[101.74115,2.81352],[101.74124,2.81339],[101.74202,2.81197],[101.74207,2.81188],[101.74221,2.81162],[101.74235,2.81136],[101.74238,2.81129],[101.74241,2.81121]]]}},{"type":"Feature","properties":{"fid":300,"nama":"Salak Tinggi","pdk_thn":469,"luas_h":10.57,"kpdt":44,"unj_2025":0,"unj_2030":0,"unj_2035":0,"e_blok":"1007C093","pop_share":0.001444922,"recy_annual_t":13.004},"geometry":{"type":"Polygon","coordinates":[[[101.7379,2.81278],[101.73817,2.81235],[101.73868,2.81156],[101.73878,2.81141],[101.73881,2.81136],[101.73885,2.81114],[101.73851,2.81113],[101.73779,2.81112],[101.73756,2.81112],[101.73754,2.8108],[101.73753,2.81072],[101.73753,2.81063],[101.73753,2.81055],[101.73753,2.81046],[101.73592,2.81042],[101.73591,2.81034],[101.73591,2.81027],[101.73591,2.81019],[101.73592,2.81012],[101.73594,2.81005],[101.73597,2.80998],[101.736,2.80991],[101.73604,2.80985],[101.73609,2.80979],[101.73614,2.80974],[101.73743,2.80816],[101.73707,2.80785],[101.73582,2.80937],[101.73562,2.80961],[101.73551,2.80967],[101.73521,2.80979],[101.7352,2.80996],[101.73519,2.81025],[101.73519,2.8104],[101.73516,2.81228],[101.73515,2.81262],[101.73515,2.81274],[101.73515,2.81274],[101.73515,2.81274],[101.73657,2.81276],[101.73671,2.81276],[101.73678,2.81276],[101.73702,2.81277],[101.73702,2.81277],[101.7379,2.81278]]]}},{"type":"Feature","properties":{"fid":301,"nama":"Salak Tinggi","pdk_thn":697,"luas_h":8.12,"kpdt":86,"unj_2025":0,"unj_2030":0,"unj_2035":0,"e_blok":"1007C094","pop_share":0.002147357,"recy_annual_t":19.326},"geometry":{"type":"Polygon","coordinates":[[[101.73762,2.8138],[101.73824,2.81279],[101.73862,2.81222],[101.73905,2.81158],[101.73914,2.81145],[101.73933,2.81115],[101.73898,2.81115],[101.73885,2.81114],[101.73881,2.81136],[101.73878,2.81141],[101.73868,2.81156],[101.73817,2.81235],[101.7379,2.81278],[101.73702,2.81277],[101.73678,2.81276],[101.73671,2.81276],[101.73657,2.81276],[101.73515,2.81274],[101.73515,2.81274],[101.73515,2.81274],[101.73515,2.81275],[101.73515,2.81296],[101.73515,2.81314],[101.73514,2.81314],[101.73514,2.81324],[101.73514,2.81363],[101.73514,2.81363],[101.73514,2.81469],[101.73514,2.81518],[101.7357,2.81518],[101.73583,2.81518],[101.73612,2.81518],[101.73668,2.81518],[101.73683,2.81519],[101.73715,2.81519],[101.7375,2.81398],[101.73762,2.8138]]]}},{"type":"Feature","properties":{"fid":302,"nama":"Salak Tinggi","pdk_thn":687,"luas_h":10.71,"kpdt":64,"unj_2025":0,"unj_2030":0,"unj_2035":0,"e_blok":"1007C095","pop_share":0.002116549,"recy_annual_t":19.049},"geometry":{"type":"Polygon","coordinates":[[[101.73812,2.81722],[101.73812,2.817],[101.73957,2.81701],[101.7395,2.81498],[101.73943,2.81501],[101.73936,2.81504],[101.7393,2.81506],[101.73921,2.81509],[101.73913,2.81511],[101.73904,2.81513],[101.73904,2.81513],[101.73902,2.81513],[101.73877,2.81515],[101.73871,2.81516],[101.73868,2.81516],[101.73845,2.81518],[101.73822,2.81519],[101.73799,2.81519],[101.73776,2.81519],[101.73715,2.81519],[101.73683,2.81519],[101.73668,2.81518],[101.73612,2.81518],[101.73583,2.81518],[101.7357,2.81518],[101.73514,2.81518],[101.73514,2.81571],[101.73515,2.81619],[101.73515,2.81624],[101.73516,2.81626],[101.73516,2.81629],[101.73518,2.81638],[101.7352,2.81646],[101.73522,2.81655],[101.7353,2.81691],[101.73538,2.81727],[101.73577,2.81727],[101.73622,2.81726],[101.73812,2.81722]]]}},{"type":"Feature","properties":{"fid":303,"nama":"Salak Tinggi","pdk_thn":1192,"luas_h":55.87,"kpdt":21,"unj_2025":0,"unj_2030":0,"unj_2035":0,"e_blok":"1007C096","pop_share":0.003672382,"recy_annual_t":33.051},"geometry":{"type":"Polygon","coordinates":[[[101.73332,2.81857],[101.73382,2.81847],[101.73395,2.81845],[101.73446,2.81838],[101.73481,2.81832],[101.73504,2.81828],[101.73522,2.81821],[101.73538,2.81808],[101.73549,2.8179],[101.73552,2.81778],[101.73548,2.81767],[101.73538,2.81727],[101.7353,2.81691],[101.73522,2.81655],[101.7352,2.81646],[101.73518,2.81638],[101.73516,2.81629],[101.73516,2.81626],[101.73515,2.81624],[101.73515,2.81619],[101.73514,2.81571],[101.73514,2.81518],[101.73514,2.81469],[101.73514,2.81363],[101.73514,2.81363],[101.73514,2.81324],[101.73514,2.81314],[101.73515,2.81314],[101.73515,2.81296],[101.73515,2.81275],[101.73515,2.81274],[101.73515,2.81262],[101.73506,2.81261],[101.73501,2.81261],[101.73436,2.81259],[101.7331,2.81256],[101.73235,2.81256],[101.72806,2.81251],[101.72691,2.81249],[101.72627,2.81249],[101.72557,2.81248],[101.72555,2.81362],[101.72649,2.81363],[101.72648,2.81439],[101.72741,2.8144],[101.72741,2.8152],[101.72859,2.81523],[101.72856,2.81647],[101.72806,2.81647],[101.72806,2.81664],[101.72806,2.81674],[101.72806,2.81683],[101.72806,2.81702],[101.7284,2.81702],[101.72848,2.81702],[101.72867,2.81702],[101.72887,2.81702],[101.72887,2.81715],[101.72887,2.81722],[101.72887,2.81739],[101.72887,2.81749],[101.72886,2.81806],[101.72886,2.81847],[101.73008,2.81851],[101.73052,2.81852],[101.73119,2.81854],[101.73139,2.81854],[101.73165,2.81854],[101.73229,2.81854],[101.73229,2.81854],[101.73283,2.81859],[101.73332,2.81857]]]}},{"type":"Feature","properties":{"fid":304,"nama":"Salak Tinggi","pdk_thn":1477,"luas_h":16.72,"kpdt":88,"unj_2025":0,"unj_2030":0,"unj_2035":0,"e_blok":"1007C097","pop_share":0.004550426,"recy_annual_t":40.954},"geometry":{"type":"Polygon","coordinates":[[[101.72802,2.81845],[101.72812,2.81845],[101.72822,2.81845],[101.72886,2.81847],[101.72886,2.81806],[101.72887,2.81749],[101.72887,2.81739],[101.72887,2.81722],[101.72887,2.81715],[101.72887,2.81702],[101.72867,2.81702],[101.72848,2.81702],[101.7284,2.81702],[101.72806,2.81702],[101.72806,2.81683],[101.72806,2.81674],[101.72806,2.81664],[101.72806,2.81647],[101.72856,2.81647],[101.72859,2.81523],[101.72741,2.8152],[101.72741,2.8144],[101.72648,2.81439],[101.72649,2.81363],[101.72555,2.81362],[101.72555,2.81502],[101.72554,2.8161],[101.72555,2.8165],[101.72554,2.81693],[101.72554,2.81707],[101.72553,2.81815],[101.72553,2.81876],[101.72553,2.81876],[101.72553,2.81882],[101.72554,2.81887],[101.72555,2.81892],[101.72557,2.81897],[101.72557,2.819],[101.72558,2.81902],[101.72561,2.81908],[101.72563,2.81911],[101.72564,2.81912],[101.72565,2.81914],[101.72565,2.81915],[101.72567,2.81918],[101.72569,2.8192],[101.72569,2.81921],[101.72572,2.81925],[101.72573,2.81926],[101.72573,2.81926],[101.72578,2.8193],[101.72579,2.81931],[101.7258,2.81932],[101.7258,2.81932],[101.72581,2.81933],[101.72584,2.81936],[101.72584,2.81936],[101.7259,2.8194],[101.72635,2.81964],[101.72635,2.81964],[101.72635,2.81964],[101.72654,2.81928],[101.72661,2.81919],[101.72668,2.8191],[101.72674,2.81903],[101.72676,2.81901],[101.72684,2.81893],[101.7269,2.81889],[101.72693,2.81886],[101.72694,2.81885],[101.72695,2.81884],[101.72698,2.81882],[101.72704,2.81878],[101.72707,2.81876],[101.72714,2.81871],[101.72716,2.8187],[101.72722,2.81867],[101.72724,2.81866],[101.72725,2.81865],[101.72726,2.81865],[101.72735,2.81861],[101.72737,2.8186],[101.72745,2.81857],[101.72748,2.81856],[101.72756,2.81853],[101.72759,2.81852],[101.72767,2.8185],[101.72771,2.81849],[101.72778,2.81848],[101.72783,2.81847],[101.72787,2.81846],[101.72791,2.81846],[101.72802,2.81845]]]}},{"type":"Feature","properties":{"fid":305,"nama":"Salak Tinggi","pdk_thn":2658,"luas_h":180.09,"kpdt":15,"unj_2025":0,"unj_2030":0,"unj_2035":0,"e_blok":"1007C098","pop_share":0.008188918,"recy_annual_t":73.7},"geometry":{"type":"Polygon","coordinates":[[[101.72555,2.81362],[101.72557,2.81248],[101.72627,2.81249],[101.72691,2.81249],[101.72806,2.81251],[101.73235,2.81256],[101.7331,2.81256],[101.73436,2.81259],[101.73501,2.81261],[101.73506,2.81261],[101.73515,2.81262],[101.73516,2.81228],[101.73519,2.8104],[101.73519,2.81025],[101.7352,2.80996],[101.73521,2.80979],[101.73551,2.80967],[101.73562,2.80961],[101.73582,2.80937],[101.73707,2.80785],[101.73667,2.8075],[101.7379,2.80599],[101.73715,2.80597],[101.73682,2.80597],[101.73626,2.80596],[101.73353,2.80591],[101.73353,2.80591],[101.7334,2.80591],[101.72674,2.80577],[101.7225,2.80571],[101.72249,2.80571],[101.72213,2.8057],[101.72211,2.80569],[101.71967,2.80564],[101.71891,2.80562],[101.71886,2.80562],[101.71678,2.80557],[101.71646,2.80557],[101.71638,2.80557],[101.71588,2.80557],[101.71586,2.80557],[101.71452,2.80555],[101.71452,2.80556],[101.71452,2.8057],[101.71452,2.80581],[101.71453,2.80595],[101.71453,2.80644],[101.71453,2.80652],[101.71453,2.80692],[101.71453,2.80699],[101.71454,2.80724],[101.71467,2.80725],[101.71478,2.80725],[101.71502,2.80726],[101.71643,2.80729],[101.71644,2.80755],[101.71644,2.80763],[101.71644,2.80772],[101.71645,2.80786],[101.71646,2.80809],[101.71647,2.80843],[101.71648,2.80878],[101.71651,2.80954],[101.71652,2.80983],[101.71677,2.80979],[101.71686,2.81063],[101.71686,2.81379],[101.72555,2.81377],[101.72555,2.81362]]]}},{"type":"Feature","properties":{"fid":306,"nama":"Pinggiran KLIA","pdk_thn":840,"luas_h":149.86,"kpdt":6,"unj_2025":0,"unj_2030":0,"unj_2035":0,"e_blok":"1007C099","pop_share":0.00258792,"recy_annual_t":23.291},"geometry":{"type":"Polygon","coordinates":[[[101.73353,2.80591],[101.73354,2.80474],[101.73355,2.80173],[101.73357,2.80115],[101.73541,2.80116],[101.73542,2.79972],[101.73358,2.79971],[101.73358,2.80019],[101.73343,2.80019],[101.73199,2.80022],[101.72976,2.80015],[101.72975,2.80015],[101.72601,2.80004],[101.726,2.80004],[101.72599,2.80004],[101.72394,2.79995],[101.72208,2.79988],[101.71947,2.79978],[101.71758,2.79971],[101.71743,2.79976],[101.71343,2.79964],[101.71315,2.79969],[101.71315,2.79968],[101.71315,2.79968],[101.71308,2.79992],[101.71302,2.801],[101.71298,2.8018],[101.71298,2.8018],[101.71303,2.80194],[101.71303,2.80195],[101.71303,2.80195],[101.71295,2.80551],[101.71295,2.80552],[101.71295,2.80553],[101.71379,2.80555],[101.71429,2.80555],[101.71437,2.80556],[101.71452,2.80555],[101.71452,2.80555],[101.71586,2.80557],[101.71588,2.80557],[101.71638,2.80557],[101.71646,2.80557],[101.71678,2.80557],[101.71886,2.80562],[101.71891,2.80562],[101.71967,2.80564],[101.72211,2.80569],[101.72213,2.8057],[101.72249,2.80571],[101.7225,2.80571],[101.72674,2.80577],[101.7334,2.80591],[101.73353,2.80591]]]}},{"type":"Feature","properties":{"fid":307,"nama":"Pinggiran KLIA","pdk_thn":1347,"luas_h":50.49,"kpdt":27,"unj_2025":0,"unj_2030":0,"unj_2035":0,"e_blok":"1007C100","pop_share":0.004149914,"recy_annual_t":37.349},"geometry":{"type":"Polygon","coordinates":[[[101.71089,2.80086],[101.71118,2.8008],[101.71132,2.80082],[101.71302,2.801],[101.71308,2.79992],[101.71315,2.79969],[101.71343,2.79964],[101.71743,2.79976],[101.71758,2.79971],[101.71758,2.7997],[101.71764,2.79949],[101.71762,2.79873],[101.7176,2.79813],[101.71759,2.79754],[101.71749,2.79744],[101.71724,2.79683],[101.71777,2.79667],[101.71754,2.79622],[101.71746,2.79597],[101.71754,2.79568],[101.71754,2.79565],[101.71434,2.79462],[101.71334,2.79428],[101.71274,2.79409],[101.71188,2.79382],[101.71148,2.79369],[101.7103,2.79722],[101.70963,2.79925],[101.70957,2.80103],[101.7106,2.80107],[101.71089,2.80086]]]}},{"type":"Feature","properties":{"fid":308,"nama":"Pinggiran KLIA","pdk_thn":1539,"luas_h":38.15,"kpdt":40,"unj_2025":0,"unj_2030":0,"unj_2035":0,"e_blok":"1007D001","pop_share":0.004741439,"recy_annual_t":42.673},"geometry":{"type":"Polygon","coordinates":[[[101.71298,2.8018],[101.71302,2.801],[101.71302,2.801],[101.71132,2.80082],[101.71118,2.8008],[101.71089,2.80086],[101.7106,2.80107],[101.70957,2.80103],[101.70616,2.80093],[101.70611,2.80309],[101.70608,2.80449],[101.70607,2.80537],[101.70686,2.8054],[101.70791,2.80541],[101.70946,2.80544],[101.70995,2.80545],[101.71063,2.80548],[101.71108,2.80549],[101.71117,2.80549],[101.71225,2.80551],[101.71288,2.80553],[101.71295,2.80553],[101.71295,2.80552],[101.71295,2.80551],[101.71303,2.80195],[101.71303,2.80195],[101.71298,2.80181],[101.71298,2.8018]]]}},{"type":"Feature","properties":{"fid":309,"nama":"Pinggiran KLIA","pdk_thn":740,"luas_h":77.47,"kpdt":10,"unj_2025":0,"unj_2030":0,"unj_2035":0,"e_blok":"1007D002","pop_share":0.002279834,"recy_annual_t":20.519},"geometry":{"type":"Polygon","coordinates":[[[101.70607,2.80537],[101.70608,2.80448],[101.70611,2.80314],[101.70612,2.80263],[101.70616,2.80093],[101.70249,2.80076],[101.69881,2.80067],[101.6985,2.80066],[101.69386,2.8004],[101.69362,2.80049],[101.69245,2.80283],[101.69098,2.80499],[101.69131,2.805],[101.6944,2.80511],[101.69546,2.80524],[101.69767,2.80517],[101.70027,2.8053],[101.70219,2.80528],[101.70607,2.80537]]]}},{"type":"Feature","properties":{"fid":310,"nama":"Pinggiran KLIA","pdk_thn":743,"luas_h":128.15,"kpdt":6,"unj_2025":0,"unj_2030":0,"unj_2035":0,"e_blok":"1007D003","pop_share":0.002289077,"recy_annual_t":20.602},"geometry":{"type":"Polygon","coordinates":[[[101.70616,2.80093],[101.70625,2.79936],[101.70625,2.79925],[101.70627,2.79878],[101.70635,2.79813],[101.7066,2.79671],[101.70667,2.79651],[101.70678,2.79619],[101.70497,2.79565],[101.7051,2.79524],[101.70616,2.79197],[101.70593,2.7919],[101.70423,2.7914],[101.70414,2.79133],[101.70379,2.79119],[101.70343,2.79106],[101.70307,2.79092],[101.70271,2.7908],[101.70269,2.79079],[101.70234,2.79068],[101.70222,2.79064],[101.70198,2.79057],[101.70125,2.79036],[101.70121,2.79034],[101.69944,2.79005],[101.69927,2.79006],[101.69915,2.79006],[101.69903,2.79006],[101.6989,2.79007],[101.69878,2.79009],[101.69877,2.7901],[101.69869,2.79011],[101.69858,2.79014],[101.69848,2.79017],[101.69838,2.7902],[101.69828,2.79025],[101.69819,2.79029],[101.6981,2.79035],[101.69808,2.79037],[101.69799,2.79042],[101.69789,2.79049],[101.69779,2.79057],[101.69767,2.79071],[101.69757,2.79087],[101.69739,2.79122],[101.69733,2.79132],[101.6972,2.79156],[101.69686,2.79224],[101.69643,2.79296],[101.6963,2.79356],[101.69586,2.79506],[101.69535,2.79651],[101.69532,2.7966],[101.69395,2.79972],[101.69362,2.80049],[101.69386,2.8004],[101.6985,2.80066],[101.69881,2.80067],[101.70249,2.80076],[101.70616,2.80093]]]}},{"type":"Feature","properties":{"fid":311,"nama":"Pinggiran KLIA","pdk_thn":652,"luas_h":44.89,"kpdt":15,"unj_2025":0,"unj_2030":0,"unj_2035":0,"e_blok":"1007D004","pop_share":0.002008719,"recy_annual_t":18.078},"geometry":{"type":"Polygon","coordinates":[[[101.70805,2.79256],[101.70616,2.79197],[101.7051,2.79524],[101.70497,2.79565],[101.70678,2.79619],[101.70667,2.79651],[101.7066,2.79671],[101.70648,2.79741],[101.70637,2.79803],[101.70635,2.79813],[101.70627,2.79878],[101.70625,2.79925],[101.70616,2.80093],[101.70957,2.80103],[101.70963,2.79925],[101.71044,2.79677],[101.71057,2.79636],[101.71148,2.79369],[101.70849,2.7927],[101.70849,2.7927],[101.70832,2.79265],[101.70806,2.79257],[101.70805,2.79256]]]}},{"type":"Feature","properties":{"fid":312,"nama":"Pinggiran KLIA","pdk_thn":1022,"luas_h":60.92,"kpdt":17,"unj_2025":0,"unj_2030":0,"unj_2035":0,"e_blok":"1007D005","pop_share":0.003148636,"recy_annual_t":28.338},"geometry":{"type":"Polygon","coordinates":[[[101.70992,2.78833],[101.71053,2.78653],[101.71062,2.78626],[101.71046,2.78621],[101.7087,2.78566],[101.70826,2.78556],[101.70683,2.78508],[101.70591,2.78562],[101.70552,2.78688],[101.70401,2.78639],[101.70355,2.78622],[101.70268,2.78595],[101.7021,2.78577],[101.70127,2.78779],[101.70102,2.78824],[101.70092,2.78842],[101.70079,2.78863],[101.70069,2.78879],[101.70052,2.78903],[101.70047,2.78911],[101.70041,2.7892],[101.70035,2.78927],[101.70028,2.78935],[101.70021,2.78942],[101.70014,2.78948],[101.70006,2.78954],[101.69997,2.7896],[101.6998,2.78981],[101.69961,2.79005],[101.69944,2.79005],[101.70121,2.79034],[101.70125,2.79036],[101.70198,2.79057],[101.70222,2.79064],[101.70234,2.79068],[101.70269,2.79079],[101.70271,2.7908],[101.70307,2.79092],[101.70343,2.79106],[101.70379,2.79119],[101.70414,2.79133],[101.70423,2.7914],[101.70593,2.7919],[101.70616,2.79197],[101.70805,2.79256],[101.70806,2.79257],[101.70832,2.79265],[101.70849,2.7927],[101.70903,2.79106],[101.70992,2.78833]]]}},{"type":"Feature","properties":{"fid":313,"nama":"Pinggiran KLIA","pdk_thn":1124,"luas_h":312.58,"kpdt":4,"unj_2025":0,"unj_2030":0,"unj_2035":0,"e_blok":"1007D006","pop_share":0.003462883,"recy_annual_t":31.166},"geometry":{"type":"Polygon","coordinates":[[[101.71826,2.79538],[101.71826,2.79526],[101.71826,2.79526],[101.71835,2.79392],[101.71754,2.79391],[101.71503,2.79305],[101.71508,2.7903],[101.715,2.79008],[101.71496,2.7901],[101.715,2.79008],[101.71532,2.78997],[101.71829,2.79015],[101.71853,2.79027],[101.71952,2.79035],[101.72032,2.79037],[101.72068,2.79045],[101.72074,2.79056],[101.72181,2.7906],[101.72197,2.79035],[101.72251,2.78957],[101.7228,2.78915],[101.72309,2.78879],[101.72341,2.78846],[101.72373,2.78812],[101.72406,2.78768],[101.72433,2.7873],[101.72455,2.78694],[101.72471,2.78674],[101.72666,2.78417],[101.7261,2.7834],[101.72556,2.78286],[101.72488,2.78238],[101.72391,2.78178],[101.72241,2.78091],[101.72065,2.77989],[101.71934,2.77908],[101.71855,2.77867],[101.71795,2.77837],[101.71513,2.77704],[101.71441,2.77676],[101.71319,2.77672],[101.70975,2.77693],[101.70788,2.77718],[101.70645,2.77761],[101.70589,2.77795],[101.70517,2.7785],[101.70509,2.77858],[101.70495,2.77871],[101.70453,2.77941],[101.70434,2.77975],[101.7042,2.78007],[101.70409,2.78052],[101.70401,2.78094],[101.70358,2.7821],[101.70296,2.7836],[101.7021,2.78577],[101.70268,2.78595],[101.70314,2.7861],[101.70355,2.78622],[101.70401,2.78639],[101.70552,2.78688],[101.70591,2.78562],[101.70683,2.78508],[101.70826,2.78556],[101.7087,2.78566],[101.71046,2.78621],[101.71062,2.78626],[101.71053,2.78653],[101.70992,2.78833],[101.70849,2.7927],[101.70849,2.7927],[101.71188,2.79382],[101.71274,2.79409],[101.71334,2.79428],[101.71334,2.79429],[101.71754,2.79565],[101.71777,2.79573],[101.71794,2.79568],[101.71826,2.79538]]]}},{"type":"Feature","properties":{"fid":314,"nama":"Pinggiran KLIA","pdk_thn":1543,"luas_h":160.79,"kpdt":10,"unj_2025":0,"unj_2030":0,"unj_2035":0,"e_blok":"1007D007","pop_share":0.004753762,"recy_annual_t":42.784},"geometry":{"type":"Polygon","coordinates":[[[101.72222,2.79619],[101.72223,2.79583],[101.72248,2.79593],[101.72274,2.796],[101.72295,2.79594],[101.72314,2.79583],[101.72329,2.79562],[101.72395,2.79447],[101.72429,2.79426],[101.72433,2.79426],[101.72532,2.79428],[101.72623,2.79431],[101.72623,2.79431],[101.72985,2.79439],[101.73055,2.79441],[101.73361,2.79449],[101.73362,2.79411],[101.73372,2.78963],[101.732,2.78927],[101.73078,2.78884],[101.72966,2.78812],[101.72887,2.78764],[101.7285,2.78745],[101.72666,2.78417],[101.72471,2.78674],[101.72455,2.78694],[101.72433,2.7873],[101.72406,2.78768],[101.72373,2.78812],[101.72341,2.78846],[101.72309,2.78879],[101.7228,2.78915],[101.72251,2.78957],[101.72197,2.79035],[101.72181,2.7906],[101.72074,2.79056],[101.72068,2.79045],[101.72032,2.79037],[101.71952,2.79035],[101.71853,2.79027],[101.71829,2.79015],[101.71532,2.78997],[101.715,2.79008],[101.71508,2.7903],[101.71503,2.79305],[101.71754,2.79391],[101.71835,2.79392],[101.71826,2.79526],[101.71826,2.79526],[101.71826,2.79538],[101.71794,2.79568],[101.71777,2.79573],[101.71754,2.79565],[101.71754,2.79568],[101.71746,2.79597],[101.71754,2.79622],[101.71777,2.79667],[101.71724,2.79683],[101.71749,2.79744],[101.71759,2.79754],[101.7176,2.79813],[101.71762,2.79873],[101.71764,2.79949],[101.71758,2.7997],[101.71758,2.79971],[101.71947,2.79978],[101.72208,2.79988],[101.72208,2.79988],[101.72212,2.79786],[101.72217,2.79737],[101.72222,2.79619]]]}},{"type":"Feature","properties":{"fid":315,"nama":"Pinggiran KLIA","pdk_thn":1136,"luas_h":51.07,"kpdt":22,"unj_2025":0,"unj_2030":0,"unj_2035":0,"e_blok":"1007D008","pop_share":0.003499854,"recy_annual_t":31.499},"geometry":{"type":"Polygon","coordinates":[[[101.72975,2.80015],[101.72985,2.79439],[101.72623,2.79431],[101.72532,2.79428],[101.72429,2.79426],[101.72395,2.79447],[101.72329,2.79562],[101.72314,2.79583],[101.72295,2.79594],[101.72274,2.796],[101.72248,2.79593],[101.72223,2.79583],[101.72222,2.79619],[101.72217,2.79737],[101.72212,2.79783],[101.72208,2.79988],[101.72208,2.79988],[101.72394,2.79995],[101.72599,2.80004],[101.726,2.80004],[101.72975,2.80015],[101.72975,2.80015]]]}},{"type":"Feature","properties":{"fid":316,"nama":"Pinggiran KLIA","pdk_thn":1303,"luas_h":82.86,"kpdt":16,"unj_2025":0,"unj_2030":0,"unj_2035":0,"e_blok":"1007D009","pop_share":0.004014357,"recy_annual_t":36.129},"geometry":{"type":"MultiPolygon","coordinates":[[[[101.73723,2.80133],[101.73725,2.80063],[101.73728,2.79992],[101.73731,2.79889],[101.73737,2.79614],[101.73386,2.79607],[101.73362,2.79607],[101.73358,2.79565],[101.73361,2.79449],[101.73055,2.79441],[101.72985,2.79439],[101.72975,2.80015],[101.72976,2.80015],[101.73199,2.80022],[101.73343,2.80019],[101.73358,2.80019],[101.73358,2.79971],[101.73542,2.79972],[101.73541,2.80116],[101.73357,2.80115],[101.73354,2.80173],[101.73353,2.80474],[101.73353,2.80591],[101.73353,2.80591],[101.73625,2.80596],[101.73682,2.80597],[101.73714,2.80597],[101.73714,2.80597],[101.73721,2.80319],[101.73721,2.80275],[101.73722,2.80204],[101.73723,2.80133]]],[[[101.73904,2.80442],[101.73903,2.80441],[101.73903,2.80441],[101.73901,2.80438],[101.73899,2.80435],[101.73896,2.80432],[101.73893,2.8043],[101.73889,2.80429],[101.73889,2.80428],[101.73886,2.80428],[101.73883,2.80428],[101.73881,2.80428],[101.73879,2.80428],[101.73878,2.80428],[101.73876,2.80427],[101.73875,2.80426],[101.73875,2.80426],[101.73874,2.80425],[101.73873,2.80424],[101.73872,2.80423],[101.73871,2.80421],[101.73871,2.8042],[101.73871,2.80418],[101.73869,2.80398],[101.73869,2.80391],[101.73868,2.80387],[101.73866,2.80383],[101.73864,2.80378],[101.73864,2.80377],[101.73862,2.80373],[101.7386,2.80368],[101.73859,2.80363],[101.73855,2.80341],[101.73854,2.80338],[101.73852,2.80335],[101.7385,2.80332],[101.73848,2.8033],[101.73847,2.8033],[101.73847,2.80329],[101.73844,2.80327],[101.73841,2.80326],[101.73837,2.80325],[101.73813,2.80325],[101.73812,2.80325],[101.73813,2.7999],[101.73803,2.79814],[101.73859,2.7981],[101.73894,2.79805],[101.73888,2.79779],[101.73866,2.79712],[101.73857,2.79683],[101.73836,2.79615],[101.73836,2.79614],[101.73834,2.79614],[101.73737,2.79614],[101.73731,2.79889],[101.73728,2.79992],[101.73726,2.80063],[101.73724,2.80133],[101.73722,2.80204],[101.73721,2.80275],[101.73721,2.80319],[101.73715,2.80597],[101.73715,2.80597],[101.7374,2.80598],[101.73773,2.80599],[101.73902,2.80601],[101.73904,2.80442]]]]}},{"type":"Feature","properties":{"fid":317,"nama":"Pinggiran KLIA","pdk_thn":1096,"luas_h":16.44,"kpdt":67,"unj_2025":0,"unj_2030":0,"unj_2035":0,"e_blok":"1007D010","pop_share":0.003376619,"recy_annual_t":30.39},"geometry":{"type":"Polygon","coordinates":[[[101.7398,2.80443],[101.7398,2.80394],[101.7408,2.80394],[101.7408,2.80364],[101.7408,2.80297],[101.7408,2.80296],[101.74102,2.80297],[101.74102,2.80268],[101.74102,2.80248],[101.74103,2.80236],[101.74104,2.80219],[101.742,2.80219],[101.742,2.8021],[101.74212,2.80195],[101.74219,2.80131],[101.74042,2.79974],[101.74021,2.79977],[101.73935,2.79983],[101.73851,2.79988],[101.73813,2.7999],[101.73813,2.80325],[101.73813,2.80325],[101.73837,2.80326],[101.73841,2.80326],[101.73844,2.80328],[101.73847,2.80329],[101.73848,2.8033],[101.73848,2.8033],[101.7385,2.80332],[101.73853,2.80335],[101.73854,2.80338],[101.73856,2.80341],[101.73859,2.80363],[101.7386,2.80368],[101.73862,2.80373],[101.73864,2.80377],[101.73865,2.80379],[101.73867,2.80383],[101.73868,2.80387],[101.73869,2.80392],[101.73869,2.80398],[101.73871,2.80418],[101.73871,2.8042],[101.73872,2.80421],[101.73872,2.80423],[101.73873,2.80424],[101.73874,2.80426],[101.73875,2.80426],[101.73875,2.80427],[101.73876,2.80428],[101.73878,2.80428],[101.7388,2.80428],[101.73881,2.80428],[101.73883,2.80428],[101.73886,2.80428],[101.73889,2.80429],[101.7389,2.80429],[101.73893,2.8043],[101.73896,2.80433],[101.73899,2.80435],[101.73901,2.80438],[101.73903,2.80442],[101.73903,2.80441],[101.73911,2.80441],[101.73911,2.80441],[101.7398,2.80443],[101.7398,2.80443]],[[101.7391,2.80297],[101.7391,2.80297],[101.7391,2.80297],[101.7391,2.80297],[101.7391,2.80297]]]}},{"type":"Feature","properties":{"fid":318,"nama":"Pinggiran KLIA","pdk_thn":1381,"luas_h":81.2,"kpdt":17,"unj_2025":0,"unj_2030":0,"unj_2035":0,"e_blok":"1007D011","pop_share":0.004254664,"recy_annual_t":38.292},"geometry":{"type":"Polygon","coordinates":[[[101.74122,2.80604],[101.74123,2.80604],[101.74123,2.80604],[101.74136,2.80603],[101.74149,2.80602],[101.74163,2.806],[101.74177,2.80598],[101.74189,2.80595],[101.74201,2.80592],[101.74213,2.80589],[101.74227,2.80585],[101.7424,2.8058],[101.74254,2.80575],[101.74271,2.80568],[101.74271,2.80568],[101.74289,2.80561],[101.74307,2.80555],[101.74325,2.8055],[101.74329,2.80549],[101.74342,2.80546],[101.74359,2.80541],[101.74368,2.8054],[101.74383,2.80539],[101.74385,2.80539],[101.7441,2.80537],[101.74435,2.80535],[101.74453,2.80535],[101.74462,2.80534],[101.74464,2.80534],[101.74471,2.80534],[101.74488,2.80534],[101.74493,2.80533],[101.74495,2.80533],[101.74509,2.80533],[101.74525,2.80533],[101.74559,2.80533],[101.74594,2.80534],[101.74629,2.80535],[101.74643,2.80536],[101.74664,2.80537],[101.74668,2.80537],[101.74668,2.80522],[101.74668,2.80521],[101.74668,2.80517],[101.74668,2.80517],[101.74668,2.80517],[101.74668,2.8049],[101.74679,2.80447],[101.74694,2.80417],[101.74726,2.8037],[101.74742,2.80328],[101.74762,2.8027],[101.74779,2.80232],[101.74785,2.8021],[101.7479,2.80179],[101.7479,2.80153],[101.74792,2.80126],[101.74793,2.80097],[101.74791,2.80066],[101.74789,2.80013],[101.74785,2.79966],[101.74777,2.79945],[101.74742,2.79844],[101.74739,2.79828],[101.74738,2.79819],[101.74742,2.79803],[101.74708,2.79799],[101.74663,2.79787],[101.7459,2.79767],[101.74502,2.79746],[101.7436,2.79709],[101.7435,2.79706],[101.74107,2.79644],[101.73984,2.79613],[101.73836,2.79615],[101.73857,2.79683],[101.73866,2.79712],[101.73888,2.79779],[101.73894,2.79805],[101.73859,2.7981],[101.73803,2.79814],[101.73813,2.7999],[101.73851,2.79988],[101.73935,2.79983],[101.74021,2.79977],[101.74042,2.79974],[101.74218,2.80131],[101.74211,2.80195],[101.742,2.8021],[101.742,2.80219],[101.74104,2.80219],[101.74103,2.80236],[101.74102,2.80248],[101.74102,2.80268],[101.74102,2.80297],[101.7408,2.80296],[101.7408,2.80297],[101.7408,2.80364],[101.7408,2.80394],[101.7398,2.80394],[101.7398,2.80443],[101.7398,2.80443],[101.73903,2.80441],[101.73904,2.80442],[101.73902,2.80601],[101.73962,2.80602],[101.74085,2.80604],[101.74098,2.80605],[101.74099,2.80605],[101.74103,2.80605],[101.7411,2.80605],[101.74113,2.80604],[101.74115,2.80604],[101.74117,2.80604],[101.74122,2.80604]],[[101.74194,2.80297],[101.74194,2.80297],[101.74194,2.80297],[101.74194,2.80297],[101.74194,2.80297]]]}},{"type":"Feature","properties":{"fid":319,"nama":"Pinggiran KLIA","pdk_thn":1703,"luas_h":67.24,"kpdt":25,"unj_2025":0,"unj_2030":0,"unj_2035":0,"e_blok":"1007D012","pop_share":0.0052467,"recy_annual_t":47.22},"geometry":{"type":"Polygon","coordinates":[[[101.75571,2.80272],[101.75596,2.79912],[101.75598,2.79878],[101.75468,2.79871],[101.75349,2.79867],[101.75179,2.79855],[101.75157,2.79892],[101.75154,2.79973],[101.75157,2.80061],[101.75157,2.80066],[101.74791,2.80066],[101.74793,2.80097],[101.74792,2.80126],[101.7479,2.80153],[101.7479,2.80179],[101.74785,2.8021],[101.74779,2.80232],[101.74762,2.8027],[101.74742,2.80328],[101.74726,2.8037],[101.74694,2.80417],[101.74679,2.80447],[101.74668,2.8049],[101.74668,2.80517],[101.74668,2.80517],[101.74668,2.80517],[101.74668,2.80521],[101.74668,2.80522],[101.74668,2.80537],[101.74669,2.80537],[101.74685,2.80538],[101.74694,2.80538],[101.74731,2.80539],[101.7477,2.80543],[101.74816,2.80555],[101.74911,2.80599],[101.74991,2.80635],[101.75025,2.80641],[101.75201,2.80642],[101.75547,2.80632],[101.75571,2.80272]]]}},{"type":"Feature","properties":{"fid":320,"nama":"Pinggiran KLIA","pdk_thn":593,"luas_h":73.15,"kpdt":8,"unj_2025":0,"unj_2030":0,"unj_2035":0,"e_blok":"1007D013","pop_share":0.001826948,"recy_annual_t":16.443},"geometry":{"type":"Polygon","coordinates":[[[101.75157,2.79892],[101.75179,2.79855],[101.75349,2.79867],[101.75468,2.79871],[101.75598,2.79878],[101.75632,2.79364],[101.75574,2.79364],[101.75574,2.79363],[101.75497,2.79363],[101.75497,2.79362],[101.75187,2.79361],[101.7491,2.79361],[101.74915,2.79398],[101.74916,2.7941],[101.74914,2.79416],[101.74909,2.79421],[101.74905,2.79425],[101.74878,2.79453],[101.74877,2.79452],[101.74832,2.79501],[101.74787,2.79533],[101.74777,2.7955],[101.74764,2.79569],[101.74743,2.79548],[101.74694,2.79497],[101.74642,2.79473],[101.74568,2.79449],[101.74526,2.794],[101.74496,2.79427],[101.7435,2.79706],[101.7436,2.79709],[101.74502,2.79746],[101.7459,2.79767],[101.74663,2.79787],[101.74708,2.79799],[101.74742,2.79803],[101.74738,2.79819],[101.74739,2.79828],[101.74742,2.79844],[101.74777,2.79945],[101.74785,2.79966],[101.74789,2.80013],[101.74791,2.80066],[101.75157,2.80066],[101.75154,2.79973],[101.75157,2.79892]]]}},{"type":"Feature","properties":{"fid":321,"nama":"Pinggiran KLIA","pdk_thn":1405,"luas_h":142.5,"kpdt":10,"unj_2025":0,"unj_2030":0,"unj_2035":0,"e_blok":"1007D014","pop_share":0.004328604,"recy_annual_t":38.957},"geometry":{"type":"Polygon","coordinates":[[[101.7435,2.79706],[101.74496,2.79427],[101.74526,2.794],[101.74544,2.79421],[101.74568,2.79449],[101.74642,2.79473],[101.74694,2.79497],[101.74743,2.79548],[101.74764,2.79569],[101.74777,2.7955],[101.74787,2.79533],[101.74832,2.79501],[101.74878,2.79453],[101.74905,2.79425],[101.74909,2.79421],[101.74914,2.79416],[101.74916,2.7941],[101.74915,2.79398],[101.7491,2.79361],[101.74899,2.79239],[101.74895,2.79147],[101.74908,2.79099],[101.74912,2.79084],[101.74916,2.79068],[101.74921,2.79053],[101.74927,2.79038],[101.74933,2.79024],[101.74938,2.79012],[101.74943,2.79],[101.7495,2.78989],[101.74956,2.78978],[101.74958,2.78975],[101.74963,2.78967],[101.74969,2.78958],[101.7497,2.78956],[101.74973,2.78954],[101.74975,2.7895],[101.74977,2.78949],[101.7498,2.78945],[101.74982,2.78942],[101.74983,2.78941],[101.7499,2.78934],[101.74833,2.78825],[101.74834,2.78823],[101.74834,2.78821],[101.74834,2.78819],[101.74833,2.78817],[101.74833,2.78815],[101.74832,2.78813],[101.7483,2.78812],[101.74828,2.7881],[101.74825,2.78808],[101.74824,2.78808],[101.74822,2.78807],[101.74822,2.78807],[101.74688,2.78746],[101.74687,2.78746],[101.74686,2.78746],[101.74686,2.78745],[101.74685,2.78744],[101.74685,2.78743],[101.74684,2.78742],[101.74684,2.78741],[101.74684,2.7874],[101.74684,2.78739],[101.74684,2.78738],[101.74685,2.78737],[101.74686,2.78737],[101.74686,2.78736],[101.74687,2.78735],[101.74704,2.78721],[101.74706,2.78709],[101.74707,2.78708],[101.74708,2.78706],[101.74709,2.78705],[101.7471,2.78704],[101.74712,2.78704],[101.74713,2.78703],[101.74715,2.78703],[101.74717,2.78703],[101.74719,2.78703],[101.7472,2.78682],[101.74568,2.78676],[101.74544,2.78675],[101.74455,2.78677],[101.74374,2.78669],[101.74307,2.78725],[101.74018,2.78945],[101.73975,2.78969],[101.73907,2.78972],[101.7384,2.78949],[101.73767,2.78926],[101.73664,2.78924],[101.73618,2.78923],[101.73491,2.78968],[101.73459,2.78974],[101.73372,2.78963],[101.73362,2.79411],[101.73361,2.79449],[101.73358,2.79565],[101.73362,2.79607],[101.73387,2.79607],[101.73737,2.79614],[101.73836,2.79614],[101.73836,2.79615],[101.73984,2.79613],[101.74107,2.79644],[101.7435,2.79706]]]}},{"type":"Feature","properties":{"fid":322,"nama":"Pinggiran KLIA","pdk_thn":1384,"luas_h":115.35,"kpdt":12,"unj_2025":0,"unj_2030":0,"unj_2035":0,"e_blok":"1007D015","pop_share":0.004263906,"recy_annual_t":38.375},"geometry":{"type":"Polygon","coordinates":[[[101.75657,2.78977],[101.75671,2.78758],[101.75724,2.77927],[101.7573,2.77835],[101.75462,2.77832],[101.75462,2.77852],[101.7538,2.77853],[101.75379,2.77897],[101.75361,2.77895],[101.75348,2.77895],[101.75336,2.77897],[101.7529,2.77903],[101.75255,2.77909],[101.7525,2.7791],[101.75244,2.7791],[101.75239,2.7791],[101.75233,2.77909],[101.75228,2.77907],[101.75223,2.77905],[101.75163,2.77887],[101.75162,2.77886],[101.7513,2.77981],[101.7513,2.77981],[101.75122,2.77999],[101.75139,2.78008],[101.75179,2.78018],[101.75244,2.7804],[101.75337,2.7804],[101.75337,2.78251],[101.7525,2.78262],[101.7521,2.78267],[101.75157,2.7827],[101.75164,2.78297],[101.75123,2.78322],[101.75096,2.78254],[101.75065,2.78262],[101.7508,2.7834],[101.75084,2.78349],[101.75163,2.78482],[101.75165,2.78486],[101.75172,2.78502],[101.75189,2.78535],[101.75196,2.78576],[101.75194,2.78619],[101.75169,2.78695],[101.75158,2.78717],[101.7515,2.78713],[101.75149,2.78713],[101.75139,2.78709],[101.7513,2.78706],[101.7512,2.78703],[101.75108,2.787],[101.75101,2.787],[101.75095,2.78699],[101.75088,2.78697],[101.75082,2.78695],[101.75076,2.78694],[101.7507,2.78693],[101.75064,2.78692],[101.75057,2.78693],[101.75051,2.78693],[101.75045,2.78695],[101.7504,2.78695],[101.75034,2.78695],[101.75033,2.78695],[101.75028,2.78694],[101.75009,2.78694],[101.74989,2.78692],[101.7497,2.7869],[101.7495,2.78687],[101.74943,2.78687],[101.74935,2.78687],[101.74928,2.78687],[101.74921,2.78688],[101.7492,2.78689],[101.74919,2.78689],[101.74919,2.78689],[101.74908,2.78692],[101.74902,2.78693],[101.74901,2.78693],[101.74895,2.78693],[101.74888,2.78692],[101.74882,2.7869],[101.74881,2.78689],[101.74873,2.78687],[101.74869,2.78686],[101.74865,2.78685],[101.74856,2.78684],[101.74848,2.78684],[101.7484,2.78684],[101.74832,2.78685],[101.74823,2.78686],[101.748,2.78686],[101.7472,2.78682],[101.74719,2.78703],[101.74717,2.78703],[101.74715,2.78703],[101.74713,2.78703],[101.74712,2.78704],[101.7471,2.78704],[101.74709,2.78705],[101.74708,2.78706],[101.74707,2.78708],[101.74706,2.78709],[101.74704,2.78721],[101.74687,2.78735],[101.74686,2.78736],[101.74686,2.78737],[101.74685,2.78737],[101.74684,2.78738],[101.74684,2.78739],[101.74684,2.7874],[101.74684,2.78741],[101.74684,2.78742],[101.74685,2.78743],[101.74685,2.78744],[101.74686,2.78745],[101.74686,2.78746],[101.74687,2.78746],[101.74688,2.78746],[101.74822,2.78807],[101.74828,2.7881],[101.7483,2.78812],[101.74832,2.78813],[101.74833,2.78815],[101.74833,2.78817],[101.74834,2.78819],[101.74834,2.78821],[101.74834,2.78823],[101.74833,2.78825],[101.7499,2.78934],[101.74983,2.78941],[101.74982,2.78942],[101.7498,2.78945],[101.74977,2.78949],[101.74975,2.7895],[101.74973,2.78954],[101.7497,2.78956],[101.74969,2.78958],[101.74963,2.78967],[101.74958,2.78975],[101.74956,2.78978],[101.7495,2.78989],[101.74943,2.79],[101.74938,2.79012],[101.74933,2.79024],[101.74927,2.79038],[101.74921,2.79053],[101.74916,2.79068],[101.74912,2.79084],[101.74908,2.79099],[101.74895,2.79147],[101.74899,2.79239],[101.7491,2.79361],[101.75187,2.79361],[101.75497,2.79362],[101.75497,2.79363],[101.75574,2.79363],[101.75574,2.79364],[101.75632,2.79364],[101.75657,2.78977]]]}},{"type":"Feature","properties":{"fid":323,"nama":"Pinggiran KLIA","pdk_thn":1059,"luas_h":601.35,"kpdt":2,"unj_2025":0,"unj_2030":0,"unj_2035":0,"e_blok":"1007D016","pop_share":0.003262628,"recy_annual_t":29.364},"geometry":{"type":"Polygon","coordinates":[[[101.75759,2.77403],[101.75759,2.77403],[101.7579,2.76925],[101.758,2.7679],[101.75841,2.76154],[101.75956,2.74427],[101.7597,2.74199],[101.75607,2.74061],[101.7561,2.74116],[101.75611,2.74125],[101.7561,2.74124],[101.7561,2.74126],[101.75626,2.74246],[101.75629,2.74359],[101.75596,2.74528],[101.75567,2.74605],[101.75457,2.74772],[101.75367,2.74883],[101.75276,2.75031],[101.75223,2.75121],[101.75198,2.75204],[101.75161,2.75301],[101.75185,2.75427],[101.75177,2.75424],[101.74553,2.75364],[101.74534,2.75363],[101.74535,2.75425],[101.74533,2.75471],[101.74524,2.75505],[101.74503,2.75548],[101.7448,2.75576],[101.74453,2.75599],[101.74427,2.75616],[101.74393,2.75627],[101.74363,2.75634],[101.74358,2.75635],[101.74324,2.75632],[101.74275,2.75619],[101.74229,2.75594],[101.74174,2.75547],[101.74201,2.75624],[101.74529,2.7585],[101.74536,2.75967],[101.74541,2.76],[101.74568,2.76176],[101.74529,2.76354],[101.74063,2.76728],[101.73494,2.76721],[101.73494,2.77542],[101.73741,2.77542],[101.73767,2.77431],[101.73833,2.77414],[101.73949,2.77387],[101.74011,2.77431],[101.7416,2.77476],[101.74208,2.77438],[101.74261,2.77441],[101.74383,2.77568],[101.74383,2.7761],[101.74457,2.77675],[101.7446,2.77726],[101.74431,2.77788],[101.74966,2.778],[101.74956,2.77841],[101.74945,2.77874],[101.74911,2.77977],[101.74864,2.78115],[101.74958,2.78164],[101.74875,2.7844],[101.74896,2.78432],[101.74992,2.78401],[101.75013,2.78409],[101.75141,2.78445],[101.75084,2.78349],[101.7508,2.7834],[101.75065,2.78262],[101.75096,2.78254],[101.75123,2.78322],[101.75164,2.78297],[101.75157,2.7827],[101.7521,2.78267],[101.7525,2.78262],[101.75337,2.78251],[101.75337,2.7804],[101.75244,2.7804],[101.75179,2.78018],[101.75139,2.78008],[101.75122,2.77999],[101.7513,2.77981],[101.7513,2.77981],[101.75162,2.77886],[101.75163,2.77887],[101.75223,2.77905],[101.75228,2.77907],[101.75233,2.77909],[101.75239,2.7791],[101.75244,2.7791],[101.7525,2.7791],[101.75255,2.77909],[101.7529,2.77903],[101.75336,2.77897],[101.75348,2.77896],[101.75361,2.77895],[101.75379,2.77897],[101.7538,2.77853],[101.75462,2.77852],[101.75462,2.77832],[101.7573,2.77835],[101.75746,2.77591],[101.75759,2.77403]]]}},{"type":"Feature","properties":{"fid":324,"nama":"Sungai Pelek","pdk_thn":859,"luas_h":159.67,"kpdt":5,"unj_2025":0,"unj_2030":0,"unj_2035":0,"e_blok":"1007D018","pop_share":0.002646456,"recy_annual_t":23.818},"geometry":{"type":"Polygon","coordinates":[[[101.76208,2.70551],[101.76227,2.70309],[101.76181,2.70258],[101.76018,2.70155],[101.75997,2.70107],[101.76008,2.70022],[101.76032,2.69961],[101.7603,2.69925],[101.76001,2.69913],[101.75945,2.69917],[101.75831,2.69883],[101.75697,2.69779],[101.75611,2.69724],[101.75522,2.697],[101.75449,2.69646],[101.75438,2.69614],[101.75436,2.69559],[101.75447,2.69436],[101.75438,2.69377],[101.75378,2.69264],[101.75338,2.69177],[101.75292,2.69093],[101.75274,2.69057],[101.75269,2.69047],[101.75253,2.69007],[101.75249,2.68966],[101.75235,2.68959],[101.75202,2.68925],[101.75175,2.68864],[101.75159,2.68866],[101.75156,2.68846],[101.75083,2.68861],[101.7505,2.68869],[101.75043,2.68874],[101.75038,2.68884],[101.75022,2.68954],[101.74997,2.69058],[101.74987,2.69105],[101.74955,2.69239],[101.74954,2.69321],[101.74953,2.69346],[101.74928,2.69473],[101.74897,2.69512],[101.74829,2.69584],[101.74781,2.69634],[101.74761,2.69698],[101.74714,2.69756],[101.74656,2.6979],[101.74672,2.69833],[101.74676,2.69876],[101.74686,2.69918],[101.74669,2.6996],[101.74645,2.69997],[101.74605,2.70011],[101.74574,2.70069],[101.74606,2.70075],[101.74643,2.70153],[101.74662,2.70149],[101.74712,2.70192],[101.74765,2.70241],[101.75302,2.70409],[101.75345,2.70397],[101.75381,2.70396],[101.7542,2.70414],[101.75447,2.7041],[101.75475,2.70373],[101.75582,2.70356],[101.75706,2.70353],[101.7569,2.70437],[101.75687,2.70484],[101.75714,2.70576],[101.75954,2.70564],[101.76208,2.70551]]]}},{"type":"Feature","properties":{"fid":325,"nama":"Sungai Pelek","pdk_thn":1559,"luas_h":19.05,"kpdt":82,"unj_2025":0,"unj_2030":0,"unj_2035":0,"e_blok":"1007D020","pop_share":0.004803056,"recy_annual_t":43.228},"geometry":{"type":"Polygon","coordinates":[[[101.75136,2.68476],[101.75141,2.68467],[101.75141,2.68467],[101.7516,2.68518],[101.75222,2.6856],[101.75237,2.68539],[101.75238,2.68516],[101.75263,2.68523],[101.75274,2.68504],[101.75191,2.68264],[101.75156,2.68162],[101.75089,2.68118],[101.74826,2.68192],[101.74819,2.68203],[101.74816,2.68218],[101.74814,2.68223],[101.74812,2.68233],[101.74807,2.68247],[101.74802,2.68262],[101.74797,2.68276],[101.7479,2.6829],[101.74784,2.68304],[101.74776,2.68318],[101.74768,2.68331],[101.7476,2.68343],[101.74803,2.68386],[101.74866,2.68456],[101.74971,2.68568],[101.74993,2.68595],[101.74996,2.68597],[101.74997,2.68599],[101.75013,2.68627],[101.75014,2.68627],[101.75023,2.68618],[101.75034,2.68608],[101.75105,2.68519],[101.75112,2.68511],[101.75119,2.68503],[101.75125,2.68494],[101.75131,2.68485],[101.75136,2.68476]]]}},{"type":"Feature","properties":{"fid":326,"nama":"Sungai Pelek","pdk_thn":918,"luas_h":1444.47,"kpdt":1,"unj_2025":0,"unj_2030":0,"unj_2035":0,"e_blok":"1007D021","pop_share":0.002828227,"recy_annual_t":25.454},"geometry":{"type":"Polygon","coordinates":[[[101.74319,2.70103],[101.74378,2.69976],[101.7441,2.69949],[101.74499,2.70006],[101.74529,2.70031],[101.74544,2.70064],[101.74574,2.70069],[101.74605,2.70011],[101.74645,2.69997],[101.74669,2.6996],[101.74686,2.69918],[101.74676,2.69876],[101.74672,2.69833],[101.74656,2.6979],[101.74714,2.69756],[101.74761,2.69698],[101.74781,2.69634],[101.74829,2.69584],[101.74897,2.69512],[101.74928,2.69473],[101.74953,2.69346],[101.74954,2.69321],[101.74955,2.69239],[101.74987,2.69105],[101.74997,2.69058],[101.74836,2.68982],[101.74781,2.68956],[101.74781,2.68956],[101.74591,2.68892],[101.7458,2.68886],[101.74577,2.68869],[101.74573,2.68852],[101.74569,2.68836],[101.74563,2.6882],[101.74558,2.68804],[101.74551,2.68788],[101.74629,2.68498],[101.74647,2.6848],[101.74665,2.68462],[101.74682,2.68443],[101.74698,2.68424],[101.74714,2.68404],[101.7473,2.68384],[101.74745,2.68364],[101.7476,2.68343],[101.74769,2.68331],[101.74777,2.68318],[101.74784,2.68304],[101.74791,2.6829],[101.74797,2.68276],[101.74803,2.68262],[101.74808,2.68247],[101.74812,2.68233],[101.74815,2.68223],[101.74816,2.68218],[101.74819,2.68203],[101.74826,2.68192],[101.74788,2.68199],[101.74516,2.68068],[101.74249,2.67743],[101.7416,2.67584],[101.74115,2.67452],[101.74041,2.67268],[101.74027,2.67151],[101.74086,2.66957],[101.74228,2.66764],[101.7449,2.66565],[101.74661,2.6609],[101.74753,2.65615],[101.74732,2.65464],[101.74665,2.65363],[101.74601,2.65309],[101.74531,2.65253],[101.74416,2.6521],[101.74304,2.65182],[101.74188,2.65143],[101.73988,2.65072],[101.73756,2.6496],[101.73656,2.64918],[101.73627,2.64943],[101.73465,2.65273],[101.73332,2.65424],[101.73187,2.65589],[101.73127,2.65654],[101.73077,2.65704],[101.73036,2.65733],[101.72993,2.65758],[101.72955,2.65776],[101.72925,2.65775],[101.72883,2.6577],[101.72833,2.65762],[101.72814,2.65849],[101.72809,2.65897],[101.72806,2.6593],[101.72803,2.65964],[101.72803,2.65987],[101.72817,2.6602],[101.72829,2.66042],[101.73051,2.66338],[101.73143,2.66466],[101.73201,2.66555],[101.73254,2.66645],[101.73399,2.66923],[101.73497,2.67102],[101.73598,2.67297],[101.73725,2.67569],[101.73268,2.67759],[101.73263,2.67696],[101.73265,2.67631],[101.73177,2.67436],[101.73113,2.67372],[101.73051,2.67277],[101.72789,2.66796],[101.72411,2.66135],[101.71433,2.6667],[101.71516,2.67251],[101.71331,2.67739],[101.71126,2.68315],[101.71065,2.68512],[101.71049,2.68562],[101.71026,2.68606],[101.71003,2.68646],[101.71003,2.68646],[101.71711,2.69906],[101.71711,2.69906],[101.71835,2.69828],[101.71908,2.69724],[101.71926,2.69724],[101.71949,2.69721],[101.71971,2.697],[101.71983,2.69677],[101.71989,2.69599],[101.71986,2.69543],[101.72004,2.6949],[101.72046,2.69441],[101.72102,2.69429],[101.72484,2.68859],[101.72569,2.68779],[101.72592,2.68785],[101.72621,2.68792],[101.72673,2.68802],[101.72727,2.6882],[101.72776,2.68857],[101.72813,2.68897],[101.72831,2.68945],[101.72844,2.69102],[101.72862,2.69129],[101.72895,2.69202],[101.72994,2.69393],[101.73332,2.69974],[101.73407,2.69892],[101.73459,2.69883],[101.73495,2.69861],[101.73535,2.69814],[101.73587,2.69791],[101.73616,2.69822],[101.73678,2.69892],[101.73716,2.69918],[101.73765,2.70017],[101.73778,2.70081],[101.73792,2.70094],[101.73837,2.70085],[101.73898,2.70059],[101.73993,2.70063],[101.74057,2.70078],[101.74082,2.70097],[101.74115,2.70129],[101.74132,2.70175],[101.74156,2.70289],[101.74166,2.70319],[101.742,2.70325],[101.74231,2.70255],[101.74266,2.7019],[101.74319,2.70103]]]}},{"type":"Feature","properties":{"fid":327,"nama":"Sungai Pelek","pdk_thn":1199,"luas_h":20.57,"kpdt":58,"unj_2025":0,"unj_2030":0,"unj_2035":0,"e_blok":"1007D031","pop_share":0.003693948,"recy_annual_t":33.246},"geometry":{"type":"Polygon","coordinates":[[[101.71369,2.64513],[101.71458,2.6441],[101.71505,2.64451],[101.71536,2.64418],[101.71414,2.6431],[101.71416,2.64307],[101.71416,2.64307],[101.71414,2.64309],[101.71489,2.64219],[101.71402,2.64148],[101.71357,2.64101],[101.71388,2.64077],[101.71425,2.64047],[101.71405,2.64002],[101.71388,2.63963],[101.71369,2.63917],[101.71299,2.63947],[101.71232,2.63976],[101.71133,2.64014],[101.71011,2.6406],[101.71108,2.64289],[101.7115,2.64333],[101.71204,2.6438],[101.71296,2.64453],[101.71269,2.64481],[101.71402,2.64581],[101.71421,2.64557],[101.71369,2.64513]]]}},{"type":"Feature","properties":{"fid":328,"nama":"Sungai Pelek","pdk_thn":1372,"luas_h":34.14,"kpdt":40,"unj_2025":0,"unj_2030":0,"unj_2035":0,"e_blok":"1007D032","pop_share":0.004226936,"recy_annual_t":38.042},"geometry":{"type":"MultiPolygon","coordinates":[[[[101.71369,2.63917],[101.7129,2.63727],[101.71257,2.6365],[101.71251,2.63636],[101.71066,2.63715],[101.70977,2.63753],[101.70952,2.63764],[101.7085,2.63807],[101.70764,2.63844],[101.70664,2.63887],[101.70691,2.6396],[101.70879,2.63897],[101.70888,2.63918],[101.70958,2.64077],[101.71011,2.6406],[101.71133,2.64014],[101.71232,2.63976],[101.71299,2.63947],[101.71369,2.63917]]],[[[101.71453,2.63571],[101.71453,2.63571],[101.71257,2.6365],[101.7129,2.63727],[101.71365,2.63907],[101.71369,2.63917],[101.71388,2.63963],[101.71405,2.64002],[101.71425,2.64047],[101.71388,2.64077],[101.71357,2.64101],[101.71402,2.64148],[101.71489,2.64219],[101.71512,2.64191],[101.71544,2.64152],[101.71591,2.64092],[101.71664,2.63999],[101.71671,2.6399],[101.71679,2.63987],[101.71652,2.63967],[101.71643,2.6396],[101.71611,2.63928],[101.71594,2.63917],[101.71581,2.63891],[101.71546,2.63808],[101.71453,2.63571]]]]}},{"type":"Feature","properties":{"fid":329,"nama":"Sungai Pelek","pdk_thn":930,"luas_h":23.36,"kpdt":40,"unj_2025":0,"unj_2030":0,"unj_2035":0,"e_blok":"1007D033","pop_share":0.002865197,"recy_annual_t":25.787},"geometry":{"type":"Polygon","coordinates":[[[101.71547,2.64427],[101.71681,2.64264],[101.71688,2.6427],[101.71752,2.64323],[101.71799,2.64263],[101.71866,2.64324],[101.71941,2.64235],[101.71948,2.64228],[101.71922,2.64206],[101.71925,2.64204],[101.72049,2.64052],[101.72038,2.64042],[101.72031,2.64035],[101.72024,2.64029],[101.72016,2.64021],[101.72007,2.64014],[101.71998,2.64008],[101.71947,2.6397],[101.71896,2.63933],[101.71855,2.63901],[101.7183,2.63882],[101.71796,2.63856],[101.71708,2.63785],[101.71684,2.63793],[101.71674,2.63806],[101.71671,2.6381],[101.71666,2.63812],[101.7166,2.6381],[101.71653,2.63808],[101.71645,2.63804],[101.71621,2.63835],[101.7159,2.63873],[101.71581,2.63891],[101.71594,2.63917],[101.71611,2.63928],[101.71643,2.6396],[101.71652,2.63967],[101.71679,2.63987],[101.71671,2.6399],[101.71664,2.63999],[101.71591,2.64092],[101.71544,2.64152],[101.71512,2.64191],[101.71489,2.64219],[101.71414,2.64309],[101.71547,2.64427]]]}},{"type":"Feature","properties":{"fid":330,"nama":"Sungai Pelek","pdk_thn":1367,"luas_h":38.95,"kpdt":35,"unj_2025":0,"unj_2030":0,"unj_2035":0,"e_blok":"1007D034","pop_share":0.004211532,"recy_annual_t":37.904},"geometry":{"type":"Polygon","coordinates":[[[101.71928,2.64751],[101.72071,2.64602],[101.72093,2.64628],[101.72132,2.64663],[101.72178,2.64694],[101.72216,2.64715],[101.72425,2.64393],[101.72249,2.64234],[101.72159,2.64155],[101.72092,2.64091],[101.72087,2.64087],[101.72068,2.64069],[101.72049,2.64052],[101.71925,2.64204],[101.71922,2.64206],[101.71948,2.64228],[101.71941,2.64235],[101.71866,2.64324],[101.71799,2.64263],[101.71752,2.64323],[101.71688,2.6427],[101.71681,2.64264],[101.71547,2.64427],[101.7168,2.64538],[101.71928,2.64751]]]}},{"type":"Feature","properties":{"fid":331,"nama":"Sungai Pelek","pdk_thn":1271,"luas_h":54.71,"kpdt":23,"unj_2025":0,"unj_2030":0,"unj_2035":0,"e_blok":"1007D035","pop_share":0.003915769,"recy_annual_t":35.242},"geometry":{"type":"Polygon","coordinates":[[[101.72504,2.63659],[101.72529,2.63563],[101.72068,2.63595],[101.71688,2.63766],[101.71708,2.63785],[101.71796,2.63856],[101.7183,2.63882],[101.71855,2.63901],[101.71896,2.63933],[101.71947,2.6397],[101.71998,2.64008],[101.72007,2.64014],[101.72016,2.64021],[101.72024,2.64029],[101.72031,2.64035],[101.72038,2.64042],[101.72049,2.64052],[101.72068,2.64069],[101.72087,2.64087],[101.72092,2.64091],[101.72159,2.64155],[101.72249,2.64234],[101.72425,2.64393],[101.72451,2.64354],[101.72579,2.64161],[101.72701,2.64007],[101.72666,2.6395],[101.72504,2.63659]]]}},{"type":"Feature","properties":{"fid":332,"nama":"Sungai Pelek","pdk_thn":1182,"luas_h":468.12,"kpdt":3,"unj_2025":0,"unj_2030":0,"unj_2035":0,"e_blok":"1007D036","pop_share":0.003641573,"recy_annual_t":32.774},"geometry":{"type":"Polygon","coordinates":[[[101.71621,2.63835],[101.71645,2.63804],[101.71653,2.63808],[101.7166,2.6381],[101.71666,2.63812],[101.71671,2.6381],[101.71674,2.63806],[101.71684,2.63793],[101.71708,2.63785],[101.71688,2.63766],[101.72068,2.63595],[101.72529,2.63563],[101.72535,2.63538],[101.72644,2.63406],[101.72874,2.63079],[101.72922,2.6301],[101.73,2.62733],[101.73027,2.62608],[101.73047,2.62491],[101.7305,2.62469],[101.73052,2.62399],[101.73051,2.62248],[101.73038,2.61911],[101.72986,2.61751],[101.72911,2.61671],[101.72805,2.61639],[101.72742,2.61673],[101.72663,2.61761],[101.72447,2.61972],[101.72298,2.62033],[101.72206,2.62034],[101.71927,2.61971],[101.71667,2.61855],[101.71435,2.61737],[101.71304,2.61649],[101.71105,2.61521],[101.70868,2.61346],[101.70758,2.61246],[101.70575,2.61291],[101.70454,2.61306],[101.70428,2.61313],[101.70417,2.6133],[101.70467,2.61482],[101.70503,2.61582],[101.70567,2.61796],[101.70657,2.62052],[101.70742,2.62298],[101.70742,2.62298],[101.70913,2.6224],[101.70938,2.62221],[101.71017,2.62152],[101.71031,2.6214],[101.71043,2.62152],[101.71158,2.62263],[101.71213,2.62315],[101.71256,2.62357],[101.71285,2.62385],[101.71301,2.62409],[101.71318,2.62481],[101.71317,2.62481],[101.71288,2.62486],[101.71154,2.62519],[101.7103,2.62555],[101.71015,2.62557],[101.709,2.62597],[101.70853,2.62613],[101.70861,2.62635],[101.70902,2.62733],[101.70929,2.62798],[101.70951,2.62876],[101.71103,2.6329],[101.71162,2.63429],[101.71198,2.63512],[101.71238,2.63607],[101.71251,2.63636],[101.71257,2.6365],[101.71453,2.63571],[101.71453,2.63571],[101.71546,2.63808],[101.71581,2.63891],[101.7159,2.63873],[101.71621,2.63835]]]}},{"type":"Feature","properties":{"fid":333,"nama":"Sungai Pelek","pdk_thn":1115,"luas_h":50.06,"kpdt":22,"unj_2025":0,"unj_2030":0,"unj_2035":0,"e_blok":"1007D037","pop_share":0.003435156,"recy_annual_t":30.916},"geometry":{"type":"Polygon","coordinates":[[[101.70748,2.62656],[101.70758,2.62654],[101.7077,2.62661],[101.70785,2.6266],[101.70861,2.62635],[101.70853,2.62613],[101.709,2.62597],[101.71015,2.62557],[101.7103,2.62555],[101.71154,2.62519],[101.71288,2.62486],[101.71317,2.62481],[101.71318,2.62481],[101.71301,2.62409],[101.71285,2.62385],[101.71256,2.62357],[101.71213,2.62315],[101.71158,2.62263],[101.71043,2.62152],[101.71031,2.6214],[101.71017,2.62152],[101.70938,2.62221],[101.70913,2.6224],[101.70742,2.62298],[101.70742,2.62298],[101.70657,2.62052],[101.7061,2.62068],[101.70528,2.62098],[101.705,2.62115],[101.70459,2.62074],[101.70426,2.62056],[101.70401,2.62047],[101.70385,2.62046],[101.70368,2.62048],[101.7034,2.62058],[101.70306,2.62075],[101.70278,2.62089],[101.70289,2.62117],[101.703,2.62157],[101.70309,2.62194],[101.70316,2.62227],[101.70318,2.62257],[101.70318,2.62284],[101.70318,2.62284],[101.70317,2.62318],[101.70313,2.62392],[101.70295,2.62418],[101.70337,2.62476],[101.7034,2.62511],[101.70396,2.62506],[101.70403,2.62563],[101.70406,2.62613],[101.7041,2.62648],[101.70419,2.62658],[101.70434,2.62662],[101.70545,2.62652],[101.70676,2.6264],[101.7068,2.62696],[101.70692,2.62694],[101.70743,2.62678],[101.70742,2.62665],[101.70748,2.62656]]]}},{"type":"Feature","properties":{"fid":334,"nama":"Sungai Pelek","pdk_thn":1223,"luas_h":111.45,"kpdt":11,"unj_2025":0,"unj_2030":0,"unj_2035":0,"e_blok":"1007D038","pop_share":0.003767888,"recy_annual_t":33.911},"geometry":{"type":"Polygon","coordinates":[[[101.70902,2.62733],[101.70861,2.62635],[101.70785,2.6266],[101.7077,2.62661],[101.70758,2.62654],[101.70748,2.62656],[101.70742,2.62665],[101.70743,2.62678],[101.70692,2.62694],[101.7068,2.62696],[101.70676,2.6264],[101.70545,2.62652],[101.70434,2.62662],[101.70419,2.62658],[101.7041,2.62648],[101.70406,2.62613],[101.70403,2.62563],[101.70396,2.62506],[101.7034,2.62511],[101.70337,2.62476],[101.70295,2.62418],[101.70285,2.62425],[101.70263,2.6243],[101.70222,2.62434],[101.7021,2.62449],[101.70198,2.62461],[101.70164,2.62497],[101.70159,2.62537],[101.70159,2.62537],[101.70161,2.62567],[101.70168,2.62608],[101.70194,2.62645],[101.70201,2.62666],[101.70201,2.62666],[101.70201,2.627],[101.70159,2.62772],[101.70105,2.62777],[101.7012,2.62968],[101.70562,2.63665],[101.70594,2.63743],[101.70649,2.63877],[101.70656,2.63889],[101.70664,2.63887],[101.70764,2.63844],[101.7085,2.63807],[101.70952,2.63764],[101.70977,2.63753],[101.71066,2.63715],[101.71251,2.63636],[101.71238,2.63607],[101.71198,2.63512],[101.71162,2.63429],[101.71103,2.6329],[101.70951,2.62876],[101.70929,2.62798],[101.70902,2.62733]]]}},{"type":"Feature","properties":{"fid":335,"nama":"Sungai Pelek","pdk_thn":765,"luas_h":58.55,"kpdt":13,"unj_2025":0,"unj_2030":0,"unj_2035":0,"e_blok":"1007D039","pop_share":0.002356856,"recy_annual_t":21.212},"geometry":{"type":"Polygon","coordinates":[[[101.70313,2.62392],[101.70317,2.62318],[101.70317,2.62318],[101.70318,2.62284],[101.70318,2.62257],[101.70318,2.62257],[101.70316,2.62227],[101.70309,2.62194],[101.703,2.62157],[101.70289,2.62117],[101.70278,2.62089],[101.70196,2.6196],[101.70169,2.61925],[101.70145,2.61881],[101.70119,2.6186],[101.7008,2.6184],[101.69912,2.61809],[101.69892,2.61926],[101.69857,2.62071],[101.6985,2.62098],[101.6984,2.62154],[101.6984,2.62154],[101.69733,2.62175],[101.69683,2.62186],[101.69632,2.62196],[101.69602,2.622],[101.6963,2.62343],[101.69722,2.6281],[101.69953,2.6279],[101.70105,2.62777],[101.70159,2.62772],[101.70201,2.627],[101.70201,2.62666],[101.70201,2.62666],[101.70194,2.62645],[101.70168,2.62607],[101.70161,2.62567],[101.70159,2.62537],[101.70159,2.62536],[101.70164,2.62497],[101.70198,2.62461],[101.7021,2.62449],[101.70222,2.62433],[101.70263,2.6243],[101.70285,2.62424],[101.70295,2.62418],[101.70313,2.62392]]]}},{"type":"Feature","properties":{"fid":336,"nama":"Sungai Pelek","pdk_thn":924,"luas_h":108.27,"kpdt":9,"unj_2025":0,"unj_2030":0,"unj_2035":0,"e_blok":"1007D040","pop_share":0.002846712,"recy_annual_t":25.62},"geometry":{"type":"Polygon","coordinates":[[[101.69392,2.62368],[101.6963,2.62343],[101.69602,2.622],[101.69632,2.62196],[101.69683,2.62186],[101.69733,2.62175],[101.6984,2.62154],[101.6984,2.62154],[101.6985,2.62098],[101.69857,2.62071],[101.69892,2.61926],[101.69912,2.61809],[101.7008,2.6184],[101.70119,2.6186],[101.70145,2.61881],[101.70169,2.61925],[101.70196,2.6196],[101.70278,2.62089],[101.70306,2.62075],[101.7034,2.62058],[101.70368,2.62048],[101.70385,2.62046],[101.70401,2.62047],[101.70426,2.62056],[101.70459,2.62074],[101.705,2.62115],[101.70528,2.62098],[101.7061,2.62068],[101.70657,2.62052],[101.70567,2.61796],[101.70503,2.61582],[101.70467,2.61482],[101.70417,2.6133],[101.70406,2.61296],[101.70406,2.61295],[101.70331,2.61313],[101.70138,2.61359],[101.70042,2.61382],[101.70043,2.61383],[101.70043,2.61386],[101.69997,2.61398],[101.6986,2.61432],[101.6947,2.61532],[101.69469,2.61533],[101.69469,2.61533],[101.69481,2.61591],[101.6949,2.61637],[101.69377,2.61666],[101.69239,2.61701],[101.69185,2.61715],[101.69159,2.61751],[101.69204,2.61789],[101.69259,2.62363],[101.6927,2.62362],[101.69392,2.62368]]]}},{"type":"Feature","properties":{"fid":337,"nama":"Sungai Pelek","pdk_thn":657,"luas_h":118.97,"kpdt":6,"unj_2025":0,"unj_2030":0,"unj_2035":0,"e_blok":"1007D041","pop_share":0.002024123,"recy_annual_t":18.217},"geometry":{"type":"Polygon","coordinates":[[[101.69722,2.6281],[101.6963,2.62343],[101.69392,2.62368],[101.6927,2.62362],[101.69259,2.62363],[101.69204,2.61789],[101.69159,2.61751],[101.69185,2.61715],[101.69239,2.61701],[101.69377,2.61666],[101.6949,2.61637],[101.69481,2.61591],[101.69469,2.61533],[101.69469,2.61533],[101.69119,2.61623],[101.69118,2.61624],[101.69118,2.61624],[101.69072,2.61692],[101.68973,2.61844],[101.68971,2.61846],[101.68968,2.61847],[101.68965,2.61848],[101.68962,2.61849],[101.68959,2.61849],[101.68956,2.61849],[101.68953,2.61848],[101.6895,2.61847],[101.68948,2.61845],[101.68946,2.61843],[101.68805,2.61646],[101.68805,2.61646],[101.68802,2.6166],[101.68795,2.61703],[101.68761,2.61795],[101.68757,2.61806],[101.6874,2.61878],[101.68733,2.61933],[101.68725,2.61993],[101.68725,2.61998],[101.68702,2.62066],[101.68662,2.62114],[101.68595,2.6215],[101.68531,2.62158],[101.68196,2.62156],[101.68138,2.62179],[101.68118,2.62226],[101.68114,2.62295],[101.68135,2.62356],[101.68199,2.62407],[101.68274,2.62428],[101.68639,2.62468],[101.68753,2.62518],[101.68829,2.62563],[101.68878,2.62608],[101.68883,2.62613],[101.68885,2.62636],[101.68889,2.62676],[101.68858,2.62723],[101.68746,2.62807],[101.68712,2.62851],[101.6871,2.62931],[101.68761,2.62912],[101.68821,2.62894],[101.68914,2.62882],[101.68945,2.62879],[101.69332,2.62841],[101.69722,2.6281]]]}},{"type":"Feature","properties":{"fid":338,"nama":"Sungai Pelek","pdk_thn":571,"luas_h":1077.17,"kpdt":1,"unj_2025":0,"unj_2030":0,"unj_2035":0,"e_blok":"1007D042","pop_share":0.001759169,"recy_annual_t":15.833},"geometry":{"type":"Polygon","coordinates":[[[101.68138,2.62179],[101.68196,2.62156],[101.68531,2.62158],[101.68595,2.6215],[101.68662,2.62114],[101.68702,2.62066],[101.68725,2.61998],[101.68725,2.61993],[101.68733,2.61933],[101.6874,2.61878],[101.68757,2.61806],[101.68761,2.61795],[101.68795,2.61703],[101.68802,2.6166],[101.68805,2.61646],[101.68946,2.61843],[101.68948,2.61845],[101.6895,2.61847],[101.68953,2.61848],[101.68956,2.61849],[101.68959,2.61849],[101.68962,2.61849],[101.68965,2.61848],[101.68968,2.61847],[101.68971,2.61846],[101.68973,2.61844],[101.69072,2.61693],[101.69073,2.61691],[101.69118,2.61624],[101.69119,2.61623],[101.69469,2.61533],[101.6947,2.61532],[101.6986,2.61432],[101.69997,2.61398],[101.70044,2.61386],[101.70043,2.61383],[101.70042,2.61382],[101.70138,2.61359],[101.70331,2.61313],[101.70406,2.61295],[101.70406,2.61295],[101.70407,2.61295],[101.70409,2.61293],[101.7041,2.61292],[101.70412,2.6129],[101.70413,2.61287],[101.70413,2.61285],[101.70413,2.61283],[101.70328,2.61006],[101.70309,2.60967],[101.70281,2.6091],[101.70275,2.609],[101.70272,2.60894],[101.70259,2.60875],[101.70249,2.6086],[101.70213,2.60834],[101.70129,2.60745],[101.70049,2.60622],[101.70035,2.60541],[101.70035,2.60541],[101.70053,2.60514],[101.70055,2.60512],[101.70073,2.60462],[101.70095,2.60429],[101.70217,2.60249],[101.70223,2.60241],[101.70229,2.60233],[101.70236,2.60226],[101.70236,2.60226],[101.70243,2.60219],[101.70251,2.60212],[101.70259,2.60207],[101.70267,2.60201],[101.70276,2.60197],[101.70285,2.60191],[101.70281,2.6018],[101.70268,2.60161],[101.70255,2.60153],[101.70253,2.60149],[101.70253,2.60138],[101.70248,2.60138],[101.70152,2.60136],[101.70152,2.60135],[101.70151,2.60135],[101.70151,2.60136],[101.69962,2.60132],[101.69907,2.60131],[101.69857,2.6013],[101.698,2.60129],[101.69747,2.60128],[101.69692,2.60127],[101.69626,2.60125],[101.69551,2.60124],[101.69551,2.60124],[101.69553,2.60124],[101.69553,2.60122],[101.69553,2.60059],[101.69554,2.59989],[101.69556,2.59857],[101.6963,2.59857],[101.69632,2.59857],[101.69664,2.59855],[101.69696,2.59853],[101.69698,2.59664],[101.69862,2.59665],[101.69917,2.59667],[101.70181,2.59666],[101.70181,2.58758],[101.69993,2.58787],[101.69605,2.58789],[101.69274,2.58801],[101.68938,2.58798],[101.68605,2.58965],[101.68275,2.59306],[101.6801,2.59598],[101.67927,2.59767],[101.67844,2.59887],[101.67986,2.60208],[101.68042,2.60398],[101.68027,2.60555],[101.67794,2.60814],[101.67181,2.61165],[101.67214,2.63709],[101.67333,2.63866],[101.67354,2.63849],[101.67403,2.6381],[101.6741,2.63801],[101.67687,2.63584],[101.68057,2.63343],[101.6857,2.62997],[101.68644,2.62955],[101.6871,2.62931],[101.68712,2.62851],[101.68746,2.62807],[101.68858,2.62723],[101.68889,2.62676],[101.68885,2.62636],[101.68883,2.62613],[101.68878,2.62608],[101.68829,2.62563],[101.68753,2.62518],[101.68639,2.62468],[101.68274,2.62428],[101.68199,2.62407],[101.68135,2.62356],[101.68114,2.62295],[101.68118,2.62226],[101.68138,2.62179]]]}},{"type":"Feature","properties":{"fid":339,"nama":"Sungai Pelek","pdk_thn":844,"luas_h":28.69,"kpdt":29,"unj_2025":0,"unj_2030":0,"unj_2035":0,"e_blok":"1007D043","pop_share":0.002600243,"recy_annual_t":23.402},"geometry":{"type":"Polygon","coordinates":[[[101.69962,2.6013],[101.69964,2.60038],[101.70125,2.60038],[101.70125,2.59929],[101.70086,2.59929],[101.70087,2.59881],[101.7018,2.59881],[101.70181,2.59855],[101.70181,2.59666],[101.69917,2.59667],[101.69862,2.59665],[101.69774,2.59666],[101.69754,2.59665],[101.69698,2.59664],[101.69696,2.59853],[101.6963,2.59857],[101.69556,2.59857],[101.69554,2.59989],[101.69553,2.60059],[101.69553,2.60122],[101.69553,2.60124],[101.69551,2.60124],[101.69551,2.60124],[101.69626,2.60125],[101.69692,2.60127],[101.69747,2.60128],[101.698,2.60129],[101.69857,2.6013],[101.69907,2.60131],[101.69962,2.60132],[101.69962,2.6013]]]}},{"type":"Feature","properties":{"fid":340,"nama":"Sungai Pelek","pdk_thn":677,"luas_h":258.46,"kpdt":3,"unj_2025":0,"unj_2030":0,"unj_2035":0,"e_blok":"1007D044","pop_share":0.00208574,"recy_annual_t":18.772},"geometry":{"type":"Polygon","coordinates":[[[101.70749,2.60189],[101.7095,2.60093],[101.7106,2.60038],[101.7119,2.5994],[101.7128,2.5973],[101.71322,2.596],[101.71731,2.59592],[101.71404,2.59126],[101.71276,2.58518],[101.70355,2.58731],[101.70181,2.58758],[101.70181,2.59666],[101.70181,2.59855],[101.7018,2.59881],[101.70087,2.59881],[101.70086,2.59929],[101.70125,2.59929],[101.70125,2.60038],[101.69964,2.60038],[101.69962,2.6013],[101.69962,2.60132],[101.70151,2.60136],[101.70151,2.60135],[101.70152,2.60135],[101.70152,2.60136],[101.70248,2.60138],[101.70253,2.60138],[101.70253,2.60149],[101.70255,2.60153],[101.70268,2.60161],[101.70281,2.6018],[101.70285,2.60191],[101.70276,2.60197],[101.70267,2.60201],[101.70259,2.60207],[101.70251,2.60212],[101.70243,2.60219],[101.70236,2.60226],[101.70236,2.60226],[101.70229,2.60233],[101.70223,2.60241],[101.70217,2.60249],[101.70095,2.60429],[101.70073,2.60462],[101.70055,2.60512],[101.70053,2.60514],[101.70035,2.60541],[101.70035,2.60541],[101.70049,2.60622],[101.70129,2.60745],[101.70213,2.60834],[101.70249,2.6086],[101.70259,2.60875],[101.70272,2.60894],[101.70275,2.609],[101.70281,2.6091],[101.70309,2.60967],[101.70328,2.61006],[101.70413,2.61283],[101.70413,2.61285],[101.70413,2.61287],[101.70412,2.6129],[101.7041,2.61292],[101.70409,2.61293],[101.70407,2.61295],[101.70406,2.61295],[101.70406,2.61295],[101.70406,2.61296],[101.70417,2.6133],[101.70428,2.61313],[101.70454,2.61306],[101.70575,2.61291],[101.70758,2.61246],[101.70697,2.6119],[101.70588,2.6109],[101.70499,2.61009],[101.70333,2.60795],[101.70295,2.60586],[101.70322,2.60464],[101.7037,2.60382],[101.70486,2.6031],[101.70601,2.60253],[101.70749,2.60189]]]}},{"type":"Feature","properties":{"fid":341,"nama":"Sungai Merab","pdk_thn":685,"luas_h":956.34,"kpdt":1,"unj_2025":0,"unj_2030":0,"unj_2035":0,"e_blok":"1007C010","pop_share":0.002110387,"recy_annual_t":18.993},"geometry":{"type":"Polygon","coordinates":[[[101.69666,2.87789],[101.69673,2.87794],[101.69737,2.87828],[101.69785,2.87851],[101.69876,2.87894],[101.69909,2.87908],[101.69958,2.87937],[101.70098,2.87911],[101.70155,2.87896],[101.70175,2.87882],[101.70221,2.87831],[101.70231,2.87816],[101.70263,2.87793],[101.70271,2.8779],[101.70304,2.87778],[101.70342,2.87788],[101.70342,2.87788],[101.70394,2.87848],[101.70409,2.87911],[101.70428,2.87991],[101.70429,2.87992],[101.70476,2.88074],[101.70476,2.88074],[101.70538,2.88184],[101.7055,2.88226],[101.70577,2.88275],[101.70579,2.88281],[101.70589,2.88294],[101.70627,2.88308],[101.70642,2.88306],[101.70682,2.88291],[101.70715,2.8828],[101.70729,2.8828],[101.70742,2.88279],[101.70764,2.88289],[101.708,2.88317],[101.7082,2.8834],[101.70851,2.88319],[101.70855,2.88316],[101.7086,2.88313],[101.70864,2.8831],[101.70869,2.88307],[101.70874,2.88304],[101.70878,2.88301],[101.70883,2.88298],[101.70888,2.88295],[101.70893,2.88292],[101.70898,2.88289],[101.70902,2.88286],[101.70911,2.88281],[101.7092,2.88275],[101.70929,2.88269],[101.70931,2.88268],[101.70938,2.88263],[101.70942,2.8826],[101.70956,2.8825],[101.70961,2.88247],[101.70966,2.88243],[101.70967,2.88242],[101.70975,2.88237],[101.70983,2.88231],[101.70992,2.88225],[101.70997,2.88222],[101.71004,2.88217],[101.71041,2.88192],[101.71042,2.88191],[101.71045,2.88189],[101.7105,2.88186],[101.71055,2.88182],[101.7106,2.88179],[101.71065,2.88176],[101.7107,2.88172],[101.71075,2.88169],[101.71079,2.88166],[101.71079,2.88165],[101.71085,2.88161],[101.7109,2.88158],[101.71095,2.88154],[101.711,2.8815],[101.71105,2.88146],[101.71109,2.88142],[101.71114,2.88138],[101.71115,2.88138],[101.71119,2.88134],[101.71123,2.8813],[101.71128,2.88126],[101.71132,2.88123],[101.71136,2.88119],[101.71141,2.88115],[101.71145,2.8811],[101.71148,2.88108],[101.71149,2.88106],[101.71153,2.88102],[101.71157,2.88098],[101.71162,2.88094],[101.71165,2.8809],[101.71169,2.88085],[101.71172,2.88081],[101.71175,2.88076],[101.71177,2.88073],[101.71178,2.88071],[101.7118,2.88066],[101.71182,2.88061],[101.71185,2.88055],[101.71187,2.8805],[101.71189,2.88045],[101.71191,2.88039],[101.71194,2.88033],[101.71194,2.88032],[101.71196,2.88027],[101.71198,2.88021],[101.712,2.88016],[101.71203,2.8801],[101.71205,2.88005],[101.71209,2.87995],[101.71211,2.8799],[101.71212,2.87987],[101.71216,2.87978],[101.71219,2.8797],[101.71222,2.87962],[101.71224,2.87957],[101.71228,2.87948],[101.71228,2.87947],[101.7123,2.87942],[101.71232,2.87934],[101.71234,2.87929],[101.71235,2.87923],[101.71236,2.87918],[101.71237,2.87912],[101.71238,2.87906],[101.71238,2.87904],[101.71239,2.879],[101.7124,2.87895],[101.7124,2.87889],[101.71241,2.87883],[101.71242,2.87877],[101.71242,2.87871],[101.71243,2.87865],[101.71243,2.8786],[101.71243,2.87859],[101.71243,2.87854],[101.71243,2.87849],[101.71244,2.87843],[101.71245,2.87833],[101.71246,2.87823],[101.71248,2.87814],[101.71248,2.87813],[101.71252,2.87804],[101.71256,2.87794],[101.71258,2.87789],[101.71261,2.87784],[101.71263,2.87779],[101.71266,2.87774],[101.71266,2.87773],[101.71268,2.87768],[101.71271,2.87763],[101.71273,2.87758],[101.71276,2.87752],[101.71279,2.87747],[101.71281,2.87742],[101.71284,2.87737],[101.71286,2.87732],[101.71289,2.87728],[101.71292,2.87721],[101.71297,2.87714],[101.7131,2.87694],[101.71317,2.87685],[101.7132,2.8768],[101.71323,2.87675],[101.71327,2.8767],[101.7133,2.87665],[101.71334,2.8766],[101.71336,2.87657],[101.71337,2.87655],[101.7134,2.87651],[101.71343,2.87646],[101.71346,2.87641],[101.7135,2.87636],[101.71353,2.87632],[101.71356,2.87627],[101.71359,2.87622],[101.71361,2.8762],[101.71363,2.87617],[101.71366,2.87612],[101.71369,2.87608],[101.71373,2.87603],[101.71376,2.87598],[101.71379,2.87593],[101.71383,2.87589],[101.71386,2.87584],[101.71387,2.87583],[101.7139,2.8758],[101.71394,2.87575],[101.71397,2.87571],[101.71401,2.87567],[101.71405,2.87563],[101.71409,2.87559],[101.71413,2.87556],[101.71419,2.87551],[101.71421,2.87548],[101.71429,2.87542],[101.71436,2.87535],[101.71441,2.8753],[101.71446,2.87525],[101.71452,2.8752],[101.71453,2.87519],[101.71459,2.87513],[101.71465,2.87508],[101.71472,2.87502],[101.71477,2.87497],[101.71485,2.87489],[101.71496,2.87479],[101.71501,2.87475],[101.71506,2.8747],[101.7151,2.87466],[101.71515,2.87462],[101.71518,2.87459],[101.7152,2.87458],[101.71525,2.87454],[101.7153,2.8745],[101.71534,2.87446],[101.71539,2.87442],[101.71544,2.87438],[101.71549,2.87434],[101.71553,2.8743],[101.71554,2.8743],[101.71559,2.87426],[101.71564,2.87422],[101.71569,2.87417],[101.71574,2.87413],[101.71579,2.87409],[101.71584,2.87405],[101.71587,2.87401],[101.71589,2.874],[101.71593,2.87396],[101.71598,2.87392],[101.71603,2.87388],[101.71608,2.87384],[101.71613,2.8738],[101.71617,2.87376],[101.71622,2.87372],[101.71622,2.87372],[101.71627,2.87368],[101.71632,2.87365],[101.71636,2.87362],[101.71642,2.87358],[101.71646,2.87356],[101.71651,2.87354],[101.71656,2.87352],[101.71661,2.87351],[101.71661,2.87351],[101.71666,2.8735],[101.7167,2.8735],[101.71675,2.8735],[101.7168,2.87351],[101.71685,2.87353],[101.7169,2.87354],[101.71695,2.87356],[101.717,2.87358],[101.71704,2.87359],[101.71705,2.87359],[101.71709,2.87361],[101.71743,2.87372],[101.71747,2.87374],[101.71747,2.87374],[101.7175,2.87375],[101.71754,2.87376],[101.71758,2.87378],[101.71763,2.87379],[101.71767,2.8738],[101.71771,2.87381],[101.71774,2.87382],[101.71778,2.87383],[101.71781,2.87384],[101.71789,2.87385],[101.7179,2.87386],[101.71795,2.87386],[101.71799,2.87387],[101.71805,2.87388],[101.71807,2.87388],[101.71808,2.87388],[101.71808,2.87388],[101.71809,2.87389],[101.71822,2.87389],[101.71824,2.87389],[101.71826,2.87389],[101.71828,2.87388],[101.71832,2.87387],[101.71834,2.87386],[101.71835,2.87386],[101.71836,2.87386],[101.71837,2.87385],[101.71838,2.87385],[101.7184,2.87384],[101.71841,2.87384],[101.71871,2.87369],[101.71875,2.87367],[101.71885,2.87362],[101.71916,2.87347],[101.71941,2.87335],[101.71956,2.87328],[101.71961,2.87326],[101.71997,2.87308],[101.72038,2.87289],[101.72078,2.8727],[101.72105,2.87258],[101.72111,2.87255],[101.72117,2.87252],[101.72119,2.87251],[101.72123,2.87249],[101.7216,2.87232],[101.72165,2.8723],[101.72181,2.87216],[101.72186,2.87211],[101.72193,2.87202],[101.72205,2.87186],[101.72211,2.87179],[101.72217,2.87171],[101.72221,2.87167],[101.7225,2.87132],[101.72263,2.87115],[101.72269,2.87108],[101.72278,2.87097],[101.72307,2.87062],[101.7232,2.87047],[101.72336,2.87028],[101.7235,2.87011],[101.72355,2.87006],[101.72359,2.87001],[101.72365,2.86993],[101.72368,2.86991],[101.72372,2.86986],[101.72376,2.86981],[101.7238,2.86976],[101.72384,2.86971],[101.72388,2.86966],[101.72392,2.86962],[101.72394,2.86958],[101.72396,2.86957],[101.72399,2.86952],[101.72403,2.86947],[101.72406,2.86943],[101.7241,2.86938],[101.72414,2.86934],[101.72417,2.8693],[101.72422,2.86923],[101.72424,2.86921],[101.7243,2.86914],[101.72435,2.86907],[101.7244,2.86901],[101.72445,2.86896],[101.72448,2.86892],[101.72451,2.86888],[101.72475,2.86862],[101.72482,2.86858],[101.72483,2.86857],[101.72488,2.86854],[101.72493,2.8685],[101.72498,2.86847],[101.72523,2.86836],[101.72544,2.86826],[101.72564,2.86818],[101.72585,2.8681],[101.72592,2.86806],[101.72599,2.86803],[101.72605,2.868],[101.72605,2.868],[101.72646,2.86781],[101.72687,2.86763],[101.72715,2.86751],[101.72728,2.86745],[101.72742,2.86738],[101.72769,2.86727],[101.7277,2.86727],[101.72777,2.86724],[101.72779,2.86723],[101.72782,2.86722],[101.72784,2.86722],[101.72786,2.86722],[101.72787,2.86723],[101.72788,2.86723],[101.72789,2.86724],[101.72789,2.86725],[101.7279,2.86725],[101.7279,2.86725],[101.72791,2.86727],[101.72798,2.8674],[101.728,2.86746],[101.72802,2.86749],[101.72819,2.86787],[101.72837,2.86828],[101.72849,2.86854],[101.72852,2.86862],[101.72856,2.86869],[101.72858,2.86871],[101.7286,2.86874],[101.72862,2.86876],[101.72871,2.86879],[101.72909,2.86865],[101.7298,2.86841],[101.72981,2.86841],[101.73022,2.86822],[101.73063,2.86804],[101.73074,2.86783],[101.731,2.86741],[101.73136,2.86683],[101.73193,2.86599],[101.73281,2.86553],[101.73303,2.86523],[101.73334,2.86437],[101.73345,2.86372],[101.7335,2.86349],[101.73378,2.86266],[101.73396,2.8623],[101.73404,2.86225],[101.73412,2.86219],[101.7342,2.86213],[101.73427,2.86206],[101.73433,2.86199],[101.73439,2.86191],[101.73445,2.86183],[101.7345,2.86175],[101.73454,2.86166],[101.73458,2.86157],[101.73461,2.86148],[101.73463,2.86139],[101.73464,2.8613],[101.73465,2.8612],[101.73465,2.86111],[101.73465,2.86092],[101.73465,2.86073],[101.73464,2.86054],[101.73462,2.86035],[101.73461,2.8602],[101.7346,2.86006],[101.73458,2.85992],[101.73456,2.85977],[101.73443,2.85882],[101.7344,2.85866],[101.7344,2.85843],[101.73442,2.85837],[101.73444,2.85831],[101.73446,2.85825],[101.73449,2.8582],[101.73453,2.85815],[101.73458,2.85811],[101.73463,2.85807],[101.73468,2.85803],[101.73474,2.85801],[101.7348,2.85798],[101.73486,2.85797],[101.73492,2.85796],[101.73494,2.85796],[101.73498,2.85796],[101.73506,2.85795],[101.73514,2.85793],[101.73522,2.85791],[101.73529,2.85787],[101.73536,2.85783],[101.7354,2.8578],[101.73543,2.85777],[101.73545,2.85773],[101.73547,2.85769],[101.73548,2.85765],[101.73549,2.8576],[101.7355,2.85756],[101.7355,2.85727],[101.73548,2.85719],[101.73547,2.85711],[101.73544,2.85704],[101.73541,2.85693],[101.73537,2.85682],[101.73535,2.85671],[101.73533,2.8566],[101.73533,2.85653],[101.73533,2.85646],[101.73534,2.8564],[101.73536,2.85633],[101.73538,2.85627],[101.73545,2.85615],[101.73549,2.8561],[101.73554,2.85605],[101.73559,2.856],[101.73565,2.85596],[101.73575,2.85589],[101.73585,2.85582],[101.73595,2.85576],[101.73604,2.85569],[101.73613,2.85562],[101.73621,2.85554],[101.73629,2.85546],[101.73646,2.85532],[101.73662,2.85517],[101.73668,2.85512],[101.73675,2.85507],[101.73682,2.85503],[101.73689,2.85499],[101.73696,2.85496],[101.73704,2.85493],[101.73706,2.85493],[101.73711,2.85494],[101.73712,2.85494],[101.73718,2.85493],[101.73726,2.85492],[101.73733,2.8549],[101.7374,2.85488],[101.73747,2.85485],[101.73753,2.85482],[101.73755,2.85481],[101.73762,2.85476],[101.73763,2.85476],[101.7377,2.8547],[101.73778,2.85464],[101.73784,2.85458],[101.73791,2.85451],[101.73796,2.85443],[101.73802,2.85436],[101.73806,2.85427],[101.73807,2.85427],[101.73724,2.85408],[101.73651,2.85392],[101.73578,2.85378],[101.73505,2.85364],[101.73432,2.85351],[101.73359,2.85338],[101.73246,2.8532],[101.73038,2.85287],[101.72988,2.85279],[101.72889,2.8526],[101.7274,2.85227],[101.72691,2.85215],[101.72643,2.85204],[101.72619,2.85198],[101.72595,2.85192],[101.72571,2.85185],[101.72548,2.85177],[101.72524,2.85168],[101.72501,2.85159],[101.72478,2.85149],[101.72456,2.85139],[101.72434,2.85128],[101.72412,2.85116],[101.7239,2.85104],[101.72369,2.85092],[101.72348,2.85079],[101.72327,2.85065],[101.72324,2.85063],[101.72269,2.85032],[101.72212,2.84998],[101.72155,2.84964],[101.72099,2.8493],[101.72042,2.84894],[101.71986,2.84859],[101.71931,2.84822],[101.71875,2.84786],[101.7182,2.84748],[101.71776,2.84719],[101.71732,2.8469],[101.71688,2.84661],[101.71643,2.84633],[101.71598,2.84606],[101.71552,2.84579],[101.71506,2.84552],[101.7146,2.84527],[101.71413,2.84502],[101.71366,2.84477],[101.71319,2.84453],[101.71271,2.8443],[101.71224,2.84407],[101.71196,2.84396],[101.71186,2.84444],[101.71179,2.84496],[101.71174,2.84552],[101.71168,2.84601],[101.71162,2.84652],[101.71153,2.84705],[101.71146,2.84755],[101.71137,2.84806],[101.71126,2.84854],[101.71117,2.84905],[101.71104,2.84956],[101.71089,2.85008],[101.71071,2.85071],[101.71017,2.85233],[101.7096,2.85381],[101.70931,2.85444],[101.70907,2.85498],[101.70818,2.85667],[101.70811,2.8568],[101.70713,2.85827],[101.70361,2.85835],[101.70363,2.85667],[101.70287,2.85691],[101.70223,2.85718],[101.70221,2.8591],[101.69818,2.85917],[101.6982,2.86026],[101.69812,2.86144],[101.69811,2.86162],[101.70471,2.86166],[101.70337,2.86351],[101.70239,2.86528],[101.69918,2.8722],[101.69693,2.87727],[101.69666,2.87789]]]}},{"type":"Feature","properties":{"fid":342,"nama":"KLIA","pdk_thn":440,"luas_h":12780.2,"kpdt":0,"unj_2025":0,"unj_2030":0,"unj_2035":0,"e_blok":"1007D017","pop_share":0.001355577,"recy_annual_t":12.2},"geometry":{"type":"Polygon","coordinates":[[[101.68235,2.8144],[101.68312,2.81377],[101.68488,2.81267],[101.68648,2.81079],[101.68733,2.80995],[101.69098,2.80499],[101.69245,2.80283],[101.69362,2.80049],[101.69395,2.79972],[101.69532,2.7966],[101.69535,2.79651],[101.69586,2.79506],[101.6963,2.79356],[101.69643,2.79296],[101.69686,2.79224],[101.6972,2.79156],[101.69733,2.79132],[101.69739,2.79122],[101.69757,2.79087],[101.69767,2.79071],[101.69779,2.79057],[101.69789,2.79049],[101.69799,2.79042],[101.69808,2.79037],[101.6981,2.79035],[101.69819,2.79029],[101.69828,2.79025],[101.69838,2.7902],[101.69848,2.79017],[101.69858,2.79014],[101.69869,2.79011],[101.69877,2.7901],[101.69878,2.79009],[101.6989,2.79007],[101.69903,2.79006],[101.69915,2.79006],[101.69927,2.79006],[101.69944,2.79005],[101.69961,2.79005],[101.6998,2.78981],[101.69997,2.7896],[101.70006,2.78954],[101.70014,2.78948],[101.70021,2.78942],[101.70028,2.78935],[101.70035,2.78927],[101.70041,2.7892],[101.70047,2.78911],[101.70052,2.78903],[101.70069,2.78879],[101.70079,2.78863],[101.70092,2.78842],[101.70102,2.78824],[101.70127,2.78779],[101.70207,2.78586],[101.7021,2.78577],[101.70296,2.7836],[101.70358,2.7821],[101.70401,2.78094],[101.70409,2.78052],[101.7042,2.78007],[101.70434,2.77975],[101.70453,2.77941],[101.70495,2.77871],[101.70509,2.77858],[101.70517,2.7785],[101.70589,2.77795],[101.70645,2.77761],[101.70788,2.77718],[101.70975,2.77693],[101.71319,2.77672],[101.71441,2.77676],[101.71513,2.77704],[101.71795,2.77837],[101.71855,2.77867],[101.71934,2.77908],[101.72065,2.77989],[101.72241,2.78091],[101.72391,2.78178],[101.72488,2.78238],[101.72556,2.78286],[101.7261,2.7834],[101.72666,2.78417],[101.7285,2.78745],[101.72887,2.78764],[101.72966,2.78812],[101.73078,2.78884],[101.732,2.78927],[101.73281,2.78945],[101.73357,2.78961],[101.73459,2.78974],[101.73491,2.78968],[101.73585,2.78935],[101.73618,2.78923],[101.73656,2.78924],[101.73664,2.78924],[101.73767,2.78926],[101.73783,2.78931],[101.7384,2.78949],[101.73907,2.78972],[101.73944,2.7897],[101.73975,2.78969],[101.74,2.78955],[101.74018,2.78945],[101.74307,2.78725],[101.7434,2.78698],[101.74374,2.78669],[101.74448,2.78676],[101.74455,2.78677],[101.74544,2.78675],[101.74568,2.78676],[101.7472,2.78682],[101.748,2.78686],[101.74823,2.78686],[101.74832,2.78685],[101.7484,2.78684],[101.74848,2.78684],[101.74856,2.78684],[101.74865,2.78685],[101.74869,2.78686],[101.74873,2.78687],[101.74881,2.78689],[101.74882,2.7869],[101.74888,2.78692],[101.74895,2.78693],[101.74901,2.78693],[101.74902,2.78693],[101.74908,2.78692],[101.74919,2.78689],[101.74919,2.78689],[101.7492,2.78689],[101.74921,2.78688],[101.74928,2.78687],[101.74935,2.78687],[101.74943,2.78687],[101.7495,2.78687],[101.7497,2.7869],[101.74989,2.78692],[101.75009,2.78694],[101.75028,2.78694],[101.75033,2.78695],[101.75034,2.78695],[101.7504,2.78695],[101.75045,2.78695],[101.75051,2.78693],[101.75057,2.78693],[101.75064,2.78692],[101.7507,2.78693],[101.75076,2.78694],[101.75082,2.78695],[101.75088,2.78697],[101.75095,2.78699],[101.75101,2.787],[101.75108,2.787],[101.7512,2.78703],[101.7513,2.78706],[101.75139,2.78709],[101.75149,2.78713],[101.7515,2.78713],[101.75158,2.78717],[101.75169,2.78695],[101.75194,2.78619],[101.75196,2.78576],[101.75189,2.78535],[101.75172,2.78502],[101.75163,2.78482],[101.75141,2.78445],[101.75013,2.78409],[101.74992,2.78401],[101.74896,2.78432],[101.74875,2.7844],[101.74958,2.78164],[101.74864,2.78115],[101.74911,2.77977],[101.74945,2.77874],[101.74956,2.77841],[101.74966,2.778],[101.74431,2.77788],[101.7446,2.77726],[101.74457,2.77675],[101.74383,2.7761],[101.74383,2.77568],[101.74261,2.77441],[101.74208,2.77438],[101.7416,2.77476],[101.74011,2.77431],[101.73949,2.77387],[101.73833,2.77414],[101.73767,2.77431],[101.73741,2.77542],[101.73494,2.77542],[101.73494,2.76721],[101.74063,2.76728],[101.74529,2.76354],[101.74568,2.76176],[101.74541,2.76],[101.74536,2.75967],[101.74529,2.7585],[101.74201,2.75624],[101.74174,2.75547],[101.74229,2.75594],[101.74275,2.75619],[101.74324,2.75632],[101.74358,2.75635],[101.74363,2.75634],[101.74393,2.75627],[101.74427,2.75616],[101.74453,2.75599],[101.7448,2.75576],[101.74503,2.75548],[101.74524,2.75505],[101.74533,2.75471],[101.74535,2.75425],[101.74534,2.75363],[101.74553,2.75364],[101.75177,2.75424],[101.75185,2.75427],[101.75161,2.75301],[101.75198,2.75204],[101.75223,2.75121],[101.75276,2.75031],[101.75367,2.74883],[101.75457,2.74772],[101.75567,2.74605],[101.75596,2.74528],[101.75629,2.74359],[101.75626,2.74246],[101.7561,2.74126],[101.7561,2.74124],[101.75611,2.74125],[101.7561,2.74116],[101.75607,2.74061],[101.75848,2.74152],[101.7597,2.74199],[101.76069,2.72538],[101.76094,2.72293],[101.76101,2.72265],[101.76167,2.71212],[101.76184,2.70939],[101.76208,2.70551],[101.75714,2.70576],[101.75687,2.70484],[101.7569,2.70437],[101.75706,2.70353],[101.75582,2.70356],[101.75475,2.70373],[101.75447,2.7041],[101.7542,2.70414],[101.75381,2.70396],[101.75345,2.70397],[101.75302,2.70409],[101.74765,2.70241],[101.74712,2.70192],[101.74662,2.70149],[101.74643,2.70153],[101.74606,2.70075],[101.74574,2.70069],[101.74544,2.70064],[101.74529,2.70031],[101.74499,2.70006],[101.7441,2.69949],[101.74378,2.69976],[101.74319,2.70103],[101.74266,2.7019],[101.74231,2.70255],[101.742,2.70325],[101.74166,2.70319],[101.74156,2.70289],[101.74132,2.70175],[101.74115,2.70129],[101.74082,2.70097],[101.74057,2.70078],[101.73993,2.70063],[101.73898,2.70059],[101.73837,2.70085],[101.73792,2.70094],[101.73778,2.70081],[101.73765,2.70017],[101.73716,2.69918],[101.73678,2.69892],[101.73616,2.69822],[101.73587,2.69791],[101.73535,2.69814],[101.73495,2.69861],[101.73459,2.69883],[101.73407,2.69892],[101.73332,2.69974],[101.72994,2.69393],[101.72895,2.69202],[101.72862,2.69129],[101.72844,2.69102],[101.72831,2.68945],[101.72813,2.68897],[101.72776,2.68857],[101.72727,2.6882],[101.72673,2.68802],[101.72621,2.68792],[101.72592,2.68785],[101.72569,2.68779],[101.72484,2.68859],[101.72102,2.69429],[101.72046,2.69441],[101.72004,2.6949],[101.71986,2.69543],[101.71989,2.69599],[101.71983,2.69677],[101.71971,2.697],[101.71949,2.69721],[101.71926,2.69724],[101.71908,2.69724],[101.71835,2.69828],[101.71711,2.69906],[101.71003,2.68646],[101.70731,2.68162],[101.70726,2.68153],[101.70634,2.68015],[101.70376,2.68646],[101.70178,2.69128],[101.69175,2.69129],[101.66962,2.70388],[101.65324,2.7132],[101.6531,2.71333],[101.6531,2.71388],[101.65208,2.71385],[101.64148,2.72],[101.63904,2.72144],[101.63302,2.72492],[101.63308,2.72764],[101.63314,2.73002],[101.63325,2.73814],[101.63333,2.74538],[101.63329,2.75079],[101.63326,2.75542],[101.63326,2.75632],[101.63572,2.75935],[101.63828,2.76249],[101.64078,2.76552],[101.64507,2.77059],[101.65447,2.78171],[101.66436,2.793],[101.68235,2.8144]]]}},{"type":"Feature","properties":{"fid":343,"nama":"Pinggiran Cyberjaya","pdk_thn":784,"luas_h":411.72,"kpdt":2,"unj_2025":0,"unj_2030":0,"unj_2035":0,"e_blok":"1007A055","pop_share":0.002415392,"recy_annual_t":21.739},"geometry":{"type":"Polygon","coordinates":[[[101.62571,2.95323],[101.62573,2.95324],[101.62579,2.95327],[101.62583,2.95329],[101.62695,2.9538],[101.6271,2.95395],[101.62751,2.95437],[101.62751,2.95437],[101.6276,2.95451],[101.62796,2.95509],[101.62867,2.95622],[101.62872,2.95629],[101.62881,2.95644],[101.62902,2.95678],[101.62947,2.95753],[101.62948,2.95754],[101.62954,2.9576],[101.62959,2.95767],[101.62959,2.95769],[101.63095,2.95913],[101.63096,2.95914],[101.6318,2.96057],[101.63197,2.96086],[101.63202,2.96091],[101.63203,2.96091],[101.63208,2.96093],[101.63213,2.96095],[101.63218,2.96098],[101.63222,2.96111],[101.63237,2.96126],[101.6329,2.96188],[101.63295,2.962],[101.63304,2.9622],[101.63311,2.9622],[101.63925,2.9622],[101.63925,2.96254],[101.63925,2.96254],[101.63924,2.96254],[101.63924,2.96274],[101.63997,2.96274],[101.64133,2.9627],[101.64167,2.96272],[101.64186,2.96277],[101.64192,2.96279],[101.64207,2.9628],[101.64206,2.96245],[101.64208,2.96216],[101.64207,2.9615],[101.6426,2.9615],[101.64276,2.96152],[101.64275,2.96195],[101.64275,2.96199],[101.64273,2.96213],[101.6428,2.96228],[101.64291,2.96233],[101.64341,2.96247],[101.64379,2.96257],[101.64412,2.96266],[101.6444,2.96274],[101.64449,2.96281],[101.64415,2.96317],[101.64536,2.96408],[101.64529,2.96413],[101.64502,2.96436],[101.64487,2.96454],[101.64477,2.96472],[101.64473,2.96483],[101.64472,2.96496],[101.64473,2.96548],[101.64476,2.9658],[101.64482,2.96615],[101.64487,2.96646],[101.64493,2.96665],[101.64529,2.96754],[101.6454,2.96779],[101.64545,2.96792],[101.64554,2.9681],[101.64571,2.96836],[101.64591,2.96864],[101.64615,2.96897],[101.64632,2.96924],[101.64652,2.96907],[101.6477,2.96809],[101.64824,2.96808],[101.64809,2.96904],[101.64876,2.96904],[101.65062,2.96903],[101.65065,2.96857],[101.65077,2.96811],[101.65083,2.96799],[101.65092,2.96778],[101.65096,2.96753],[101.65113,2.96735],[101.65146,2.96722],[101.65172,2.96715],[101.65177,2.96706],[101.65183,2.9669],[101.6521,2.96681],[101.65267,2.96682],[101.65346,2.96679],[101.65465,2.96688],[101.65472,2.96659],[101.65478,2.96658],[101.65483,2.96657],[101.65487,2.96631],[101.65482,2.96599],[101.65496,2.96601],[101.65475,2.96522],[101.65468,2.96465],[101.65455,2.96417],[101.65456,2.96417],[101.65485,2.96386],[101.65593,2.96336],[101.65595,2.96334],[101.65564,2.96284],[101.65538,2.9624],[101.65525,2.96214],[101.65491,2.96142],[101.65488,2.96135],[101.6546,2.96063],[101.65452,2.9604],[101.65428,2.95961],[101.65422,2.95936],[101.65399,2.95919],[101.65334,2.95862],[101.65302,2.95831],[101.65283,2.95777],[101.65289,2.95732],[101.65289,2.95707],[101.65273,2.95694],[101.65255,2.95695],[101.6524,2.95686],[101.65229,2.9568],[101.6523,2.95572],[101.65218,2.9555],[101.65219,2.9551],[101.65224,2.95365],[101.65222,2.95176],[101.65221,2.95001],[101.65221,2.94989],[101.65219,2.94852],[101.65219,2.94824],[101.65167,2.94824],[101.65021,2.94823],[101.64866,2.94818],[101.64824,2.9482],[101.64796,2.94823],[101.64797,2.94884],[101.6476,2.94964],[101.64649,2.94967],[101.64656,2.95098],[101.64464,2.95103],[101.63916,2.95102],[101.6386,2.95139],[101.637,2.95164],[101.62778,2.95192],[101.62773,2.95198],[101.62652,2.95202],[101.62647,2.95213],[101.62635,2.95206],[101.62627,2.95201],[101.62634,2.95208],[101.62592,2.95278],[101.62571,2.95323]]]}},{"type":"Feature","properties":{"fid":344,"nama":"Sungai Pelek","pdk_thn":1169,"luas_h":33.83,"kpdt":35,"unj_2025":0,"unj_2030":0,"unj_2035":0,"e_blok":"1007D019","pop_share":0.003601522,"recy_annual_t":32.414},"geometry":{"type":"Polygon","coordinates":[[[101.75185,2.6869],[101.75263,2.68523],[101.75238,2.68516],[101.75237,2.68539],[101.75222,2.6856],[101.7516,2.68518],[101.75141,2.68467],[101.75141,2.68467],[101.75136,2.68476],[101.75131,2.68485],[101.75125,2.68494],[101.75119,2.68503],[101.75112,2.68511],[101.75105,2.68519],[101.75034,2.68608],[101.75023,2.68618],[101.75014,2.68627],[101.75013,2.68627],[101.74997,2.68599],[101.74996,2.68597],[101.74993,2.68595],[101.74971,2.68568],[101.74866,2.68456],[101.74803,2.68386],[101.7476,2.68343],[101.74745,2.68364],[101.7473,2.68384],[101.74714,2.68404],[101.74698,2.68424],[101.74682,2.68443],[101.74665,2.68462],[101.74647,2.6848],[101.74629,2.68498],[101.74551,2.68788],[101.74558,2.68804],[101.74563,2.6882],[101.74569,2.68836],[101.74573,2.68852],[101.74577,2.68869],[101.7458,2.68886],[101.74591,2.68892],[101.74781,2.68956],[101.74781,2.68957],[101.74836,2.68982],[101.74997,2.69058],[101.75022,2.68955],[101.75038,2.68884],[101.75043,2.68874],[101.7505,2.68869],[101.75083,2.68861],[101.75157,2.68846],[101.7515,2.68808],[101.75155,2.68766],[101.75185,2.6869]]]}}]}